entidad_norm,periodo,calificacion_mes_num,n_agencias,agencias,calificacion_mes_letra
ACCESO CREDITICIO,2014 - SEPTIEMBRE,3.0,1,Moodys Local PE Clasificadora de Riesgo,C
ACCESO CREDITICIO,2015 - MARZO,3.0,1,Moodys Local PE Clasificadora de Riesgo,C
ACCESO CREDITICIO,2015 - SEPTIEMBRE,3.0,1,Moodys Local PE Clasificadora de Riesgo,C
ACCESO CREDITICIO,2016 - MARZO,3.0,1,Moodys Local PE Clasificadora de Riesgo,C
ACCESO CREDITICIO,2016 - SEPTIEMBRE,3.0,1,Moodys Local PE Clasificadora de Riesgo,C
ACCESO CREDITICIO,2017 - MARZO,6.0,1,Apoyo y Asociados Internacionales,B
ACCESO CREDITICIO,2017 - SEPTIEMBRE,6.0,1,Apoyo y Asociados Internacionales,B
ACCESO CREDITICIO,2018 - SEPTIEMBRE,6.0,1,Apoyo y Asociados Internacionales,B
ACCESO CREDITICIO,2019 - MARZO,6.0,1,Apoyo y Asociados Internacionales,B
ACCESO CREDITICIO,2019 - SEPTIEMBRE,6.0,1,Apoyo y Asociados Internacionales,B
ACCESO CREDITICIO,2020 - SEPTIEMBRE,5.0,1,Apoyo y Asociados Internacionales,B-
ACCESO CREDITICIO,2021 - MARZO,5.0,1,Apoyo y Asociados Internacionales,B-
ACCESO CREDITICIO,2021 - SEPTIEMBRE,4.0,1,Apoyo y Asociados Internacionales,C+
ACCESO CREDITICIO,2022 - MARZO,5.0,1,PCR (Pacific Credit Rating),B-
ACCESO CREDITICIO,2022 - SEPTIEMBRE,5.0,1,PCR (Pacific Credit Rating),B-
AGROBANCO,2012 - SEPTIEMBRE,7.0,2,"Apoyo y Asociados Internacionales, Moodys Local PE Clasificadora de Riesgo",B+
AGROBANCO,2013 - MARZO,7.0,2,"Apoyo y Asociados Internacionales, Moodys Local PE Clasificadora de Riesgo",B+
AGROBANCO,2013 - SEPTIEMBRE,7.5,2,"Apoyo y Asociados Internacionales, Moodys Local PE Clasificadora de Riesgo",A-
AGROBANCO,2014 - MARZO,8.0,2,"Apoyo y Asociados Internacionales, Moodys Local PE Clasificadora de Riesgo",A-
AGROBANCO,2014 - SEPTIEMBRE,8.0,2,"Apoyo y Asociados Internacionales, Moodys Local PE Clasificadora de Riesgo",A-
AGROBANCO,2015 - MARZO,8.0,2,"Apoyo y Asociados Internacionales, Moodys Local PE Clasificadora de Riesgo",A-
AGROBANCO,2015 - SEPTIEMBRE,8.0,2,"Apoyo y Asociados Internacionales, Moodys Local PE Clasificadora de Riesgo",A-
AGROBANCO,2016 - MARZO,8.0,2,"Apoyo y Asociados Internacionales, Moodys Local PE Clasificadora de Riesgo",A-
AGROBANCO,2016 - SEPTIEMBRE,7.5,2,"Apoyo y Asociados Internacionales, Moodys Local PE Clasificadora de Riesgo",A-
AGROBANCO,2017 - MARZO,7.5,2,"Apoyo y Asociados Internacionales, Moodys Local PE Clasificadora de Riesgo",A-
AGROBANCO,2017 - SEPTIEMBRE,7.0,2,"Apoyo y Asociados Internacionales, Moodys Local PE Clasificadora de Riesgo",B+
AGROBANCO,2018 - SEPTIEMBRE,6.0,1,Apoyo y Asociados Internacionales,B
AGROBANCO,2019 - SEPTIEMBRE,6.0,1,Apoyo y Asociados Internacionales,B
AGROBANCO,2020 - MARZO,6.0,1,Apoyo y Asociados Internacionales,B
AGROBANCO,2020 - SEPTIEMBRE,6.0,1,Apoyo y Asociados Internacionales,B
AGROBANCO,2021 - MARZO,6.0,1,Apoyo y Asociados Internacionales,B
AGROBANCO,2021 - SEPTIEMBRE,6.0,1,Apoyo y Asociados Internacionales,B
AGROBANCO,2022 - MARZO,6.0,1,Apoyo y Asociados Internacionales,B
AGROBANCO,2022 - SEPTIEMBRE,6.0,1,Apoyo y Asociados Internacionales,B
AGROBANCO,2023 - MARZO,5.5,2,"Apoyo y Asociados Internacionales, Microrate",B
AGROBANCO,2023 - SEPTIEMBRE,6.0,1,Apoyo y Asociados Internacionales,B
AGROBANCO,2024 - MARZO,6.0,1,Apoyo y Asociados Internacionales,B
AGROBANCO,2024 - SEPTIEMBRE,7.0,1,Apoyo y Asociados Internacionales,B+
AGROBANCO,2025 - MARZO,7.0,1,Apoyo y Asociados Internacionales,B+
AGROBANCO,2025 - SEPTIEMBRE,7.0,1,Apoyo y Asociados Internacionales,B+
AGROBANCO,2026 - MARZO,7.0,1,Apoyo y Asociados Internacionales,B+
ALFIN BANCO,2012 - MARZO,5.5,2,"Apoyo y Asociados Internacionales, Moodys Local PE Clasificadora de Riesgo",B
ALFIN BANCO,2012 - SEPTIEMBRE,5.5,2,"Apoyo y Asociados Internacionales, Moodys Local PE Clasificadora de Riesgo",B
ALFIN BANCO,2013 - MARZO,5.5,2,"Apoyo y Asociados Internacionales, Moodys Local PE Clasificadora de Riesgo",B
ALFIN BANCO,2013 - SEPTIEMBRE,5.666666666666667,3,"Apoyo y Asociados Internacionales, Class y Asociados S.A., Moodys Local PE Clasificadora de Riesgo",B
ALFIN BANCO,2014 - MARZO,6.0,2,"Class y Asociados S.A., Moodys Local PE Clasificadora de Riesgo",B
ALFIN BANCO,2014 - SEPTIEMBRE,6.0,2,"Class y Asociados S.A., Moodys Local PE Clasificadora de Riesgo",B
ALFIN BANCO,2015 - MARZO,6.0,2,"Class y Asociados S.A., Moodys Local PE Clasificadora de Riesgo",B
ALFIN BANCO,2015 - SEPTIEMBRE,5.0,2,"Class y Asociados S.A., Moodys Local PE Clasificadora de Riesgo",B-
ALFIN BANCO,2016 - MARZO,5.0,2,"Class y Asociados S.A., Moodys Local PE Clasificadora de Riesgo",B-
ALFIN BANCO,2016 - SEPTIEMBRE,5.0,2,"Class y Asociados S.A., Moodys Local PE Clasificadora de Riesgo",B-
ALFIN BANCO,2017 - MARZO,5.0,2,"Class y Asociados S.A., Moodys Local PE Clasificadora de Riesgo",B-
ALFIN BANCO,2017 - SEPTIEMBRE,5.0,2,"Class y Asociados S.A., Moodys Local PE Clasificadora de Riesgo",B-
ALFIN BANCO,2018 - MARZO,5.0,2,"Class y Asociados S.A., Moodys Local PE Clasificadora de Riesgo",B-
ALFIN BANCO,2018 - SEPTIEMBRE,5.0,2,"Class y Asociados S.A., Moodys Local PE Clasificadora de Riesgo",B-
ALFIN BANCO,2019 - MARZO,5.0,2,"Class y Asociados S.A., Moodys Local PE Clasificadora de Riesgo",B-
ALFIN BANCO,2019 - SEPTIEMBRE,5.0,2,"Class y Asociados S.A., Moodys Local PE Clasificadora de Riesgo",B-
ALFIN BANCO,2020 - MARZO,5.0,2,"Class y Asociados S.A., Moodys Local PE Clasificadora de Riesgo",B-
ALFIN BANCO,2020 - SEPTIEMBRE,5.0,2,"Class y Asociados S.A., Moodys Local PE Clasificadora de Riesgo",B-
ALFIN BANCO,2021 - MARZO,5.0,2,"Class y Asociados S.A., Moodys Local PE Clasificadora de Riesgo",B-
ALFIN BANCO,2021 - SEPTIEMBRE,4.666666666666667,3,"Class y Asociados S.A., JCR Latino America, Moodys Local PE Clasificadora de Riesgo",B-
ALFIN BANCO,2022 - MARZO,3.6666666666666665,3,"Class y Asociados S.A., JCR Latino America, Moodys Local PE Clasificadora de Riesgo",C+
ALFIN BANCO,2022 - SEPTIEMBRE,3.5,2,"Class y Asociados S.A., JCR Latino America",C+
ALFIN BANCO,2023 - MARZO,5.5,2,"JCR Latino America, PCR (Pacific Credit Rating)",B
ALFIN BANCO,2023 - SEPTIEMBRE,7.0,2,"JCR Latino America, PCR (Pacific Credit Rating)",B+
ALFIN BANCO,2024 - MARZO,7.0,2,"JCR Latino America, PCR (Pacific Credit Rating)",B+
ALFIN BANCO,2024 - SEPTIEMBRE,7.0,2,"JCR Latino America, PCR (Pacific Credit Rating)",B+
ALFIN BANCO,2025 - MARZO,7.0,2,"JCR Latino America, PCR (Pacific Credit Rating)",B+
ALFIN BANCO,2025 - SEPTIEMBRE,7.0,2,"JCR Latino America, PCR (Pacific Credit Rating)",B+
ALFIN BANCO,2026 - MARZO,7.5,2,"JCR Latino America, PCR (Pacific Credit Rating)",A-
AMERIKA FINANC. EL,2012 - MARZO,7.0,2,"Class y Asociados S.A., Moodys Local PE Clasificadora de Riesgo",B+
AMERIKA FINANC. EL,2012 - SEPTIEMBRE,7.0,2,"Class y Asociados S.A., Moodys Local PE Clasificadora de Riesgo",B+
AMERIKA FINANC. EL,2013 - MARZO,6.0,2,"Class y Asociados S.A., Moodys Local PE Clasificadora de Riesgo",B
AMERIKA FINANC. EL,2013 - SEPTIEMBRE,6.0,2,"Class y Asociados S.A., Moodys Local PE Clasificadora de Riesgo",B
AMERIKA FINANC. EL,2014 - MARZO,6.0,2,"Class y Asociados S.A., Moodys Local PE Clasificadora de Riesgo",B
AMERIKA FINANC. EL,2014 - SEPTIEMBRE,6.0,2,"Class y Asociados S.A., Moodys Local PE Clasificadora de Riesgo",B
AMERIKA FINANC. EL,2015 - MARZO,6.0,2,"Class y Asociados S.A., Moodys Local PE Clasificadora de Riesgo",B
AMERIKA FINANC. EL,2015 - SEPTIEMBRE,6.0,2,"Class y Asociados S.A., Moodys Local PE Clasificadora de Riesgo",B
AMERIKA FINANC. EL,2016 - MARZO,6.0,2,"Class y Asociados S.A., Moodys Local PE Clasificadora de Riesgo",B
AMERIKA FINANC. EL,2016 - SEPTIEMBRE,5.5,2,"Class y Asociados S.A., Moodys Local PE Clasificadora de Riesgo",B
AMERIKA FINANC. EL,2017 - MARZO,5.0,2,"Class y Asociados S.A., Moodys Local PE Clasificadora de Riesgo",B-
AMERIKA FINANC. EL,2017 - SEPTIEMBRE,5.0,2,"Class y Asociados S.A., Moodys Local PE Clasificadora de Riesgo",B-
AMERIKA FINANC. EL,2018 - MARZO,5.0,2,"Class y Asociados S.A., Moodys Local PE Clasificadora de Riesgo",B-
AMERIKA FINANC. EL,2018 - SEPTIEMBRE,6.0,1,Class y Asociados S.A.,B
AMERIKA FINANC. EL,2019 - MARZO,6.0,1,Class y Asociados S.A.,B
AMERIKA FINANC. EL,2019 - SEPTIEMBRE,6.0,1,Class y Asociados S.A.,B
AMERIKA FINANC. EL,2020 - MARZO,5.0,1,Class y Asociados S.A.,B-
AMERIKA FINANC. EL,2020 - SEPTIEMBRE,5.0,1,Class y Asociados S.A.,B-
AMERIKA FINANC. EL,2021 - MARZO,5.0,1,Class y Asociados S.A.,B-
AMERIKA FINANC. EL,2021 - SEPTIEMBRE,5.0,1,Class y Asociados S.A.,B-
AMERIKA FINANC. EL,2022 - MARZO,5.0,1,Class y Asociados S.A.,B-
AMERIKA FINANC. EL,2022 - SEPTIEMBRE,5.0,1,Class y Asociados S.A.,B-
AUGUSTAR SEGUROS,2014 - SEPTIEMBRE,8.0,2,"Apoyo y Asociados Internacionales, PCR (Pacific Credit Rating)",A-
AUGUSTAR SEGUROS,2015 - MARZO,8.0,2,"Apoyo y Asociados Internacionales, PCR (Pacific Credit Rating)",A-
AUGUSTAR SEGUROS,2015 - SEPTIEMBRE,8.0,2,"Apoyo y Asociados Internacionales, PCR (Pacific Credit Rating)",A-
AUGUSTAR SEGUROS,2016 - MARZO,8.0,2,"Apoyo y Asociados Internacionales, PCR (Pacific Credit Rating)",A-
AUGUSTAR SEGUROS,2016 - SEPTIEMBRE,8.0,2,"Apoyo y Asociados Internacionales, PCR (Pacific Credit Rating)",A-
AUGUSTAR SEGUROS,2017 - MARZO,8.0,2,"Apoyo y Asociados Internacionales, PCR (Pacific Credit Rating)",A-
AUGUSTAR SEGUROS,2017 - SEPTIEMBRE,8.0,2,"Apoyo y Asociados Internacionales, PCR (Pacific Credit Rating)",A-
AUGUSTAR SEGUROS,2018 - MARZO,8.0,2,"Apoyo y Asociados Internacionales, PCR (Pacific Credit Rating)",A-
AUGUSTAR SEGUROS,2018 - SEPTIEMBRE,8.0,2,"Apoyo y Asociados Internacionales, PCR (Pacific Credit Rating)",A-
AUGUSTAR SEGUROS,2019 - MARZO,8.0,2,"Apoyo y Asociados Internacionales, PCR (Pacific Credit Rating)",A-
AUGUSTAR SEGUROS,2019 - SEPTIEMBRE,8.0,2,"Apoyo y Asociados Internacionales, PCR (Pacific Credit Rating)",A-
AUGUSTAR SEGUROS,2020 - MARZO,8.0,2,"Apoyo y Asociados Internacionales, PCR (Pacific Credit Rating)",A-
AUGUSTAR SEGUROS,2020 - SEPTIEMBRE,8.0,2,"Apoyo y Asociados Internacionales, PCR (Pacific Credit Rating)",A-
AUGUSTAR SEGUROS,2021 - MARZO,8.0,2,"Apoyo y Asociados Internacionales, PCR (Pacific Credit Rating)",A-
AUGUSTAR SEGUROS,2021 - SEPTIEMBRE,8.0,2,"Apoyo y Asociados Internacionales, PCR (Pacific Credit Rating)",A-
AUGUSTAR SEGUROS,2022 - MARZO,8.0,2,"Apoyo y Asociados Internacionales, PCR (Pacific Credit Rating)",A-
AUGUSTAR SEGUROS,2022 - SEPTIEMBRE,8.0,2,"Apoyo y Asociados Internacionales, PCR (Pacific Credit Rating)",A-
AUGUSTAR SEGUROS,2023 - MARZO,8.0,2,"Apoyo y Asociados Internacionales, PCR (Pacific Credit Rating)",A-
AUGUSTAR SEGUROS,2023 - SEPTIEMBRE,8.0,2,"Apoyo y Asociados Internacionales, PCR (Pacific Credit Rating)",A-
AUGUSTAR SEGUROS,2024 - MARZO,8.0,2,"Apoyo y Asociados Internacionales, PCR (Pacific Credit Rating)",A-
AUGUSTAR SEGUROS,2024 - SEPTIEMBRE,8.0,2,"Apoyo y Asociados Internacionales, PCR (Pacific Credit Rating)",A-
AUGUSTAR SEGUROS,2025 - MARZO,8.0,2,"Apoyo y Asociados Internacionales, PCR (Pacific Credit Rating)",A-
AUGUSTAR SEGUROS,2025 - SEPTIEMBRE,8.0,2,"Apoyo y Asociados Internacionales, PCR (Pacific Credit Rating)",A-
AUGUSTAR SEGUROS,2026 - MARZO,8.0,2,"Apoyo y Asociados Internacionales, PCR (Pacific Credit Rating)",A-
AVLA PERÚ,2016 - SEPTIEMBRE,7.0,2,"Class y Asociados S.A., PCR (Pacific Credit Rating)",B+
AVLA PERÚ,2017 - MARZO,7.0,2,"Class y Asociados S.A., PCR (Pacific Credit Rating)",B+
AVLA PERÚ,2017 - SEPTIEMBRE,7.0,2,"Class y Asociados S.A., PCR (Pacific Credit Rating)",B+
AVLA PERÚ,2018 - MARZO,7.5,2,"Class y Asociados S.A., PCR (Pacific Credit Rating)",A-
AVLA PERÚ,2018 - SEPTIEMBRE,8.0,2,"Class y Asociados S.A., PCR (Pacific Credit Rating)",A-
AVLA PERÚ,2019 - MARZO,8.0,2,"Class y Asociados S.A., PCR (Pacific Credit Rating)",A-
AVLA PERÚ,2019 - SEPTIEMBRE,8.0,2,"Class y Asociados S.A., PCR (Pacific Credit Rating)",A-
AVLA PERÚ,2020 - MARZO,8.0,2,"Class y Asociados S.A., PCR (Pacific Credit Rating)",A-
AVLA PERÚ,2020 - SEPTIEMBRE,8.0,2,"Class y Asociados S.A., PCR (Pacific Credit Rating)",A-
AVLA PERÚ,2021 - MARZO,8.0,2,"Class y Asociados S.A., PCR (Pacific Credit Rating)",A-
AVLA PERÚ,2021 - SEPTIEMBRE,8.0,2,"Class y Asociados S.A., PCR (Pacific Credit Rating)",A-
AVLA PERÚ,2022 - MARZO,8.0,2,"Class y Asociados S.A., PCR (Pacific Credit Rating)",A-
AVLA PERÚ,2022 - SEPTIEMBRE,8.5,2,"JCR Latino America, PCR (Pacific Credit Rating)",A-
AVLA PERÚ,2023 - MARZO,8.5,2,"JCR Latino America, PCR (Pacific Credit Rating)",A-
AVLA PERÚ,2023 - SEPTIEMBRE,8.5,2,"JCR Latino America, PCR (Pacific Credit Rating)",A-
AVLA PERÚ,2024 - MARZO,9.0,2,"JCR Latino America, PCR (Pacific Credit Rating)",A
AVLA PERÚ,2024 - SEPTIEMBRE,9.0,2,"JCR Latino America, PCR (Pacific Credit Rating)",A
AVLA PERÚ,2025 - MARZO,9.0,2,"JCR Latino America, PCR (Pacific Credit Rating)",A
AVLA PERÚ,2025 - SEPTIEMBRE,9.0,2,"JCR Latino America, PCR (Pacific Credit Rating)",A
AVLA PERÚ,2026 - MARZO,9.0,2,"JCR Latino America, PCR (Pacific Credit Rating)",A
BANBIF,2012 - MARZO,9.0,2,"Class y Asociados S.A., PCR (Pacific Credit Rating)",A
BANBIF,2012 - SEPTIEMBRE,9.0,2,"Class y Asociados S.A., PCR (Pacific Credit Rating)",A
BANBIF,2013 - MARZO,9.0,2,"Class y Asociados S.A., PCR (Pacific Credit Rating)",A
BANBIF,2013 - SEPTIEMBRE,9.0,2,"Class y Asociados S.A., PCR (Pacific Credit Rating)",A
BANBIF,2014 - MARZO,10.0,2,"Class y Asociados S.A., PCR (Pacific Credit Rating)",A+
BANBIF,2014 - SEPTIEMBRE,10.0,2,"Class y Asociados S.A., PCR (Pacific Credit Rating)",A+
BANBIF,2015 - MARZO,10.0,2,"Class y Asociados S.A., PCR (Pacific Credit Rating)",A+
BANBIF,2015 - SEPTIEMBRE,10.0,2,"Class y Asociados S.A., PCR (Pacific Credit Rating)",A+
BANBIF,2016 - MARZO,10.0,2,"Class y Asociados S.A., PCR (Pacific Credit Rating)",A+
BANBIF,2016 - SEPTIEMBRE,10.0,2,"Class y Asociados S.A., PCR (Pacific Credit Rating)",A+
BANBIF,2017 - MARZO,10.0,2,"Class y Asociados S.A., PCR (Pacific Credit Rating)",A+
BANBIF,2017 - SEPTIEMBRE,10.0,2,"Class y Asociados S.A., PCR (Pacific Credit Rating)",A+
BANBIF,2018 - MARZO,10.0,2,"Class y Asociados S.A., PCR (Pacific Credit Rating)",A+
BANBIF,2018 - SEPTIEMBRE,10.0,2,"Class y Asociados S.A., PCR (Pacific Credit Rating)",A+
BANBIF,2019 - MARZO,10.0,2,"Class y Asociados S.A., PCR (Pacific Credit Rating)",A+
BANBIF,2019 - SEPTIEMBRE,10.0,2,"Class y Asociados S.A., PCR (Pacific Credit Rating)",A+
BANBIF,2020 - MARZO,10.0,2,"Class y Asociados S.A., PCR (Pacific Credit Rating)",A+
BANBIF,2020 - SEPTIEMBRE,10.0,2,"Class y Asociados S.A., PCR (Pacific Credit Rating)",A+
BANBIF,2021 - MARZO,10.0,2,"Class y Asociados S.A., PCR (Pacific Credit Rating)",A+
BANBIF,2021 - SEPTIEMBRE,10.0,2,"Class y Asociados S.A., PCR (Pacific Credit Rating)",A+
BANBIF,2022 - MARZO,10.0,2,"Class y Asociados S.A., PCR (Pacific Credit Rating)",A+
BANBIF,2022 - SEPTIEMBRE,9.5,2,"Class y Asociados S.A., PCR (Pacific Credit Rating)",A+
BANBIF,2023 - MARZO,9.5,2,"Moodys Local PE Clasificadora de Riesgo, PCR (Pacific Credit Rating)",A+
BANBIF,2023 - SEPTIEMBRE,9.5,2,"Moodys Local PE Clasificadora de Riesgo, PCR (Pacific Credit Rating)",A+
BANBIF,2024 - MARZO,9.5,2,"Moodys Local PE Clasificadora de Riesgo, PCR (Pacific Credit Rating)",A+
BANBIF,2024 - SEPTIEMBRE,9.5,2,"Moodys Local PE Clasificadora de Riesgo, PCR (Pacific Credit Rating)",A+
BANBIF,2025 - MARZO,9.5,2,"Moodys Local PE Clasificadora de Riesgo, PCR (Pacific Credit Rating)",A+
BANBIF,2025 - SEPTIEMBRE,9.5,2,"Moodys Local PE Clasificadora de Riesgo, PCR (Pacific Credit Rating)",A+
BANBIF,2026 - MARZO,9.5,2,"Moodys Local PE Clasificadora de Riesgo, PCR (Pacific Credit Rating)",A+
BANCO BCI,2022 - SEPTIEMBRE,9.0,2,"Apoyo y Asociados Internacionales, Class y Asociados S.A.",A
BANCO BCI,2023 - MARZO,9.0,2,"Apoyo y Asociados Internacionales, Moodys Local PE Clasificadora de Riesgo",A
BANCO BCI,2023 - SEPTIEMBRE,9.0,2,"Apoyo y Asociados Internacionales, Moodys Local PE Clasificadora de Riesgo",A
BANCO BCI,2024 - MARZO,9.0,2,"Apoyo y Asociados Internacionales, Moodys Local PE Clasificadora de Riesgo",A
BANCO BCI,2024 - SEPTIEMBRE,9.0,2,"Apoyo y Asociados Internacionales, Moodys Local PE Clasificadora de Riesgo",A
BANCO BCI,2025 - MARZO,9.0,2,"Apoyo y Asociados Internacionales, Moodys Local PE Clasificadora de Riesgo",A
BANCO BCI,2025 - SEPTIEMBRE,9.0,2,"Apoyo y Asociados Internacionales, Moodys Local PE Clasificadora de Riesgo",A
BANCO BCI,2026 - MARZO,9.0,2,"Apoyo y Asociados Internacionales, Moodys Local PE Clasificadora de Riesgo",A
BANCO DE CREDITO,2012 - MARZO,10.0,2,"Apoyo y Asociados Internacionales, Moodys Local PE Clasificadora de Riesgo",A+
BANCO DE CREDITO,2012 - SEPTIEMBRE,10.0,2,"Apoyo y Asociados Internacionales, Moodys Local PE Clasificadora de Riesgo",A+
BANCO DE CREDITO,2013 - MARZO,10.0,2,"Apoyo y Asociados Internacionales, Moodys Local PE Clasificadora de Riesgo",A+
BANCO DE CREDITO,2013 - SEPTIEMBRE,10.0,2,"Apoyo y Asociados Internacionales, Moodys Local PE Clasificadora de Riesgo",A+
BANCO DE CREDITO,2014 - MARZO,10.0,2,"Apoyo y Asociados Internacionales, Moodys Local PE Clasificadora de Riesgo",A+
BANCO DE CREDITO,2014 - SEPTIEMBRE,10.0,2,"Apoyo y Asociados Internacionales, Moodys Local PE Clasificadora de Riesgo",A+
BANCO DE CREDITO,2015 - MARZO,10.0,2,"Apoyo y Asociados Internacionales, Moodys Local PE Clasificadora de Riesgo",A+
BANCO DE CREDITO,2015 - SEPTIEMBRE,10.0,2,"Apoyo y Asociados Internacionales, Moodys Local PE Clasificadora de Riesgo",A+
BANCO DE CREDITO,2016 - MARZO,10.0,2,"Apoyo y Asociados Internacionales, Moodys Local PE Clasificadora de Riesgo",A+
BANCO DE CREDITO,2016 - SEPTIEMBRE,10.0,2,"Apoyo y Asociados Internacionales, Moodys Local PE Clasificadora de Riesgo",A+
BANCO DE CREDITO,2017 - MARZO,10.0,2,"Apoyo y Asociados Internacionales, Moodys Local PE Clasificadora de Riesgo",A+
BANCO DE CREDITO,2017 - SEPTIEMBRE,10.0,2,"Apoyo y Asociados Internacionales, Moodys Local PE Clasificadora de Riesgo",A+
BANCO DE CREDITO,2018 - MARZO,10.0,2,"Apoyo y Asociados Internacionales, Moodys Local PE Clasificadora de Riesgo",A+
BANCO DE CREDITO,2018 - SEPTIEMBRE,10.0,2,"Apoyo y Asociados Internacionales, Moodys Local PE Clasificadora de Riesgo",A+
BANCO DE CREDITO,2019 - MARZO,10.0,2,"Apoyo y Asociados Internacionales, Moodys Local PE Clasificadora de Riesgo",A+
BANCO DE CREDITO,2019 - SEPTIEMBRE,10.0,2,"Apoyo y Asociados Internacionales, Moodys Local PE Clasificadora de Riesgo",A+
BANCO DE CREDITO,2020 - MARZO,10.0,2,"Apoyo y Asociados Internacionales, Moodys Local PE Clasificadora de Riesgo",A+
BANCO DE CREDITO,2020 - SEPTIEMBRE,10.0,2,"Apoyo y Asociados Internacionales, Moodys Local PE Clasificadora de Riesgo",A+
BANCO DE CREDITO,2021 - MARZO,10.0,2,"Apoyo y Asociados Internacionales, Moodys Local PE Clasificadora de Riesgo",A+
BANCO DE CREDITO,2021 - SEPTIEMBRE,10.0,2,"Apoyo y Asociados Internacionales, Moodys Local PE Clasificadora de Riesgo",A+
BANCO DE CREDITO,2022 - MARZO,10.0,2,"Apoyo y Asociados Internacionales, Moodys Local PE Clasificadora de Riesgo",A+
BANCO DE CREDITO,2022 - SEPTIEMBRE,10.0,2,"Apoyo y Asociados Internacionales, Moodys Local PE Clasificadora de Riesgo",A+
BANCO DE CREDITO,2023 - MARZO,10.0,2,"Apoyo y Asociados Internacionales, Moodys Local PE Clasificadora de Riesgo",A+
BANCO DE CREDITO,2023 - SEPTIEMBRE,10.0,2,"Apoyo y Asociados Internacionales, Moodys Local PE Clasificadora de Riesgo",A+
BANCO DE CREDITO,2024 - MARZO,10.0,2,"Apoyo y Asociados Internacionales, Moodys Local PE Clasificadora de Riesgo",A+
BANCO DE CREDITO,2024 - SEPTIEMBRE,10.0,2,"Apoyo y Asociados Internacionales, Moodys Local PE Clasificadora de Riesgo",A+
BANCO DE CREDITO,2025 - MARZO,10.0,2,"Apoyo y Asociados Internacionales, Moodys Local PE Clasificadora de Riesgo",A+
BANCO DE CREDITO,2025 - SEPTIEMBRE,10.0,2,"Apoyo y Asociados Internacionales, Moodys Local PE Clasificadora de Riesgo",A+
BANCO DE CREDITO,2026 - MARZO,10.0,3,"Apoyo y Asociados Internacionales, Moodys Local PE Clasificadora de Riesgo, PCR (Pacific Credit Rating)",A+
BANCO EFECTIVA,2012 - MARZO,6.5,2,"Class y Asociados S.A., Moodys Local PE Clasificadora de Riesgo",B
BANCO EFECTIVA,2012 - SEPTIEMBRE,6.5,2,"Class y Asociados S.A., Moodys Local PE Clasificadora de Riesgo",B
BANCO EFECTIVA,2013 - MARZO,6.5,2,"Class y Asociados S.A., Moodys Local PE Clasificadora de Riesgo",B
BANCO EFECTIVA,2013 - SEPTIEMBRE,6.666666666666667,3,"Apoyo y Asociados Internacionales, Class y Asociados S.A., Moodys Local PE Clasificadora de Riesgo",B+
BANCO EFECTIVA,2014 - MARZO,7.0,2,"Apoyo y Asociados Internacionales, Class y Asociados S.A.",B+
BANCO EFECTIVA,2014 - SEPTIEMBRE,7.0,2,"Apoyo y Asociados Internacionales, Class y Asociados S.A.",B+
BANCO EFECTIVA,2015 - MARZO,7.0,2,"Apoyo y Asociados Internacionales, Class y Asociados S.A.",B+
BANCO EFECTIVA,2015 - SEPTIEMBRE,7.0,2,"Apoyo y Asociados Internacionales, Class y Asociados S.A.",B+
BANCO EFECTIVA,2016 - MARZO,7.0,2,"Apoyo y Asociados Internacionales, Class y Asociados S.A.",B+
BANCO EFECTIVA,2016 - SEPTIEMBRE,7.0,2,"Apoyo y Asociados Internacionales, Class y Asociados S.A.",B+
BANCO EFECTIVA,2017 - MARZO,7.0,2,"Apoyo y Asociados Internacionales, Class y Asociados S.A.",B+
BANCO EFECTIVA,2017 - SEPTIEMBRE,7.0,2,"Apoyo y Asociados Internacionales, Class y Asociados S.A.",B+
BANCO EFECTIVA,2018 - MARZO,7.0,2,"Apoyo y Asociados Internacionales, Class y Asociados S.A.",B+
BANCO EFECTIVA,2018 - SEPTIEMBRE,7.0,2,"Apoyo y Asociados Internacionales, Class y Asociados S.A.",B+
BANCO EFECTIVA,2019 - MARZO,7.5,2,"Apoyo y Asociados Internacionales, Class y Asociados S.A.",A-
BANCO EFECTIVA,2019 - SEPTIEMBRE,8.0,2,"Class y Asociados S.A., PCR (Pacific Credit Rating)",A-
BANCO EFECTIVA,2020 - MARZO,8.0,2,"Class y Asociados S.A., PCR (Pacific Credit Rating)",A-
BANCO EFECTIVA,2020 - SEPTIEMBRE,8.0,2,"Class y Asociados S.A., PCR (Pacific Credit Rating)",A-
BANCO EFECTIVA,2021 - MARZO,8.0,2,"Class y Asociados S.A., PCR (Pacific Credit Rating)",A-
BANCO EFECTIVA,2021 - SEPTIEMBRE,8.0,2,"Class y Asociados S.A., PCR (Pacific Credit Rating)",A-
BANCO EFECTIVA,2022 - MARZO,8.0,2,"Class y Asociados S.A., PCR (Pacific Credit Rating)",A-
BANCO EFECTIVA,2022 - SEPTIEMBRE,8.333333333333334,3,"Class y Asociados S.A., JCR Latino America, PCR (Pacific Credit Rating)",A-
BANCO EFECTIVA,2023 - MARZO,8.333333333333334,3,"JCR Latino America, Moodys Local PE Clasificadora de Riesgo, PCR (Pacific Credit Rating)",A-
BANCO EFECTIVA,2023 - SEPTIEMBRE,8.333333333333334,3,"JCR Latino America, Moodys Local PE Clasificadora de Riesgo, PCR (Pacific Credit Rating)",A-
BANCO EFECTIVA,2024 - MARZO,8.333333333333334,3,"JCR Latino America, Moodys Local PE Clasificadora de Riesgo, PCR (Pacific Credit Rating)",A-
BANCO EFECTIVA,2024 - SEPTIEMBRE,8.333333333333334,3,"JCR Latino America, Moodys Local PE Clasificadora de Riesgo, PCR (Pacific Credit Rating)",A-
BANCO EFECTIVA,2025 - MARZO,8.333333333333334,3,"JCR Latino America, Moodys Local PE Clasificadora de Riesgo, PCR (Pacific Credit Rating)",A-
BANCO EFECTIVA,2025 - SEPTIEMBRE,8.333333333333334,3,"JCR Latino America, Moodys Local PE Clasificadora de Riesgo, PCR (Pacific Credit Rating)",A-
BANCO EFECTIVA,2026 - MARZO,8.333333333333334,3,"JCR Latino America, Moodys Local PE Clasificadora de Riesgo, PCR (Pacific Credit Rating)",A-
BANCO FALABELLA,2012 - MARZO,8.0,3,"Apoyo y Asociados Internacionales, Class y Asociados S.A., Moodys Local PE Clasificadora de Riesgo",A-
BANCO FALABELLA,2012 - SEPTIEMBRE,8.0,3,"Apoyo y Asociados Internacionales, Class y Asociados S.A., Moodys Local PE Clasificadora de Riesgo",A-
BANCO FALABELLA,2013 - MARZO,8.0,3,"Apoyo y Asociados Internacionales, Class y Asociados S.A., Moodys Local PE Clasificadora de Riesgo",A-
BANCO FALABELLA,2013 - SEPTIEMBRE,8.0,2,"Apoyo y Asociados Internacionales, Moodys Local PE Clasificadora de Riesgo",A-
BANCO FALABELLA,2014 - MARZO,8.0,2,"Apoyo y Asociados Internacionales, Moodys Local PE Clasificadora de Riesgo",A-
BANCO FALABELLA,2014 - SEPTIEMBRE,8.0,2,"Apoyo y Asociados Internacionales, Moodys Local PE Clasificadora de Riesgo",A-
BANCO FALABELLA,2015 - MARZO,8.0,2,"Apoyo y Asociados Internacionales, Moodys Local PE Clasificadora de Riesgo",A-
BANCO FALABELLA,2015 - SEPTIEMBRE,8.5,2,"Apoyo y Asociados Internacionales, Moodys Local PE Clasificadora de Riesgo",A-
BANCO FALABELLA,2016 - MARZO,8.5,2,"Apoyo y Asociados Internacionales, Moodys Local PE Clasificadora de Riesgo",A-
BANCO FALABELLA,2016 - SEPTIEMBRE,8.5,2,"Apoyo y Asociados Internacionales, Moodys Local PE Clasificadora de Riesgo",A-
BANCO FALABELLA,2017 - MARZO,8.666666666666666,3,"Apoyo y Asociados Internacionales, Class y Asociados S.A., Moodys Local PE Clasificadora de Riesgo",A
BANCO FALABELLA,2017 - SEPTIEMBRE,8.666666666666666,3,"Apoyo y Asociados Internacionales, Class y Asociados S.A., Moodys Local PE Clasificadora de Riesgo",A
BANCO FALABELLA,2018 - MARZO,8.333333333333334,3,"Apoyo y Asociados Internacionales, Class y Asociados S.A., Moodys Local PE Clasificadora de Riesgo",A-
BANCO FALABELLA,2018 - SEPTIEMBRE,8.5,2,"Class y Asociados S.A., Moodys Local PE Clasificadora de Riesgo",A-
BANCO FALABELLA,2019 - MARZO,8.333333333333334,3,"Apoyo y Asociados Internacionales, Class y Asociados S.A., Moodys Local PE Clasificadora de Riesgo",A-
BANCO FALABELLA,2019 - SEPTIEMBRE,8.333333333333334,3,"Apoyo y Asociados Internacionales, Class y Asociados S.A., Moodys Local PE Clasificadora de Riesgo",A-
BANCO FALABELLA,2020 - MARZO,8.5,2,"Apoyo y Asociados Internacionales, Class y Asociados S.A.",A-
BANCO FALABELLA,2020 - SEPTIEMBRE,8.5,2,"Apoyo y Asociados Internacionales, Class y Asociados S.A.",A-
BANCO FALABELLA,2021 - MARZO,8.0,2,"Apoyo y Asociados Internacionales, Class y Asociados S.A.",A-
BANCO FALABELLA,2021 - SEPTIEMBRE,8.0,2,"Apoyo y Asociados Internacionales, Class y Asociados S.A.",A-
BANCO FALABELLA,2022 - MARZO,8.0,2,"Apoyo y Asociados Internacionales, Class y Asociados S.A.",A-
BANCO FALABELLA,2022 - SEPTIEMBRE,8.0,2,"Apoyo y Asociados Internacionales, Class y Asociados S.A.",A-
BANCO FALABELLA,2023 - MARZO,8.0,2,"Apoyo y Asociados Internacionales, Moodys Local PE Clasificadora de Riesgo",A-
BANCO FALABELLA,2023 - SEPTIEMBRE,8.0,2,"Apoyo y Asociados Internacionales, Moodys Local PE Clasificadora de Riesgo",A-
BANCO FALABELLA,2024 - MARZO,8.0,2,"Apoyo y Asociados Internacionales, Moodys Local PE Clasificadora de Riesgo",A-
BANCO FALABELLA,2024 - SEPTIEMBRE,8.0,2,"Apoyo y Asociados Internacionales, Moodys Local PE Clasificadora de Riesgo",A-
BANCO FALABELLA,2025 - MARZO,8.0,2,"Apoyo y Asociados Internacionales, Moodys Local PE Clasificadora de Riesgo",A-
BANCO FALABELLA,2025 - SEPTIEMBRE,8.0,2,"Apoyo y Asociados Internacionales, Moodys Local PE Clasificadora de Riesgo",A-
BANCO FALABELLA,2026 - MARZO,8.5,2,"Apoyo y Asociados Internacionales, Moodys Local PE Clasificadora de Riesgo",A-
BANCO GNB,2012 - MARZO,8.5,2,"Apoyo y Asociados Internacionales, Moodys Local PE Clasificadora de Riesgo",A-
BANCO GNB,2012 - SEPTIEMBRE,8.5,2,"Apoyo y Asociados Internacionales, Moodys Local PE Clasificadora de Riesgo",A-
BANCO GNB,2013 - MARZO,8.5,2,"Apoyo y Asociados Internacionales, Moodys Local PE Clasificadora de Riesgo",A-
BANCO GNB,2013 - SEPTIEMBRE,8.0,2,"Apoyo y Asociados Internacionales, Moodys Local PE Clasificadora de Riesgo",A-
BANCO GNB,2014 - MARZO,8.333333333333334,3,"Apoyo y Asociados Internacionales, Class y Asociados S.A., Moodys Local PE Clasificadora de Riesgo",A-
BANCO GNB,2014 - SEPTIEMBRE,8.5,2,"Class y Asociados S.A., Moodys Local PE Clasificadora de Riesgo",A-
BANCO GNB,2015 - MARZO,8.5,2,"Class y Asociados S.A., Moodys Local PE Clasificadora de Riesgo",A-
BANCO GNB,2015 - SEPTIEMBRE,8.5,2,"Class y Asociados S.A., Moodys Local PE Clasificadora de Riesgo",A-
BANCO GNB,2016 - MARZO,8.5,2,"Class y Asociados S.A., Moodys Local PE Clasificadora de Riesgo",A-
BANCO GNB,2016 - SEPTIEMBRE,8.666666666666666,3,"Class y Asociados S.A., Moodys Local PE Clasificadora de Riesgo, PCR (Pacific Credit Rating)",A
BANCO GNB,2017 - MARZO,9.0,2,"Class y Asociados S.A., PCR (Pacific Credit Rating)",A
BANCO GNB,2017 - SEPTIEMBRE,9.0,2,"Class y Asociados S.A., PCR (Pacific Credit Rating)",A
BANCO GNB,2018 - MARZO,9.0,2,"Class y Asociados S.A., PCR (Pacific Credit Rating)",A
BANCO GNB,2018 - SEPTIEMBRE,9.0,2,"Class y Asociados S.A., PCR (Pacific Credit Rating)",A
BANCO GNB,2019 - MARZO,9.0,2,"Class y Asociados S.A., PCR (Pacific Credit Rating)",A
BANCO GNB,2019 - SEPTIEMBRE,9.0,2,"Class y Asociados S.A., PCR (Pacific Credit Rating)",A
BANCO GNB,2020 - MARZO,9.0,2,"Class y Asociados S.A., PCR (Pacific Credit Rating)",A
BANCO GNB,2020 - SEPTIEMBRE,9.0,2,"Class y Asociados S.A., PCR (Pacific Credit Rating)",A
BANCO GNB,2021 - MARZO,9.0,2,"Class y Asociados S.A., PCR (Pacific Credit Rating)",A
BANCO GNB,2021 - SEPTIEMBRE,9.0,2,"Class y Asociados S.A., PCR (Pacific Credit Rating)",A
BANCO GNB,2022 - MARZO,9.0,2,"Class y Asociados S.A., PCR (Pacific Credit Rating)",A
BANCO GNB,2022 - SEPTIEMBRE,9.0,2,"Class y Asociados S.A., PCR (Pacific Credit Rating)",A
BANCO GNB,2023 - MARZO,9.0,2,"Moodys Local PE Clasificadora de Riesgo, PCR (Pacific Credit Rating)",A
BANCO GNB,2023 - SEPTIEMBRE,9.0,2,"Moodys Local PE Clasificadora de Riesgo, PCR (Pacific Credit Rating)",A
BANCO GNB,2024 - MARZO,9.0,2,"Moodys Local PE Clasificadora de Riesgo, PCR (Pacific Credit Rating)",A
BANCO GNB,2024 - SEPTIEMBRE,9.0,2,"Moodys Local PE Clasificadora de Riesgo, PCR (Pacific Credit Rating)",A
BANCO GNB,2025 - MARZO,9.0,2,"Moodys Local PE Clasificadora de Riesgo, PCR (Pacific Credit Rating)",A
BANCO GNB,2025 - SEPTIEMBRE,9.0,2,"Moodys Local PE Clasificadora de Riesgo, PCR (Pacific Credit Rating)",A
BANCO GNB,2026 - MARZO,9.0,2,"Moodys Local PE Clasificadora de Riesgo, PCR (Pacific Credit Rating)",A
BANCO PICHINCHA,2012 - MARZO,8.0,2,"Moodys Local PE Clasificadora de Riesgo, PCR (Pacific Credit Rating)",A-
BANCO PICHINCHA,2012 - SEPTIEMBRE,8.0,2,"Moodys Local PE Clasificadora de Riesgo, PCR (Pacific Credit Rating)",A-
BANCO PICHINCHA,2013 - MARZO,8.0,2,"Moodys Local PE Clasificadora de Riesgo, PCR (Pacific Credit Rating)",A-
BANCO PICHINCHA,2013 - SEPTIEMBRE,8.0,2,"Moodys Local PE Clasificadora de Riesgo, PCR (Pacific Credit Rating)",A-
BANCO PICHINCHA,2014 - MARZO,8.5,2,"Moodys Local PE Clasificadora de Riesgo, PCR (Pacific Credit Rating)",A-
BANCO PICHINCHA,2014 - SEPTIEMBRE,8.5,2,"Class y Asociados S.A., PCR (Pacific Credit Rating)",A-
BANCO PICHINCHA,2015 - MARZO,8.5,2,"Class y Asociados S.A., PCR (Pacific Credit Rating)",A-
BANCO PICHINCHA,2015 - SEPTIEMBRE,8.5,2,"Class y Asociados S.A., PCR (Pacific Credit Rating)",A-
BANCO PICHINCHA,2016 - MARZO,8.5,2,"Class y Asociados S.A., PCR (Pacific Credit Rating)",A-
BANCO PICHINCHA,2016 - SEPTIEMBRE,8.5,2,"Class y Asociados S.A., PCR (Pacific Credit Rating)",A-
BANCO PICHINCHA,2017 - MARZO,8.5,2,"Class y Asociados S.A., PCR (Pacific Credit Rating)",A-
BANCO PICHINCHA,2017 - SEPTIEMBRE,8.5,2,"Class y Asociados S.A., PCR (Pacific Credit Rating)",A-
BANCO PICHINCHA,2018 - MARZO,8.5,2,"Class y Asociados S.A., PCR (Pacific Credit Rating)",A-
BANCO PICHINCHA,2018 - SEPTIEMBRE,8.5,2,"Class y Asociados S.A., PCR (Pacific Credit Rating)",A-
BANCO PICHINCHA,2019 - MARZO,8.5,2,"Class y Asociados S.A., PCR (Pacific Credit Rating)",A-
BANCO PICHINCHA,2019 - SEPTIEMBRE,8.5,2,"Class y Asociados S.A., PCR (Pacific Credit Rating)",A-
BANCO PICHINCHA,2020 - MARZO,8.5,2,"Class y Asociados S.A., PCR (Pacific Credit Rating)",A-
BANCO PICHINCHA,2020 - SEPTIEMBRE,8.5,2,"Class y Asociados S.A., PCR (Pacific Credit Rating)",A-
BANCO PICHINCHA,2021 - MARZO,8.5,2,"Class y Asociados S.A., PCR (Pacific Credit Rating)",A-
BANCO PICHINCHA,2021 - SEPTIEMBRE,8.5,2,"Class y Asociados S.A., PCR (Pacific Credit Rating)",A-
BANCO PICHINCHA,2022 - MARZO,8.0,2,"Class y Asociados S.A., PCR (Pacific Credit Rating)",A-
BANCO PICHINCHA,2022 - SEPTIEMBRE,8.0,2,"Class y Asociados S.A., PCR (Pacific Credit Rating)",A-
BANCO PICHINCHA,2023 - MARZO,8.0,2,"Moodys Local PE Clasificadora de Riesgo, PCR (Pacific Credit Rating)",A-
BANCO PICHINCHA,2023 - SEPTIEMBRE,8.0,2,"Moodys Local PE Clasificadora de Riesgo, PCR (Pacific Credit Rating)",A-
BANCO PICHINCHA,2024 - MARZO,8.0,2,"Moodys Local PE Clasificadora de Riesgo, PCR (Pacific Credit Rating)",A-
BANCO PICHINCHA,2024 - SEPTIEMBRE,8.0,2,"Moodys Local PE Clasificadora de Riesgo, PCR (Pacific Credit Rating)",A-
BANCO PICHINCHA,2025 - MARZO,8.0,2,"Moodys Local PE Clasificadora de Riesgo, PCR (Pacific Credit Rating)",A-
BANCO PICHINCHA,2025 - SEPTIEMBRE,8.0,2,"Apoyo y Asociados Internacionales, Moodys Local PE Clasificadora de Riesgo",A-
BANCO PICHINCHA,2026 - MARZO,8.0,2,"Apoyo y Asociados Internacionales, Moodys Local PE Clasificadora de Riesgo",A-
BANCO RIPLEY,2012 - MARZO,7.5,2,"Apoyo y Asociados Internacionales, Class y Asociados S.A.",A-
BANCO RIPLEY,2012 - SEPTIEMBRE,7.5,2,"Apoyo y Asociados Internacionales, Class y Asociados S.A.",A-
BANCO RIPLEY,2013 - MARZO,7.5,2,"Apoyo y Asociados Internacionales, Class y Asociados S.A.",A-
BANCO RIPLEY,2013 - SEPTIEMBRE,7.5,2,"Apoyo y Asociados Internacionales, Class y Asociados S.A.",A-
BANCO RIPLEY,2014 - MARZO,7.5,2,"Apoyo y Asociados Internacionales, Class y Asociados S.A.",A-
BANCO RIPLEY,2014 - SEPTIEMBRE,7.5,2,"Apoyo y Asociados Internacionales, Class y Asociados S.A.",A-
BANCO RIPLEY,2015 - MARZO,7.5,2,"Apoyo y Asociados Internacionales, Class y Asociados S.A.",A-
BANCO RIPLEY,2015 - SEPTIEMBRE,7.5,2,"Apoyo y Asociados Internacionales, Class y Asociados S.A.",A-
BANCO RIPLEY,2016 - MARZO,7.5,2,"Apoyo y Asociados Internacionales, Class y Asociados S.A.",A-
BANCO RIPLEY,2016 - SEPTIEMBRE,7.5,2,"Apoyo y Asociados Internacionales, Class y Asociados S.A.",A-
BANCO RIPLEY,2017 - MARZO,7.666666666666667,3,"Apoyo y Asociados Internacionales, Class y Asociados S.A., Moodys Local PE Clasificadora de Riesgo",A-
BANCO RIPLEY,2017 - SEPTIEMBRE,7.666666666666667,3,"Apoyo y Asociados Internacionales, Class y Asociados S.A., Moodys Local PE Clasificadora de Riesgo",A-
BANCO RIPLEY,2018 - MARZO,8.0,2,"Class y Asociados S.A., Moodys Local PE Clasificadora de Riesgo",A-
BANCO RIPLEY,2018 - SEPTIEMBRE,8.0,2,"Class y Asociados S.A., Moodys Local PE Clasificadora de Riesgo",A-
BANCO RIPLEY,2019 - MARZO,8.0,2,"Class y Asociados S.A., Moodys Local PE Clasificadora de Riesgo",A-
BANCO RIPLEY,2019 - SEPTIEMBRE,8.0,2,"Class y Asociados S.A., Moodys Local PE Clasificadora de Riesgo",A-
BANCO RIPLEY,2020 - MARZO,8.0,2,"Class y Asociados S.A., Moodys Local PE Clasificadora de Riesgo",A-
BANCO RIPLEY,2020 - SEPTIEMBRE,7.5,2,"Class y Asociados S.A., Moodys Local PE Clasificadora de Riesgo",A-
BANCO RIPLEY,2021 - MARZO,7.0,2,"Class y Asociados S.A., Moodys Local PE Clasificadora de Riesgo",B+
BANCO RIPLEY,2021 - SEPTIEMBRE,7.0,2,"Class y Asociados S.A., Moodys Local PE Clasificadora de Riesgo",B+
BANCO RIPLEY,2022 - MARZO,7.0,2,"Class y Asociados S.A., Moodys Local PE Clasificadora de Riesgo",B+
BANCO RIPLEY,2022 - SEPTIEMBRE,7.0,2,"Moodys Local PE Clasificadora de Riesgo, PCR (Pacific Credit Rating)",B+
BANCO RIPLEY,2023 - MARZO,7.0,2,"Moodys Local PE Clasificadora de Riesgo, PCR (Pacific Credit Rating)",B+
BANCO RIPLEY,2023 - SEPTIEMBRE,7.0,2,"Moodys Local PE Clasificadora de Riesgo, PCR (Pacific Credit Rating)",B+
BANCO RIPLEY,2024 - MARZO,7.0,2,"Moodys Local PE Clasificadora de Riesgo, PCR (Pacific Credit Rating)",B+
BANCO RIPLEY,2024 - SEPTIEMBRE,7.0,2,"Moodys Local PE Clasificadora de Riesgo, PCR (Pacific Credit Rating)",B+
BANCO RIPLEY,2025 - MARZO,7.0,2,"Moodys Local PE Clasificadora de Riesgo, PCR (Pacific Credit Rating)",B+
BANCO RIPLEY,2025 - SEPTIEMBRE,7.0,2,"Moodys Local PE Clasificadora de Riesgo, PCR (Pacific Credit Rating)",B+
BANCO RIPLEY,2026 - MARZO,7.0,2,"Moodys Local PE Clasificadora de Riesgo, PCR (Pacific Credit Rating)",B+
BANCOM,2012 - MARZO,7.0,2,"Moodys Local PE Clasificadora de Riesgo, PCR (Pacific Credit Rating)",B+
BANCOM,2012 - SEPTIEMBRE,6.5,2,"Moodys Local PE Clasificadora de Riesgo, PCR (Pacific Credit Rating)",B
BANCOM,2013 - MARZO,6.5,2,"Moodys Local PE Clasificadora de Riesgo, PCR (Pacific Credit Rating)",B
BANCOM,2013 - SEPTIEMBRE,6.5,2,"Moodys Local PE Clasificadora de Riesgo, PCR (Pacific Credit Rating)",B
BANCOM,2014 - MARZO,6.5,2,"Moodys Local PE Clasificadora de Riesgo, PCR (Pacific Credit Rating)",B
BANCOM,2014 - SEPTIEMBRE,6.5,2,"Moodys Local PE Clasificadora de Riesgo, PCR (Pacific Credit Rating)",B
BANCOM,2015 - MARZO,6.5,2,"Moodys Local PE Clasificadora de Riesgo, PCR (Pacific Credit Rating)",B
BANCOM,2015 - SEPTIEMBRE,6.0,2,"Moodys Local PE Clasificadora de Riesgo, PCR (Pacific Credit Rating)",B
BANCOM,2016 - MARZO,6.0,2,"Moodys Local PE Clasificadora de Riesgo, PCR (Pacific Credit Rating)",B
BANCOM,2016 - SEPTIEMBRE,6.0,2,"Moodys Local PE Clasificadora de Riesgo, PCR (Pacific Credit Rating)",B
BANCOM,2017 - MARZO,7.0,2,"Moodys Local PE Clasificadora de Riesgo, PCR (Pacific Credit Rating)",B+
BANCOM,2017 - SEPTIEMBRE,7.0,2,"Moodys Local PE Clasificadora de Riesgo, PCR (Pacific Credit Rating)",B+
BANCOM,2018 - MARZO,7.0,2,"Moodys Local PE Clasificadora de Riesgo, PCR (Pacific Credit Rating)",B+
BANCOM,2018 - SEPTIEMBRE,7.0,2,"Moodys Local PE Clasificadora de Riesgo, PCR (Pacific Credit Rating)",B+
BANCOM,2019 - MARZO,7.0,2,"Moodys Local PE Clasificadora de Riesgo, PCR (Pacific Credit Rating)",B+
BANCOM,2019 - SEPTIEMBRE,7.0,2,"Moodys Local PE Clasificadora de Riesgo, PCR (Pacific Credit Rating)",B+
BANCOM,2020 - MARZO,7.0,2,"Moodys Local PE Clasificadora de Riesgo, PCR (Pacific Credit Rating)",B+
BANCOM,2020 - SEPTIEMBRE,7.0,2,"Moodys Local PE Clasificadora de Riesgo, PCR (Pacific Credit Rating)",B+
BANCOM,2021 - MARZO,7.0,2,"Moodys Local PE Clasificadora de Riesgo, PCR (Pacific Credit Rating)",B+
BANCOM,2021 - SEPTIEMBRE,7.0,2,"Moodys Local PE Clasificadora de Riesgo, PCR (Pacific Credit Rating)",B+
BANCOM,2022 - MARZO,7.0,2,"Moodys Local PE Clasificadora de Riesgo, PCR (Pacific Credit Rating)",B+
BANCOM,2022 - SEPTIEMBRE,7.0,2,"Moodys Local PE Clasificadora de Riesgo, PCR (Pacific Credit Rating)",B+
BANCOM,2023 - MARZO,7.0,2,"Moodys Local PE Clasificadora de Riesgo, PCR (Pacific Credit Rating)",B+
BANCOM,2023 - SEPTIEMBRE,7.0,2,"Moodys Local PE Clasificadora de Riesgo, PCR (Pacific Credit Rating)",B+
BANCOM,2024 - MARZO,7.0,2,"Moodys Local PE Clasificadora de Riesgo, PCR (Pacific Credit Rating)",B+
BANCOM,2024 - SEPTIEMBRE,7.0,2,"Moodys Local PE Clasificadora de Riesgo, PCR (Pacific Credit Rating)",B+
BANCOM,2025 - MARZO,7.0,2,"Moodys Local PE Clasificadora de Riesgo, PCR (Pacific Credit Rating)",B+
BANCOM,2025 - SEPTIEMBRE,7.0,2,"Moodys Local PE Clasificadora de Riesgo, PCR (Pacific Credit Rating)",B+
BANCOM,2026 - MARZO,7.0,2,"Moodys Local PE Clasificadora de Riesgo, PCR (Pacific Credit Rating)",B+
BANK OF CHINA (PERU),2020 - MARZO,9.0,1,Moodys Local PE Clasificadora de Riesgo,A
BANK OF CHINA (PERU),2020 - SEPTIEMBRE,9.0,2,"Class y Asociados S.A., Moodys Local PE Clasificadora de Riesgo",A
BANK OF CHINA (PERU),2021 - MARZO,9.0,2,"Class y Asociados S.A., Moodys Local PE Clasificadora de Riesgo",A
BANK OF CHINA (PERU),2021 - SEPTIEMBRE,9.0,2,"Class y Asociados S.A., Moodys Local PE Clasificadora de Riesgo",A
BANK OF CHINA (PERU),2022 - MARZO,9.0,2,"Class y Asociados S.A., Moodys Local PE Clasificadora de Riesgo",A
BANK OF CHINA (PERU),2022 - SEPTIEMBRE,9.0,2,"Moodys Local PE Clasificadora de Riesgo, PCR (Pacific Credit Rating)",A
BANK OF CHINA (PERU),2023 - MARZO,9.0,2,"Moodys Local PE Clasificadora de Riesgo, PCR (Pacific Credit Rating)",A
BANK OF CHINA (PERU),2023 - SEPTIEMBRE,9.0,2,"Moodys Local PE Clasificadora de Riesgo, PCR (Pacific Credit Rating)",A
BANK OF CHINA (PERU),2024 - MARZO,9.0,2,"Moodys Local PE Clasificadora de Riesgo, PCR (Pacific Credit Rating)",A
BANK OF CHINA (PERU),2024 - SEPTIEMBRE,9.0,2,"Moodys Local PE Clasificadora de Riesgo, PCR (Pacific Credit Rating)",A
BANK OF CHINA (PERU),2025 - MARZO,9.0,2,"Moodys Local PE Clasificadora de Riesgo, PCR (Pacific Credit Rating)",A
BANK OF CHINA (PERU),2025 - SEPTIEMBRE,9.0,2,"Moodys Local PE Clasificadora de Riesgo, PCR (Pacific Credit Rating)",A
BANK OF CHINA (PERU),2026 - MARZO,9.333333333333334,3,"Apoyo y Asociados Internacionales, Moodys Local PE Clasificadora de Riesgo, PCR (Pacific Credit Rating)",A
BBVA,2012 - MARZO,10.0,3,"Apoyo y Asociados Internacionales, Moodys Local PE Clasificadora de Riesgo, PCR (Pacific Credit Rating)",A+
BBVA,2012 - SEPTIEMBRE,10.0,3,"Apoyo y Asociados Internacionales, Moodys Local PE Clasificadora de Riesgo, PCR (Pacific Credit Rating)",A+
BBVA,2013 - MARZO,10.0,3,"Apoyo y Asociados Internacionales, Moodys Local PE Clasificadora de Riesgo, PCR (Pacific Credit Rating)",A+
BBVA,2013 - SEPTIEMBRE,10.0,3,"Apoyo y Asociados Internacionales, Moodys Local PE Clasificadora de Riesgo, PCR (Pacific Credit Rating)",A+
BBVA,2014 - MARZO,10.0,3,"Apoyo y Asociados Internacionales, Moodys Local PE Clasificadora de Riesgo, PCR (Pacific Credit Rating)",A+
BBVA,2014 - SEPTIEMBRE,10.0,3,"Apoyo y Asociados Internacionales, Moodys Local PE Clasificadora de Riesgo, PCR (Pacific Credit Rating)",A+
BBVA,2015 - MARZO,10.0,3,"Apoyo y Asociados Internacionales, Moodys Local PE Clasificadora de Riesgo, PCR (Pacific Credit Rating)",A+
BBVA,2015 - SEPTIEMBRE,10.0,3,"Apoyo y Asociados Internacionales, Moodys Local PE Clasificadora de Riesgo, PCR (Pacific Credit Rating)",A+
BBVA,2016 - MARZO,10.0,3,"Apoyo y Asociados Internacionales, Moodys Local PE Clasificadora de Riesgo, PCR (Pacific Credit Rating)",A+
BBVA,2016 - SEPTIEMBRE,10.0,3,"Apoyo y Asociados Internacionales, Moodys Local PE Clasificadora de Riesgo, PCR (Pacific Credit Rating)",A+
BBVA,2017 - MARZO,10.0,3,"Apoyo y Asociados Internacionales, Moodys Local PE Clasificadora de Riesgo, PCR (Pacific Credit Rating)",A+
BBVA,2017 - SEPTIEMBRE,10.0,3,"Apoyo y Asociados Internacionales, Moodys Local PE Clasificadora de Riesgo, PCR (Pacific Credit Rating)",A+
BBVA,2018 - MARZO,10.0,3,"Apoyo y Asociados Internacionales, Moodys Local PE Clasificadora de Riesgo, PCR (Pacific Credit Rating)",A+
BBVA,2018 - SEPTIEMBRE,10.0,3,"Apoyo y Asociados Internacionales, Moodys Local PE Clasificadora de Riesgo, PCR (Pacific Credit Rating)",A+
BBVA,2019 - MARZO,10.0,3,"Apoyo y Asociados Internacionales, Moodys Local PE Clasificadora de Riesgo, PCR (Pacific Credit Rating)",A+
BBVA,2019 - SEPTIEMBRE,10.0,3,"Apoyo y Asociados Internacionales, Moodys Local PE Clasificadora de Riesgo, PCR (Pacific Credit Rating)",A+
BBVA,2020 - MARZO,10.0,3,"Apoyo y Asociados Internacionales, Moodys Local PE Clasificadora de Riesgo, PCR (Pacific Credit Rating)",A+
BBVA,2020 - SEPTIEMBRE,10.0,3,"Apoyo y Asociados Internacionales, Moodys Local PE Clasificadora de Riesgo, PCR (Pacific Credit Rating)",A+
BBVA,2021 - MARZO,10.0,3,"Apoyo y Asociados Internacionales, Moodys Local PE Clasificadora de Riesgo, PCR (Pacific Credit Rating)",A+
BBVA,2021 - SEPTIEMBRE,10.0,2,"Apoyo y Asociados Internacionales, Moodys Local PE Clasificadora de Riesgo",A+
BBVA,2022 - MARZO,10.0,2,"Apoyo y Asociados Internacionales, Moodys Local PE Clasificadora de Riesgo",A+
BBVA,2022 - SEPTIEMBRE,10.0,2,"Apoyo y Asociados Internacionales, Moodys Local PE Clasificadora de Riesgo",A+
BBVA,2023 - MARZO,10.0,2,"Apoyo y Asociados Internacionales, Moodys Local PE Clasificadora de Riesgo",A+
BBVA,2023 - SEPTIEMBRE,10.0,2,"Apoyo y Asociados Internacionales, Moodys Local PE Clasificadora de Riesgo",A+
BBVA,2024 - MARZO,10.0,2,"Apoyo y Asociados Internacionales, Moodys Local PE Clasificadora de Riesgo",A+
BBVA,2024 - SEPTIEMBRE,10.0,2,"Apoyo y Asociados Internacionales, Moodys Local PE Clasificadora de Riesgo",A+
BBVA,2025 - MARZO,10.0,2,"Apoyo y Asociados Internacionales, Moodys Local PE Clasificadora de Riesgo",A+
BBVA,2025 - SEPTIEMBRE,10.0,2,"Apoyo y Asociados Internacionales, Moodys Local PE Clasificadora de Riesgo",A+
BBVA,2026 - MARZO,10.0,2,"Apoyo y Asociados Internacionales, Moodys Local PE Clasificadora de Riesgo",A+
BN. SANTANDER CONS.,2012 - MARZO,9.0,2,"Apoyo y Asociados Internacionales, Class y Asociados S.A.",A
BN. SANTANDER CONS.,2012 - SEPTIEMBRE,9.0,2,"Apoyo y Asociados Internacionales, Class y Asociados S.A.",A
BN. SANTANDER CONS.,2013 - MARZO,9.0,2,"Apoyo y Asociados Internacionales, Class y Asociados S.A.",A
BN. SANTANDER CONS.,2013 - SEPTIEMBRE,9.0,2,"Apoyo y Asociados Internacionales, Class y Asociados S.A.",A
BN. SANTANDER CONS.,2014 - MARZO,9.0,2,"Apoyo y Asociados Internacionales, Class y Asociados S.A.",A
BN. SANTANDER CONS.,2014 - SEPTIEMBRE,9.0,2,"Apoyo y Asociados Internacionales, Class y Asociados S.A.",A
BN. SANTANDER CONS.,2015 - MARZO,9.0,2,"Apoyo y Asociados Internacionales, Class y Asociados S.A.",A
BN. SANTANDER CONS.,2015 - SEPTIEMBRE,9.0,2,"Apoyo y Asociados Internacionales, Class y Asociados S.A.",A
BN. SANTANDER CONS.,2016 - MARZO,9.0,2,"Apoyo y Asociados Internacionales, Class y Asociados S.A.",A
BN. SANTANDER CONS.,2016 - SEPTIEMBRE,9.0,2,"Apoyo y Asociados Internacionales, Class y Asociados S.A.",A
BN. SANTANDER CONS.,2017 - MARZO,9.0,2,"Apoyo y Asociados Internacionales, Class y Asociados S.A.",A
BN. SANTANDER CONS.,2017 - SEPTIEMBRE,9.0,2,"Apoyo y Asociados Internacionales, Class y Asociados S.A.",A
BN. SANTANDER CONS.,2018 - MARZO,9.0,2,"Apoyo y Asociados Internacionales, Moodys Local PE Clasificadora de Riesgo",A
BN. SANTANDER CONS.,2018 - SEPTIEMBRE,9.0,2,"Apoyo y Asociados Internacionales, Moodys Local PE Clasificadora de Riesgo",A
BN. SANTANDER CONS.,2019 - MARZO,9.0,2,"Apoyo y Asociados Internacionales, Moodys Local PE Clasificadora de Riesgo",A
BN. SANTANDER CONS.,2019 - SEPTIEMBRE,9.0,2,"Apoyo y Asociados Internacionales, Moodys Local PE Clasificadora de Riesgo",A
BN. SANTANDER CONS.,2020 - MARZO,9.0,2,"Apoyo y Asociados Internacionales, Moodys Local PE Clasificadora de Riesgo",A
BN. SANTANDER CONS.,2020 - SEPTIEMBRE,9.0,2,"Apoyo y Asociados Internacionales, Moodys Local PE Clasificadora de Riesgo",A
BN. SANTANDER CONS.,2021 - MARZO,9.0,2,"Apoyo y Asociados Internacionales, Moodys Local PE Clasificadora de Riesgo",A
BN. SANTANDER CONS.,2021 - SEPTIEMBRE,9.0,2,"Apoyo y Asociados Internacionales, Moodys Local PE Clasificadora de Riesgo",A
BN. SANTANDER CONS.,2022 - MARZO,9.0,2,"Apoyo y Asociados Internacionales, Moodys Local PE Clasificadora de Riesgo",A
BN. SANTANDER CONS.,2022 - SEPTIEMBRE,9.0,2,"Apoyo y Asociados Internacionales, Moodys Local PE Clasificadora de Riesgo",A
BN. SANTANDER CONS.,2023 - MARZO,9.0,2,"Apoyo y Asociados Internacionales, Moodys Local PE Clasificadora de Riesgo",A
BN. SANTANDER CONS.,2023 - SEPTIEMBRE,9.0,2,"Apoyo y Asociados Internacionales, Moodys Local PE Clasificadora de Riesgo",A
BN. SANTANDER CONS.,2024 - MARZO,9.0,2,"Apoyo y Asociados Internacionales, Moodys Local PE Clasificadora de Riesgo",A
BN. SANTANDER CONS.,2024 - SEPTIEMBRE,9.0,2,"Apoyo y Asociados Internacionales, Moodys Local PE Clasificadora de Riesgo",A
BN. SANTANDER CONS.,2025 - MARZO,9.0,2,"Apoyo y Asociados Internacionales, Moodys Local PE Clasificadora de Riesgo",A
BN. SANTANDER CONS.,2025 - SEPTIEMBRE,9.0,2,"Apoyo y Asociados Internacionales, Moodys Local PE Clasificadora de Riesgo",A
BN. SANTANDER CONS.,2026 - MARZO,9.0,2,"Apoyo y Asociados Internacionales, Moodys Local PE Clasificadora de Riesgo",A
BNP PARIBAS CARDIF,2012 - MARZO,9.0,2,"Class y Asociados S.A., PCR (Pacific Credit Rating)",A
BNP PARIBAS CARDIF,2012 - SEPTIEMBRE,9.0,2,"Class y Asociados S.A., PCR (Pacific Credit Rating)",A
BNP PARIBAS CARDIF,2013 - MARZO,9.0,2,"Class y Asociados S.A., PCR (Pacific Credit Rating)",A
BNP PARIBAS CARDIF,2013 - SEPTIEMBRE,9.0,2,"Class y Asociados S.A., PCR (Pacific Credit Rating)",A
BNP PARIBAS CARDIF,2014 - MARZO,9.0,2,"Class y Asociados S.A., PCR (Pacific Credit Rating)",A
BNP PARIBAS CARDIF,2014 - SEPTIEMBRE,9.0,2,"Class y Asociados S.A., PCR (Pacific Credit Rating)",A
BNP PARIBAS CARDIF,2015 - MARZO,9.0,2,"Class y Asociados S.A., PCR (Pacific Credit Rating)",A
BNP PARIBAS CARDIF,2015 - SEPTIEMBRE,9.0,2,"Class y Asociados S.A., PCR (Pacific Credit Rating)",A
BNP PARIBAS CARDIF,2016 - MARZO,9.0,2,"Class y Asociados S.A., PCR (Pacific Credit Rating)",A
BNP PARIBAS CARDIF,2016 - SEPTIEMBRE,9.0,2,"Class y Asociados S.A., PCR (Pacific Credit Rating)",A
BNP PARIBAS CARDIF,2017 - MARZO,9.0,2,"Class y Asociados S.A., PCR (Pacific Credit Rating)",A
BNP PARIBAS CARDIF,2017 - SEPTIEMBRE,9.0,2,"Class y Asociados S.A., PCR (Pacific Credit Rating)",A
BNP PARIBAS CARDIF,2018 - MARZO,9.0,2,"Class y Asociados S.A., PCR (Pacific Credit Rating)",A
BNP PARIBAS CARDIF,2018 - SEPTIEMBRE,9.0,2,"Class y Asociados S.A., PCR (Pacific Credit Rating)",A
BNP PARIBAS CARDIF,2019 - MARZO,9.0,2,"Class y Asociados S.A., PCR (Pacific Credit Rating)",A
BNP PARIBAS CARDIF,2019 - SEPTIEMBRE,9.0,2,"Class y Asociados S.A., PCR (Pacific Credit Rating)",A
BNP PARIBAS CARDIF,2020 - MARZO,9.0,2,"Class y Asociados S.A., PCR (Pacific Credit Rating)",A
BNP PARIBAS CARDIF,2020 - SEPTIEMBRE,9.0,2,"Class y Asociados S.A., PCR (Pacific Credit Rating)",A
BNP PARIBAS CARDIF,2021 - MARZO,9.0,2,"Class y Asociados S.A., PCR (Pacific Credit Rating)",A
BNP PARIBAS CARDIF,2021 - SEPTIEMBRE,9.0,2,"Class y Asociados S.A., PCR (Pacific Credit Rating)",A
BNP PARIBAS CARDIF,2022 - MARZO,9.0,2,"Class y Asociados S.A., PCR (Pacific Credit Rating)",A
BNP PARIBAS CARDIF,2022 - SEPTIEMBRE,9.0,2,"Class y Asociados S.A., PCR (Pacific Credit Rating)",A
BNP PARIBAS CARDIF,2023 - MARZO,9.0,2,"Moodys Local PE Clasificadora de Riesgo, PCR (Pacific Credit Rating)",A
BNP PARIBAS CARDIF,2023 - SEPTIEMBRE,9.0,2,"Moodys Local PE Clasificadora de Riesgo, PCR (Pacific Credit Rating)",A
BNP PARIBAS CARDIF,2024 - MARZO,9.0,2,"Moodys Local PE Clasificadora de Riesgo, PCR (Pacific Credit Rating)",A
BNP PARIBAS CARDIF,2024 - SEPTIEMBRE,9.0,2,"Moodys Local PE Clasificadora de Riesgo, PCR (Pacific Credit Rating)",A
BNP PARIBAS CARDIF,2025 - MARZO,9.5,2,"Moodys Local PE Clasificadora de Riesgo, PCR (Pacific Credit Rating)",A+
BNP PARIBAS CARDIF,2025 - SEPTIEMBRE,9.5,2,"Moodys Local PE Clasificadora de Riesgo, PCR (Pacific Credit Rating)",A+
BNP PARIBAS CARDIF,2026 - MARZO,9.5,2,"Moodys Local PE Clasificadora de Riesgo, PCR (Pacific Credit Rating)",A+
CAJA LOS LIBERTADORE,2012 - MARZO,1.0,2,"Class y Asociados S.A., PCR (Pacific Credit Rating)",D+
CAJA LOS LIBERTADORE,2012 - SEPTIEMBRE,1.0,2,"Class y Asociados S.A., PCR (Pacific Credit Rating)",D+
CAJA LOS LIBERTADORE,2013 - MARZO,1.0,2,"Class y Asociados S.A., PCR (Pacific Credit Rating)",D+
CAJA LOS LIBERTADORE,2013 - SEPTIEMBRE,0.5,2,"Class y Asociados S.A., PCR (Pacific Credit Rating)",D
CAJA LOS LIBERTADORE,2014 - MARZO,0.0,1,Class y Asociados S.A.,D
CAJA LOS LIBERTADORE,2014 - SEPTIEMBRE,0.0,1,Class y Asociados S.A.,D
CAJA LOS LIBERTADORE,2015 - MARZO,0.0,1,Class y Asociados S.A.,D
CENTRAL CIDERURAL,2026 - MARZO,3.0,1,JCR Latino America,C
CENTRAL SOLIDEZ,2026 - MARZO,2.0,1,JCR Latino America,C-
CESCE,2012 - MARZO,9.0,2,"Class y Asociados S.A., PCR (Pacific Credit Rating)",A
CESCE,2012 - SEPTIEMBRE,9.0,2,"Class y Asociados S.A., PCR (Pacific Credit Rating)",A
CESCE,2013 - MARZO,9.0,2,"Class y Asociados S.A., PCR (Pacific Credit Rating)",A
CESCE,2013 - SEPTIEMBRE,9.0,2,"Class y Asociados S.A., PCR (Pacific Credit Rating)",A
CESCE,2014 - MARZO,9.0,2,"Class y Asociados S.A., PCR (Pacific Credit Rating)",A
CESCE,2014 - SEPTIEMBRE,9.0,2,"Class y Asociados S.A., PCR (Pacific Credit Rating)",A
CESCE,2015 - MARZO,9.0,2,"Class y Asociados S.A., PCR (Pacific Credit Rating)",A
CESCE,2015 - SEPTIEMBRE,9.0,2,"Class y Asociados S.A., PCR (Pacific Credit Rating)",A
CESCE,2016 - MARZO,9.0,2,"Class y Asociados S.A., PCR (Pacific Credit Rating)",A
CESCE,2016 - SEPTIEMBRE,9.0,2,"Class y Asociados S.A., PCR (Pacific Credit Rating)",A
CESCE,2017 - MARZO,9.0,2,"Class y Asociados S.A., PCR (Pacific Credit Rating)",A
CESCE,2017 - SEPTIEMBRE,9.0,2,"Class y Asociados S.A., PCR (Pacific Credit Rating)",A
CESCE,2018 - MARZO,9.0,2,"Class y Asociados S.A., PCR (Pacific Credit Rating)",A
CESCE,2018 - SEPTIEMBRE,9.0,2,"Class y Asociados S.A., PCR (Pacific Credit Rating)",A
CESCE,2019 - MARZO,9.0,2,"Class y Asociados S.A., PCR (Pacific Credit Rating)",A
CESCE,2019 - SEPTIEMBRE,9.0,2,"Class y Asociados S.A., PCR (Pacific Credit Rating)",A
CESCE,2020 - MARZO,9.0,2,"Class y Asociados S.A., PCR (Pacific Credit Rating)",A
CESCE,2020 - SEPTIEMBRE,9.0,2,"Class y Asociados S.A., PCR (Pacific Credit Rating)",A
CESCE,2021 - MARZO,9.0,2,"Class y Asociados S.A., PCR (Pacific Credit Rating)",A
CESCE,2021 - SEPTIEMBRE,9.0,2,"Class y Asociados S.A., PCR (Pacific Credit Rating)",A
CESCE,2022 - MARZO,9.0,2,"Class y Asociados S.A., PCR (Pacific Credit Rating)",A
CESCE,2022 - SEPTIEMBRE,9.0,2,"Class y Asociados S.A., PCR (Pacific Credit Rating)",A
CESCE,2023 - MARZO,9.0,2,"Moodys Local PE Clasificadora de Riesgo, PCR (Pacific Credit Rating)",A
CESCE,2023 - SEPTIEMBRE,9.0,2,"Moodys Local PE Clasificadora de Riesgo, PCR (Pacific Credit Rating)",A
CESCE,2024 - MARZO,9.0,2,"Moodys Local PE Clasificadora de Riesgo, PCR (Pacific Credit Rating)",A
CESCE,2024 - SEPTIEMBRE,9.0,2,"Moodys Local PE Clasificadora de Riesgo, PCR (Pacific Credit Rating)",A
CESCE,2025 - MARZO,9.0,2,"Moodys Local PE Clasificadora de Riesgo, PCR (Pacific Credit Rating)",A
CESCE,2025 - SEPTIEMBRE,9.0,2,"Moodys Local PE Clasificadora de Riesgo, PCR (Pacific Credit Rating)",A
CESCE,2026 - MARZO,9.0,2,"Moodys Local PE Clasificadora de Riesgo, PCR (Pacific Credit Rating)",A
CHUBB PERÚ,2012 - MARZO,9.0,2,"Apoyo y Asociados Internacionales, PCR (Pacific Credit Rating)",A
CHUBB PERÚ,2012 - SEPTIEMBRE,9.0,2,"Apoyo y Asociados Internacionales, PCR (Pacific Credit Rating)",A
CHUBB PERÚ,2013 - MARZO,9.0,2,"Apoyo y Asociados Internacionales, PCR (Pacific Credit Rating)",A
CHUBB PERÚ,2013 - SEPTIEMBRE,9.0,2,"Apoyo y Asociados Internacionales, PCR (Pacific Credit Rating)",A
CHUBB PERÚ,2014 - MARZO,9.0,2,"Apoyo y Asociados Internacionales, PCR (Pacific Credit Rating)",A
CHUBB PERÚ,2014 - SEPTIEMBRE,9.0,2,"Apoyo y Asociados Internacionales, PCR (Pacific Credit Rating)",A
CHUBB PERÚ,2015 - MARZO,9.0,2,"Apoyo y Asociados Internacionales, PCR (Pacific Credit Rating)",A
CHUBB PERÚ,2015 - SEPTIEMBRE,9.0,2,"Apoyo y Asociados Internacionales, PCR (Pacific Credit Rating)",A
CHUBB PERÚ,2016 - MARZO,9.0,2,"Apoyo y Asociados Internacionales, PCR (Pacific Credit Rating)",A
CHUBB PERÚ,2016 - SEPTIEMBRE,9.0,2,"Apoyo y Asociados Internacionales, PCR (Pacific Credit Rating)",A
CHUBB PERÚ,2017 - MARZO,9.0,2,"Apoyo y Asociados Internacionales, PCR (Pacific Credit Rating)",A
CHUBB PERÚ,2017 - SEPTIEMBRE,9.0,2,"Apoyo y Asociados Internacionales, PCR (Pacific Credit Rating)",A
CHUBB PERÚ,2018 - MARZO,9.0,2,"Apoyo y Asociados Internacionales, PCR (Pacific Credit Rating)",A
CHUBB PERÚ,2018 - SEPTIEMBRE,9.0,2,"Apoyo y Asociados Internacionales, PCR (Pacific Credit Rating)",A
CHUBB PERÚ,2019 - MARZO,9.0,2,"Apoyo y Asociados Internacionales, PCR (Pacific Credit Rating)",A
CHUBB PERÚ,2019 - SEPTIEMBRE,9.0,2,"Moodys Local PE Clasificadora de Riesgo, PCR (Pacific Credit Rating)",A
CHUBB PERÚ,2020 - MARZO,9.0,2,"Moodys Local PE Clasificadora de Riesgo, PCR (Pacific Credit Rating)",A
CHUBB PERÚ,2020 - SEPTIEMBRE,9.0,2,"Moodys Local PE Clasificadora de Riesgo, PCR (Pacific Credit Rating)",A
CHUBB PERÚ,2021 - MARZO,9.0,2,"Moodys Local PE Clasificadora de Riesgo, PCR (Pacific Credit Rating)",A
CHUBB PERÚ,2021 - SEPTIEMBRE,9.0,2,"Moodys Local PE Clasificadora de Riesgo, PCR (Pacific Credit Rating)",A
CHUBB PERÚ,2022 - MARZO,9.0,2,"Moodys Local PE Clasificadora de Riesgo, PCR (Pacific Credit Rating)",A
CHUBB PERÚ,2022 - SEPTIEMBRE,9.0,2,"Moodys Local PE Clasificadora de Riesgo, PCR (Pacific Credit Rating)",A
CHUBB PERÚ,2023 - MARZO,9.0,2,"Moodys Local PE Clasificadora de Riesgo, PCR (Pacific Credit Rating)",A
CHUBB PERÚ,2023 - SEPTIEMBRE,9.0,2,"Moodys Local PE Clasificadora de Riesgo, PCR (Pacific Credit Rating)",A
CHUBB PERÚ,2024 - MARZO,9.0,2,"Moodys Local PE Clasificadora de Riesgo, PCR (Pacific Credit Rating)",A
CHUBB PERÚ,2024 - SEPTIEMBRE,9.0,2,"Moodys Local PE Clasificadora de Riesgo, PCR (Pacific Credit Rating)",A
CHUBB PERÚ,2025 - MARZO,9.0,2,"Moodys Local PE Clasificadora de Riesgo, PCR (Pacific Credit Rating)",A
CHUBB PERÚ,2025 - SEPTIEMBRE,9.0,2,"Moodys Local PE Clasificadora de Riesgo, PCR (Pacific Credit Rating)",A
CHUBB PERÚ,2026 - MARZO,9.0,2,"Moodys Local PE Clasificadora de Riesgo, PCR (Pacific Credit Rating)",A
CITIBANK DEL PERU,2012 - MARZO,9.5,2,"Apoyo y Asociados Internacionales, PCR (Pacific Credit Rating)",A+
CITIBANK DEL PERU,2012 - SEPTIEMBRE,9.5,2,"Apoyo y Asociados Internacionales, PCR (Pacific Credit Rating)",A+
CITIBANK DEL PERU,2013 - MARZO,9.5,2,"Apoyo y Asociados Internacionales, PCR (Pacific Credit Rating)",A+
CITIBANK DEL PERU,2013 - SEPTIEMBRE,9.5,2,"Apoyo y Asociados Internacionales, PCR (Pacific Credit Rating)",A+
CITIBANK DEL PERU,2014 - MARZO,9.5,2,"Apoyo y Asociados Internacionales, PCR (Pacific Credit Rating)",A+
CITIBANK DEL PERU,2014 - SEPTIEMBRE,9.5,2,"Apoyo y Asociados Internacionales, PCR (Pacific Credit Rating)",A+
CITIBANK DEL PERU,2015 - MARZO,9.5,2,"Apoyo y Asociados Internacionales, PCR (Pacific Credit Rating)",A+
CITIBANK DEL PERU,2015 - SEPTIEMBRE,9.5,2,"Apoyo y Asociados Internacionales, PCR (Pacific Credit Rating)",A+
CITIBANK DEL PERU,2016 - MARZO,9.5,2,"Apoyo y Asociados Internacionales, PCR (Pacific Credit Rating)",A+
CITIBANK DEL PERU,2016 - SEPTIEMBRE,9.5,2,"Apoyo y Asociados Internacionales, PCR (Pacific Credit Rating)",A+
CITIBANK DEL PERU,2017 - MARZO,10.0,2,"Apoyo y Asociados Internacionales, PCR (Pacific Credit Rating)",A+
CITIBANK DEL PERU,2017 - SEPTIEMBRE,10.0,2,"Apoyo y Asociados Internacionales, PCR (Pacific Credit Rating)",A+
CITIBANK DEL PERU,2018 - MARZO,10.0,2,"Apoyo y Asociados Internacionales, PCR (Pacific Credit Rating)",A+
CITIBANK DEL PERU,2018 - SEPTIEMBRE,10.0,2,"Apoyo y Asociados Internacionales, PCR (Pacific Credit Rating)",A+
CITIBANK DEL PERU,2019 - MARZO,10.0,2,"Apoyo y Asociados Internacionales, PCR (Pacific Credit Rating)",A+
CITIBANK DEL PERU,2019 - SEPTIEMBRE,10.0,2,"Apoyo y Asociados Internacionales, PCR (Pacific Credit Rating)",A+
CITIBANK DEL PERU,2020 - MARZO,10.0,2,"Apoyo y Asociados Internacionales, PCR (Pacific Credit Rating)",A+
CITIBANK DEL PERU,2020 - SEPTIEMBRE,10.0,2,"Apoyo y Asociados Internacionales, PCR (Pacific Credit Rating)",A+
CITIBANK DEL PERU,2021 - MARZO,10.0,2,"Apoyo y Asociados Internacionales, PCR (Pacific Credit Rating)",A+
CITIBANK DEL PERU,2021 - SEPTIEMBRE,10.0,2,"Apoyo y Asociados Internacionales, PCR (Pacific Credit Rating)",A+
CITIBANK DEL PERU,2022 - MARZO,10.0,2,"Apoyo y Asociados Internacionales, PCR (Pacific Credit Rating)",A+
CITIBANK DEL PERU,2022 - SEPTIEMBRE,10.0,2,"Apoyo y Asociados Internacionales, PCR (Pacific Credit Rating)",A+
CITIBANK DEL PERU,2023 - MARZO,10.0,2,"Apoyo y Asociados Internacionales, PCR (Pacific Credit Rating)",A+
CITIBANK DEL PERU,2023 - SEPTIEMBRE,10.0,2,"Apoyo y Asociados Internacionales, PCR (Pacific Credit Rating)",A+
CITIBANK DEL PERU,2024 - MARZO,10.0,2,"Apoyo y Asociados Internacionales, PCR (Pacific Credit Rating)",A+
CITIBANK DEL PERU,2024 - SEPTIEMBRE,10.0,2,"Apoyo y Asociados Internacionales, PCR (Pacific Credit Rating)",A+
CITIBANK DEL PERU,2025 - MARZO,10.0,2,"Apoyo y Asociados Internacionales, PCR (Pacific Credit Rating)",A+
CITIBANK DEL PERU,2025 - SEPTIEMBRE,10.0,2,"Apoyo y Asociados Internacionales, PCR (Pacific Credit Rating)",A+
CITIBANK DEL PERU,2026 - MARZO,10.0,2,"Apoyo y Asociados Internacionales, PCR (Pacific Credit Rating)",A+
CMAC AREQUIPA,2012 - MARZO,7.0,2,"Apoyo y Asociados Internacionales, Moodys Local PE Clasificadora de Riesgo",B+
CMAC AREQUIPA,2012 - SEPTIEMBRE,7.0,2,"Apoyo y Asociados Internacionales, Moodys Local PE Clasificadora de Riesgo",B+
CMAC AREQUIPA,2013 - MARZO,7.0,2,"Apoyo y Asociados Internacionales, Moodys Local PE Clasificadora de Riesgo",B+
CMAC AREQUIPA,2013 - SEPTIEMBRE,7.0,2,"Apoyo y Asociados Internacionales, Moodys Local PE Clasificadora de Riesgo",B+
CMAC AREQUIPA,2014 - MARZO,7.0,2,"Apoyo y Asociados Internacionales, Moodys Local PE Clasificadora de Riesgo",B+
CMAC AREQUIPA,2014 - SEPTIEMBRE,7.0,2,"Apoyo y Asociados Internacionales, Moodys Local PE Clasificadora de Riesgo",B+
CMAC AREQUIPA,2015 - MARZO,7.0,2,"Apoyo y Asociados Internacionales, Moodys Local PE Clasificadora de Riesgo",B+
CMAC AREQUIPA,2015 - SEPTIEMBRE,7.0,2,"Apoyo y Asociados Internacionales, Moodys Local PE Clasificadora de Riesgo",B+
CMAC AREQUIPA,2016 - MARZO,7.0,2,"Apoyo y Asociados Internacionales, Moodys Local PE Clasificadora de Riesgo",B+
CMAC AREQUIPA,2016 - SEPTIEMBRE,7.0,2,"Apoyo y Asociados Internacionales, Moodys Local PE Clasificadora de Riesgo",B+
CMAC AREQUIPA,2017 - MARZO,7.0,2,"Apoyo y Asociados Internacionales, Moodys Local PE Clasificadora de Riesgo",B+
CMAC AREQUIPA,2017 - SEPTIEMBRE,7.0,2,"Apoyo y Asociados Internacionales, Moodys Local PE Clasificadora de Riesgo",B+
CMAC AREQUIPA,2018 - MARZO,7.0,2,"Apoyo y Asociados Internacionales, Moodys Local PE Clasificadora de Riesgo",B+
CMAC AREQUIPA,2018 - SEPTIEMBRE,7.0,2,"Apoyo y Asociados Internacionales, Moodys Local PE Clasificadora de Riesgo",B+
CMAC AREQUIPA,2019 - MARZO,7.0,2,"Apoyo y Asociados Internacionales, Moodys Local PE Clasificadora de Riesgo",B+
CMAC AREQUIPA,2019 - SEPTIEMBRE,7.0,2,"Apoyo y Asociados Internacionales, Moodys Local PE Clasificadora de Riesgo",B+
CMAC AREQUIPA,2020 - MARZO,7.0,2,"Apoyo y Asociados Internacionales, Moodys Local PE Clasificadora de Riesgo",B+
CMAC AREQUIPA,2020 - SEPTIEMBRE,7.0,3,"Apoyo y Asociados Internacionales, Class y Asociados S.A., Moodys Local PE Clasificadora de Riesgo",B+
CMAC AREQUIPA,2021 - MARZO,7.0,2,"Apoyo y Asociados Internacionales, Class y Asociados S.A.",B+
CMAC AREQUIPA,2021 - SEPTIEMBRE,7.0,2,"Apoyo y Asociados Internacionales, Class y Asociados S.A.",B+
CMAC AREQUIPA,2022 - MARZO,7.0,2,"Apoyo y Asociados Internacionales, Class y Asociados S.A.",B+
CMAC AREQUIPA,2022 - SEPTIEMBRE,7.0,2,"Apoyo y Asociados Internacionales, Class y Asociados S.A.",B+
CMAC AREQUIPA,2023 - MARZO,7.0,2,"Apoyo y Asociados Internacionales, Moodys Local PE Clasificadora de Riesgo",B+
CMAC AREQUIPA,2023 - SEPTIEMBRE,7.5,2,"Apoyo y Asociados Internacionales, PCR (Pacific Credit Rating)",A-
CMAC AREQUIPA,2024 - MARZO,7.5,2,"Apoyo y Asociados Internacionales, PCR (Pacific Credit Rating)",A-
CMAC AREQUIPA,2024 - SEPTIEMBRE,7.5,2,"Apoyo y Asociados Internacionales, PCR (Pacific Credit Rating)",A-
CMAC AREQUIPA,2025 - MARZO,7.666666666666667,3,"Apoyo y Asociados Internacionales, JCR Latino America, PCR (Pacific Credit Rating)",A-
CMAC AREQUIPA,2025 - SEPTIEMBRE,8.0,2,"JCR Latino America, PCR (Pacific Credit Rating)",A-
CMAC AREQUIPA,2026 - MARZO,8.0,2,"JCR Latino America, PCR (Pacific Credit Rating)",A-
CMAC CUSCO,2012 - MARZO,6.0,2,"Class y Asociados S.A., Moodys Local PE Clasificadora de Riesgo",B
CMAC CUSCO,2012 - SEPTIEMBRE,6.0,2,"Class y Asociados S.A., Moodys Local PE Clasificadora de Riesgo",B
CMAC CUSCO,2013 - MARZO,6.0,2,"Class y Asociados S.A., Moodys Local PE Clasificadora de Riesgo",B
CMAC CUSCO,2013 - SEPTIEMBRE,6.0,2,"Class y Asociados S.A., Moodys Local PE Clasificadora de Riesgo",B
CMAC CUSCO,2014 - MARZO,6.0,2,"Class y Asociados S.A., Moodys Local PE Clasificadora de Riesgo",B
CMAC CUSCO,2014 - SEPTIEMBRE,6.0,2,"Class y Asociados S.A., Moodys Local PE Clasificadora de Riesgo",B
CMAC CUSCO,2015 - MARZO,6.0,2,"Class y Asociados S.A., Moodys Local PE Clasificadora de Riesgo",B
CMAC CUSCO,2015 - SEPTIEMBRE,6.0,2,"Class y Asociados S.A., Moodys Local PE Clasificadora de Riesgo",B
CMAC CUSCO,2016 - MARZO,6.0,2,"Class y Asociados S.A., Moodys Local PE Clasificadora de Riesgo",B
CMAC CUSCO,2016 - SEPTIEMBRE,6.0,2,"Class y Asociados S.A., Moodys Local PE Clasificadora de Riesgo",B
CMAC CUSCO,2017 - MARZO,6.0,2,"Class y Asociados S.A., Moodys Local PE Clasificadora de Riesgo",B
CMAC CUSCO,2017 - SEPTIEMBRE,6.0,2,"Class y Asociados S.A., Moodys Local PE Clasificadora de Riesgo",B
CMAC CUSCO,2018 - MARZO,7.0,2,"Class y Asociados S.A., Moodys Local PE Clasificadora de Riesgo",B+
CMAC CUSCO,2018 - SEPTIEMBRE,7.0,3,"Apoyo y Asociados Internacionales, Class y Asociados S.A., Moodys Local PE Clasificadora de Riesgo",B+
CMAC CUSCO,2019 - MARZO,7.0,3,"Apoyo y Asociados Internacionales, Class y Asociados S.A., Moodys Local PE Clasificadora de Riesgo",B+
CMAC CUSCO,2019 - SEPTIEMBRE,7.0,3,"Apoyo y Asociados Internacionales, Class y Asociados S.A., Moodys Local PE Clasificadora de Riesgo",B+
CMAC CUSCO,2020 - MARZO,7.0,3,"Apoyo y Asociados Internacionales, Class y Asociados S.A., Moodys Local PE Clasificadora de Riesgo",B+
CMAC CUSCO,2020 - SEPTIEMBRE,7.0,3,"Apoyo y Asociados Internacionales, Class y Asociados S.A., Moodys Local PE Clasificadora de Riesgo",B+
CMAC CUSCO,2021 - MARZO,7.0,2,"Apoyo y Asociados Internacionales, Class y Asociados S.A.",B+
CMAC CUSCO,2021 - SEPTIEMBRE,7.0,2,"Apoyo y Asociados Internacionales, Class y Asociados S.A.",B+
CMAC CUSCO,2022 - MARZO,7.0,2,"Apoyo y Asociados Internacionales, Class y Asociados S.A.",B+
CMAC CUSCO,2022 - SEPTIEMBRE,7.0,2,"Apoyo y Asociados Internacionales, Class y Asociados S.A.",B+
CMAC CUSCO,2023 - MARZO,7.0,2,"Apoyo y Asociados Internacionales, Moodys Local PE Clasificadora de Riesgo",B+
CMAC CUSCO,2023 - SEPTIEMBRE,7.0,2,"Apoyo y Asociados Internacionales, Moodys Local PE Clasificadora de Riesgo",B+
CMAC CUSCO,2024 - MARZO,7.0,3,"Apoyo y Asociados Internacionales, Moodys Local PE Clasificadora de Riesgo, PCR (Pacific Credit Rating)",B+
CMAC CUSCO,2024 - SEPTIEMBRE,7.0,3,"Apoyo y Asociados Internacionales, Moodys Local PE Clasificadora de Riesgo, PCR (Pacific Credit Rating)",B+
CMAC CUSCO,2025 - MARZO,7.0,3,"Apoyo y Asociados Internacionales, Moodys Local PE Clasificadora de Riesgo, PCR (Pacific Credit Rating)",B+
CMAC CUSCO,2025 - SEPTIEMBRE,7.333333333333333,3,"Apoyo y Asociados Internacionales, JCR Latino America, Moodys Local PE Clasificadora de Riesgo",B+
CMAC CUSCO,2026 - MARZO,8.0,3,"Apoyo y Asociados Internacionales, JCR Latino America, PCR (Pacific Credit Rating)",A-
CMAC DEL SANTA,2012 - MARZO,2.0,2,"Apoyo y Asociados Internacionales, Class y Asociados S.A.",C-
CMAC DEL SANTA,2012 - SEPTIEMBRE,2.0,2,"Apoyo y Asociados Internacionales, Class y Asociados S.A.",C-
CMAC DEL SANTA,2013 - MARZO,1.0,2,"Apoyo y Asociados Internacionales, Class y Asociados S.A.",D+
CMAC DEL SANTA,2013 - SEPTIEMBRE,1.0,2,"Apoyo y Asociados Internacionales, Class y Asociados S.A.",D+
CMAC DEL SANTA,2014 - MARZO,1.0,2,"Apoyo y Asociados Internacionales, Class y Asociados S.A.",D+
CMAC DEL SANTA,2014 - SEPTIEMBRE,1.0,2,"Apoyo y Asociados Internacionales, Class y Asociados S.A.",D+
CMAC DEL SANTA,2015 - MARZO,1.0,2,"Apoyo y Asociados Internacionales, Microrate",D+
CMAC DEL SANTA,2015 - SEPTIEMBRE,1.0,2,"Apoyo y Asociados Internacionales, Microrate",D+
CMAC DEL SANTA,2016 - MARZO,1.0,2,"Apoyo y Asociados Internacionales, Microrate",D+
CMAC DEL SANTA,2016 - SEPTIEMBRE,1.0,2,"Apoyo y Asociados Internacionales, Microrate",D+
CMAC DEL SANTA,2017 - MARZO,0.5,2,"Apoyo y Asociados Internacionales, Microrate",D
CMAC DEL SANTA,2017 - SEPTIEMBRE,0.5,2,"Apoyo y Asociados Internacionales, Microrate",D
CMAC DEL SANTA,2018 - MARZO,0.5,2,"Apoyo y Asociados Internacionales, Microrate",D
CMAC DEL SANTA,2018 - SEPTIEMBRE,0.5,2,"Apoyo y Asociados Internacionales, Microrate",D
CMAC DEL SANTA,2019 - MARZO,0.5,2,"Apoyo y Asociados Internacionales, Microrate",D
CMAC DEL SANTA,2019 - SEPTIEMBRE,0.5,2,"Apoyo y Asociados Internacionales, Microrate",D
CMAC DEL SANTA,2020 - MARZO,0.0,2,"Apoyo y Asociados Internacionales, Microrate",D
CMAC DEL SANTA,2020 - SEPTIEMBRE,0.0,2,"Apoyo y Asociados Internacionales, Microrate",D
CMAC DEL SANTA,2021 - MARZO,0.0,2,"Apoyo y Asociados Internacionales, Microrate",D
CMAC DEL SANTA,2021 - SEPTIEMBRE,0.0,2,"Apoyo y Asociados Internacionales, Microrate",D
CMAC DEL SANTA,2022 - MARZO,0.0,2,"Apoyo y Asociados Internacionales, Microrate",D
CMAC DEL SANTA,2022 - SEPTIEMBRE,1.0,2,"Apoyo y Asociados Internacionales, Microrate",D+
CMAC DEL SANTA,2023 - MARZO,1.0,2,"Apoyo y Asociados Internacionales, Microrate",D+
CMAC DEL SANTA,2023 - SEPTIEMBRE,1.5,2,"Apoyo y Asociados Internacionales, Microrate",C-
CMAC DEL SANTA,2024 - MARZO,1.5,2,"Apoyo y Asociados Internacionales, Microrate",C-
CMAC DEL SANTA,2024 - SEPTIEMBRE,1.5,2,"Apoyo y Asociados Internacionales, Microrate",C-
CMAC DEL SANTA,2025 - MARZO,1.5,2,"Apoyo y Asociados Internacionales, Microrate",C-
CMAC DEL SANTA,2025 - SEPTIEMBRE,1.5,2,"Apoyo y Asociados Internacionales, Microrate",C-
CMAC DEL SANTA,2026 - MARZO,1.5,2,"Apoyo y Asociados Internacionales, Microrate",C-
CMAC HUANCAYO,2012 - MARZO,6.0,2,"Class y Asociados S.A., Moodys Local PE Clasificadora de Riesgo",B
CMAC HUANCAYO,2012 - SEPTIEMBRE,6.0,2,"Class y Asociados S.A., Moodys Local PE Clasificadora de Riesgo",B
CMAC HUANCAYO,2013 - MARZO,6.0,2,"Class y Asociados S.A., Moodys Local PE Clasificadora de Riesgo",B
CMAC HUANCAYO,2013 - SEPTIEMBRE,6.333333333333333,3,"Apoyo y Asociados Internacionales, Class y Asociados S.A., Moodys Local PE Clasificadora de Riesgo",B
CMAC HUANCAYO,2014 - MARZO,6.666666666666667,3,"Apoyo y Asociados Internacionales, Class y Asociados S.A., Moodys Local PE Clasificadora de Riesgo",B+
CMAC HUANCAYO,2014 - SEPTIEMBRE,7.0,2,"Class y Asociados S.A., Moodys Local PE Clasificadora de Riesgo",B+
CMAC HUANCAYO,2015 - MARZO,7.0,2,"Class y Asociados S.A., Moodys Local PE Clasificadora de Riesgo",B+
CMAC HUANCAYO,2015 - SEPTIEMBRE,7.0,2,"Class y Asociados S.A., Moodys Local PE Clasificadora de Riesgo",B+
CMAC HUANCAYO,2016 - MARZO,7.0,2,"Class y Asociados S.A., Moodys Local PE Clasificadora de Riesgo",B+
CMAC HUANCAYO,2016 - SEPTIEMBRE,7.0,2,"Class y Asociados S.A., Moodys Local PE Clasificadora de Riesgo",B+
CMAC HUANCAYO,2017 - MARZO,7.0,2,"Class y Asociados S.A., Moodys Local PE Clasificadora de Riesgo",B+
CMAC HUANCAYO,2017 - SEPTIEMBRE,7.0,2,"Class y Asociados S.A., Moodys Local PE Clasificadora de Riesgo",B+
CMAC HUANCAYO,2018 - MARZO,7.0,2,"Class y Asociados S.A., Moodys Local PE Clasificadora de Riesgo",B+
CMAC HUANCAYO,2018 - SEPTIEMBRE,7.0,2,"Class y Asociados S.A., Moodys Local PE Clasificadora de Riesgo",B+
CMAC HUANCAYO,2019 - MARZO,7.0,2,"Class y Asociados S.A., Moodys Local PE Clasificadora de Riesgo",B+
CMAC HUANCAYO,2019 - SEPTIEMBRE,7.0,2,"Class y Asociados S.A., Moodys Local PE Clasificadora de Riesgo",B+
CMAC HUANCAYO,2020 - MARZO,7.0,2,"Class y Asociados S.A., Moodys Local PE Clasificadora de Riesgo",B+
CMAC HUANCAYO,2020 - SEPTIEMBRE,7.0,2,"Class y Asociados S.A., Moodys Local PE Clasificadora de Riesgo",B+
CMAC HUANCAYO,2021 - MARZO,7.0,2,"Class y Asociados S.A., Moodys Local PE Clasificadora de Riesgo",B+
CMAC HUANCAYO,2021 - SEPTIEMBRE,7.0,2,"Class y Asociados S.A., Moodys Local PE Clasificadora de Riesgo",B+
CMAC HUANCAYO,2022 - MARZO,7.0,2,"Class y Asociados S.A., Moodys Local PE Clasificadora de Riesgo",B+
CMAC HUANCAYO,2022 - SEPTIEMBRE,7.0,2,"JCR Latino America, Moodys Local PE Clasificadora de Riesgo",B+
CMAC HUANCAYO,2023 - MARZO,7.0,2,"JCR Latino America, Moodys Local PE Clasificadora de Riesgo",B+
CMAC HUANCAYO,2023 - SEPTIEMBRE,7.0,2,"JCR Latino America, Moodys Local PE Clasificadora de Riesgo",B+
CMAC HUANCAYO,2024 - MARZO,7.0,2,"JCR Latino America, Moodys Local PE Clasificadora de Riesgo",B+
CMAC HUANCAYO,2024 - SEPTIEMBRE,7.5,2,"JCR Latino America, Moodys Local PE Clasificadora de Riesgo",A-
CMAC HUANCAYO,2025 - MARZO,7.5,2,"JCR Latino America, Moodys Local PE Clasificadora de Riesgo",A-
CMAC HUANCAYO,2025 - SEPTIEMBRE,7.666666666666667,3,"JCR Latino America, Moodys Local PE Clasificadora de Riesgo, PCR (Pacific Credit Rating)",A-
CMAC HUANCAYO,2026 - MARZO,7.666666666666667,3,"JCR Latino America, Moodys Local PE Clasificadora de Riesgo, PCR (Pacific Credit Rating)",A-
CMAC ICA,2012 - MARZO,4.0,2,"Class y Asociados S.A., Moodys Local PE Clasificadora de Riesgo",C+
CMAC ICA,2012 - SEPTIEMBRE,4.0,2,"Class y Asociados S.A., Moodys Local PE Clasificadora de Riesgo",C+
CMAC ICA,2013 - MARZO,4.0,2,"Class y Asociados S.A., Moodys Local PE Clasificadora de Riesgo",C+
CMAC ICA,2013 - SEPTIEMBRE,4.0,2,"Class y Asociados S.A., Moodys Local PE Clasificadora de Riesgo",C+
CMAC ICA,2014 - MARZO,4.0,2,"Class y Asociados S.A., Moodys Local PE Clasificadora de Riesgo",C+
CMAC ICA,2014 - SEPTIEMBRE,4.0,2,"Microrate, Moodys Local PE Clasificadora de Riesgo",C+
CMAC ICA,2015 - MARZO,4.0,2,"Microrate, Moodys Local PE Clasificadora de Riesgo",C+
CMAC ICA,2015 - SEPTIEMBRE,4.0,2,"Microrate, Moodys Local PE Clasificadora de Riesgo",C+
CMAC ICA,2016 - MARZO,4.0,2,"Microrate, Moodys Local PE Clasificadora de Riesgo",C+
CMAC ICA,2016 - SEPTIEMBRE,4.0,2,"Microrate, Moodys Local PE Clasificadora de Riesgo",C+
CMAC ICA,2017 - MARZO,4.0,2,"Microrate, Moodys Local PE Clasificadora de Riesgo",C+
CMAC ICA,2017 - SEPTIEMBRE,4.0,2,"Class y Asociados S.A., Moodys Local PE Clasificadora de Riesgo",C+
CMAC ICA,2018 - MARZO,4.0,2,"Class y Asociados S.A., Moodys Local PE Clasificadora de Riesgo",C+
CMAC ICA,2018 - SEPTIEMBRE,4.5,2,"Class y Asociados S.A., Moodys Local PE Clasificadora de Riesgo",C+
CMAC ICA,2019 - MARZO,5.0,3,"Apoyo y Asociados Internacionales, Class y Asociados S.A., Moodys Local PE Clasificadora de Riesgo",B-
CMAC ICA,2019 - SEPTIEMBRE,5.0,3,"Apoyo y Asociados Internacionales, Class y Asociados S.A., Moodys Local PE Clasificadora de Riesgo",B-
CMAC ICA,2020 - MARZO,5.0,3,"Apoyo y Asociados Internacionales, Class y Asociados S.A., Moodys Local PE Clasificadora de Riesgo",B-
CMAC ICA,2020 - SEPTIEMBRE,5.0,3,"Apoyo y Asociados Internacionales, Class y Asociados S.A., Moodys Local PE Clasificadora de Riesgo",B-
CMAC ICA,2021 - MARZO,5.0,3,"Apoyo y Asociados Internacionales, Class y Asociados S.A., Moodys Local PE Clasificadora de Riesgo",B-
CMAC ICA,2021 - SEPTIEMBRE,5.0,3,"Apoyo y Asociados Internacionales, JCR Latino America, Moodys Local PE Clasificadora de Riesgo",B-
CMAC ICA,2022 - MARZO,5.333333333333333,3,"Apoyo y Asociados Internacionales, JCR Latino America, Moodys Local PE Clasificadora de Riesgo",B-
CMAC ICA,2022 - SEPTIEMBRE,5.333333333333333,3,"Apoyo y Asociados Internacionales, JCR Latino America, Moodys Local PE Clasificadora de Riesgo",B-
CMAC ICA,2023 - MARZO,5.333333333333333,3,"Apoyo y Asociados Internacionales, JCR Latino America, Moodys Local PE Clasificadora de Riesgo",B-
CMAC ICA,2023 - SEPTIEMBRE,5.5,2,"Apoyo y Asociados Internacionales, JCR Latino America",B
CMAC ICA,2024 - MARZO,5.666666666666667,3,"Apoyo y Asociados Internacionales, JCR Latino America, PCR (Pacific Credit Rating)",B
CMAC ICA,2024 - SEPTIEMBRE,6.0,3,"Apoyo y Asociados Internacionales, JCR Latino America, PCR (Pacific Credit Rating)",B
CMAC ICA,2025 - MARZO,6.0,3,"Apoyo y Asociados Internacionales, JCR Latino America, PCR (Pacific Credit Rating)",B
CMAC ICA,2025 - SEPTIEMBRE,6.0,3,"Apoyo y Asociados Internacionales, JCR Latino America, PCR (Pacific Credit Rating)",B
CMAC ICA,2026 - MARZO,7.0,2,"JCR Latino America, PCR (Pacific Credit Rating)",B+
CMAC MAYNAS,2012 - MARZO,4.0,2,"Class y Asociados S.A., Microrate",C+
CMAC MAYNAS,2012 - SEPTIEMBRE,4.0,1,Class y Asociados S.A.,C+
CMAC MAYNAS,2013 - MARZO,4.0,1,Class y Asociados S.A.,C+
CMAC MAYNAS,2013 - SEPTIEMBRE,4.0,2,"Class y Asociados S.A., PCR (Pacific Credit Rating)",C+
CMAC MAYNAS,2014 - MARZO,4.0,2,"Class y Asociados S.A., PCR (Pacific Credit Rating)",C+
CMAC MAYNAS,2014 - SEPTIEMBRE,4.0,2,"Class y Asociados S.A., PCR (Pacific Credit Rating)",C+
CMAC MAYNAS,2015 - MARZO,4.0,2,"Class y Asociados S.A., PCR (Pacific Credit Rating)",C+
CMAC MAYNAS,2015 - SEPTIEMBRE,4.0,2,"Class y Asociados S.A., PCR (Pacific Credit Rating)",C+
CMAC MAYNAS,2016 - MARZO,4.0,2,"Class y Asociados S.A., PCR (Pacific Credit Rating)",C+
CMAC MAYNAS,2016 - SEPTIEMBRE,4.0,2,"Class y Asociados S.A., PCR (Pacific Credit Rating)",C+
CMAC MAYNAS,2017 - MARZO,4.0,2,"Class y Asociados S.A., PCR (Pacific Credit Rating)",C+
CMAC MAYNAS,2017 - SEPTIEMBRE,4.0,2,"Class y Asociados S.A., PCR (Pacific Credit Rating)",C+
CMAC MAYNAS,2018 - MARZO,4.0,2,"Class y Asociados S.A., PCR (Pacific Credit Rating)",C+
CMAC MAYNAS,2018 - SEPTIEMBRE,4.0,2,"Class y Asociados S.A., PCR (Pacific Credit Rating)",C+
CMAC MAYNAS,2019 - MARZO,4.0,2,"Apoyo y Asociados Internacionales, Class y Asociados S.A.",C+
CMAC MAYNAS,2019 - SEPTIEMBRE,4.0,2,"Apoyo y Asociados Internacionales, Class y Asociados S.A.",C+
CMAC MAYNAS,2020 - MARZO,4.0,2,"Apoyo y Asociados Internacionales, Class y Asociados S.A.",C+
CMAC MAYNAS,2020 - SEPTIEMBRE,4.0,2,"Apoyo y Asociados Internacionales, Class y Asociados S.A.",C+
CMAC MAYNAS,2021 - MARZO,4.0,2,"Apoyo y Asociados Internacionales, Class y Asociados S.A.",C+
CMAC MAYNAS,2021 - SEPTIEMBRE,5.0,2,"Apoyo y Asociados Internacionales, Class y Asociados S.A.",B-
CMAC MAYNAS,2022 - MARZO,5.0,2,"Apoyo y Asociados Internacionales, Class y Asociados S.A.",B-
CMAC MAYNAS,2022 - SEPTIEMBRE,5.0,2,"Apoyo y Asociados Internacionales, Class y Asociados S.A.",B-
CMAC MAYNAS,2023 - MARZO,5.0,2,"Apoyo y Asociados Internacionales, Moodys Local PE Clasificadora de Riesgo",B-
CMAC MAYNAS,2023 - SEPTIEMBRE,5.0,2,"Apoyo y Asociados Internacionales, Moodys Local PE Clasificadora de Riesgo",B-
CMAC MAYNAS,2024 - MARZO,5.0,2,"Apoyo y Asociados Internacionales, Moodys Local PE Clasificadora de Riesgo",B-
CMAC MAYNAS,2024 - SEPTIEMBRE,5.0,2,"Apoyo y Asociados Internacionales, Moodys Local PE Clasificadora de Riesgo",B-
CMAC MAYNAS,2025 - MARZO,5.0,2,"Apoyo y Asociados Internacionales, Moodys Local PE Clasificadora de Riesgo",B-
CMAC MAYNAS,2025 - SEPTIEMBRE,5.0,2,"Apoyo y Asociados Internacionales, Moodys Local PE Clasificadora de Riesgo",B-
CMAC MAYNAS,2026 - MARZO,5.0,2,"Apoyo y Asociados Internacionales, Moodys Local PE Clasificadora de Riesgo",B-
CMAC PAITA,2012 - MARZO,2.0,2,"Class y Asociados S.A., PCR (Pacific Credit Rating)",C-
CMAC PAITA,2012 - SEPTIEMBRE,2.0,2,"Class y Asociados S.A., PCR (Pacific Credit Rating)",C-
CMAC PAITA,2013 - MARZO,0.5,2,"Class y Asociados S.A., PCR (Pacific Credit Rating)",D
CMAC PAITA,2013 - SEPTIEMBRE,0.5,2,"Class y Asociados S.A., PCR (Pacific Credit Rating)",D
CMAC PAITA,2014 - MARZO,0.5,2,"Class y Asociados S.A., PCR (Pacific Credit Rating)",D
CMAC PAITA,2014 - SEPTIEMBRE,1.0,2,"Class y Asociados S.A., Microrate",D+
CMAC PAITA,2015 - MARZO,1.0,2,"Class y Asociados S.A., Microrate",D+
CMAC PAITA,2015 - SEPTIEMBRE,1.0,1,Class y Asociados S.A.,D+
CMAC PAITA,2016 - MARZO,0.5,2,"Class y Asociados S.A., PCR (Pacific Credit Rating)",D
CMAC PAITA,2016 - SEPTIEMBRE,0.0,2,"Class y Asociados S.A., PCR (Pacific Credit Rating)",D
CMAC PAITA,2017 - MARZO,0.0,2,"Class y Asociados S.A., PCR (Pacific Credit Rating)",D
CMAC PAITA,2017 - SEPTIEMBRE,1.0,2,"Class y Asociados S.A., Microrate",D+
CMAC PAITA,2018 - MARZO,1.0,2,"Class y Asociados S.A., Microrate",D+
CMAC PAITA,2018 - SEPTIEMBRE,1.0,2,"Class y Asociados S.A., Microrate",D+
CMAC PAITA,2019 - MARZO,1.0,2,"Class y Asociados S.A., Microrate",D+
CMAC PAITA,2019 - SEPTIEMBRE,1.0,2,"Class y Asociados S.A., Microrate",D+
CMAC PAITA,2020 - MARZO,1.0,2,"Class y Asociados S.A., Microrate",D+
CMAC PAITA,2020 - SEPTIEMBRE,1.0,2,"Class y Asociados S.A., Microrate",D+
CMAC PAITA,2021 - MARZO,1.0,2,"Class y Asociados S.A., Microrate",D+
CMAC PAITA,2021 - SEPTIEMBRE,1.5,2,"Apoyo y Asociados Internacionales, Microrate",C-
CMAC PAITA,2022 - MARZO,2.0,2,"Apoyo y Asociados Internacionales, Microrate",C-
CMAC PAITA,2022 - SEPTIEMBRE,2.0,2,"Apoyo y Asociados Internacionales, Microrate",C-
CMAC PAITA,2023 - MARZO,3.0,2,"Apoyo y Asociados Internacionales, Microrate",C
CMAC PAITA,2023 - SEPTIEMBRE,3.0,2,"Apoyo y Asociados Internacionales, Microrate",C
CMAC PAITA,2024 - MARZO,3.0,2,"Apoyo y Asociados Internacionales, Microrate",C
CMAC PAITA,2024 - SEPTIEMBRE,3.0,2,"Apoyo y Asociados Internacionales, Microrate",C
CMAC PAITA,2025 - MARZO,3.0,2,"Apoyo y Asociados Internacionales, Microrate",C
CMAC PAITA,2025 - SEPTIEMBRE,3.0,2,"Apoyo y Asociados Internacionales, Microrate",C
CMAC PAITA,2026 - MARZO,3.0,2,"Apoyo y Asociados Internacionales, Microrate",C
CMAC PISCO,2012 - MARZO,3.0,2,"Class y Asociados S.A., PCR (Pacific Credit Rating)",C
CMAC PISCO,2012 - SEPTIEMBRE,3.0,2,"Class y Asociados S.A., PCR (Pacific Credit Rating)",C
CMAC PISCO,2013 - MARZO,3.0,2,"Class y Asociados S.A., PCR (Pacific Credit Rating)",C
CMAC PISCO,2013 - SEPTIEMBRE,2.0,2,"Class y Asociados S.A., PCR (Pacific Credit Rating)",C-
CMAC PISCO,2014 - MARZO,0.0,1,PCR (Pacific Credit Rating),D
CMAC PIURA,2012 - MARZO,5.0,2,"Class y Asociados S.A., Moodys Local PE Clasificadora de Riesgo",B-
CMAC PIURA,2012 - SEPTIEMBRE,5.0,2,"Class y Asociados S.A., Moodys Local PE Clasificadora de Riesgo",B-
CMAC PIURA,2013 - MARZO,5.0,2,"Class y Asociados S.A., Moodys Local PE Clasificadora de Riesgo",B-
CMAC PIURA,2013 - SEPTIEMBRE,5.0,2,"Class y Asociados S.A., Moodys Local PE Clasificadora de Riesgo",B-
CMAC PIURA,2014 - MARZO,5.0,2,"Class y Asociados S.A., Moodys Local PE Clasificadora de Riesgo",B-
CMAC PIURA,2014 - SEPTIEMBRE,4.5,2,"Class y Asociados S.A., Moodys Local PE Clasificadora de Riesgo",C+
CMAC PIURA,2015 - MARZO,5.0,2,"Class y Asociados S.A., Microrate",B-
CMAC PIURA,2015 - SEPTIEMBRE,5.0,2,"Class y Asociados S.A., Microrate",B-
CMAC PIURA,2016 - MARZO,5.0,2,"Class y Asociados S.A., Microrate",B-
CMAC PIURA,2016 - SEPTIEMBRE,5.0,2,"Class y Asociados S.A., Microrate",B-
CMAC PIURA,2017 - MARZO,5.0,2,"Class y Asociados S.A., Microrate",B-
CMAC PIURA,2017 - SEPTIEMBRE,5.0,2,"Class y Asociados S.A., Microrate",B-
CMAC PIURA,2018 - MARZO,5.0,2,"Class y Asociados S.A., Microrate",B-
CMAC PIURA,2018 - SEPTIEMBRE,5.5,2,"Class y Asociados S.A., Microrate",B
CMAC PIURA,2019 - MARZO,6.0,2,"Class y Asociados S.A., Microrate",B
CMAC PIURA,2019 - SEPTIEMBRE,6.0,2,"Class y Asociados S.A., Microrate",B
CMAC PIURA,2020 - MARZO,6.0,2,"Class y Asociados S.A., Microrate",B
CMAC PIURA,2020 - SEPTIEMBRE,6.0,2,"Class y Asociados S.A., Microrate",B
CMAC PIURA,2021 - MARZO,6.0,2,"Class y Asociados S.A., Microrate",B
CMAC PIURA,2021 - SEPTIEMBRE,6.0,2,"Class y Asociados S.A., Microrate",B
CMAC PIURA,2022 - MARZO,6.0,2,"Class y Asociados S.A., Microrate",B
CMAC PIURA,2022 - SEPTIEMBRE,6.0,2,"Class y Asociados S.A., Microrate",B
CMAC PIURA,2023 - MARZO,6.5,2,"Microrate, Moodys Local PE Clasificadora de Riesgo",B
CMAC PIURA,2023 - SEPTIEMBRE,6.5,2,"Microrate, Moodys Local PE Clasificadora de Riesgo",B
CMAC PIURA,2024 - MARZO,6.5,2,"Microrate, Moodys Local PE Clasificadora de Riesgo",B
CMAC PIURA,2024 - SEPTIEMBRE,6.0,2,"Microrate, Moodys Local PE Clasificadora de Riesgo",B
CMAC PIURA,2025 - MARZO,6.0,2,"Microrate, Moodys Local PE Clasificadora de Riesgo",B
CMAC PIURA,2025 - SEPTIEMBRE,6.0,2,"Microrate, Moodys Local PE Clasificadora de Riesgo",B
CMAC PIURA,2026 - MARZO,6.0,2,"Microrate, Moodys Local PE Clasificadora de Riesgo",B
CMAC SULLANA,2012 - MARZO,6.0,2,"Class y Asociados S.A., Moodys Local PE Clasificadora de Riesgo",B
CMAC SULLANA,2012 - SEPTIEMBRE,6.0,2,"Class y Asociados S.A., Moodys Local PE Clasificadora de Riesgo",B
CMAC SULLANA,2013 - MARZO,6.0,2,"Class y Asociados S.A., Moodys Local PE Clasificadora de Riesgo",B
CMAC SULLANA,2013 - SEPTIEMBRE,5.666666666666667,3,"Class y Asociados S.A., Microrate, Moodys Local PE Clasificadora de Riesgo",B
CMAC SULLANA,2014 - MARZO,5.333333333333333,3,"Class y Asociados S.A., Microrate, Moodys Local PE Clasificadora de Riesgo",B-
CMAC SULLANA,2014 - SEPTIEMBRE,5.333333333333333,3,"Class y Asociados S.A., Microrate, Moodys Local PE Clasificadora de Riesgo",B-
CMAC SULLANA,2015 - MARZO,5.333333333333333,3,"Class y Asociados S.A., Microrate, Moodys Local PE Clasificadora de Riesgo",B-
CMAC SULLANA,2015 - SEPTIEMBRE,5.333333333333333,3,"Class y Asociados S.A., Microrate, Moodys Local PE Clasificadora de Riesgo",B-
CMAC SULLANA,2016 - MARZO,5.333333333333333,3,"Class y Asociados S.A., Microrate, Moodys Local PE Clasificadora de Riesgo",B-
CMAC SULLANA,2016 - SEPTIEMBRE,5.333333333333333,3,"Class y Asociados S.A., Microrate, Moodys Local PE Clasificadora de Riesgo",B-
CMAC SULLANA,2017 - MARZO,5.333333333333333,3,"Class y Asociados S.A., Microrate, Moodys Local PE Clasificadora de Riesgo",B-
CMAC SULLANA,2017 - SEPTIEMBRE,5.0,3,"Class y Asociados S.A., Microrate, Moodys Local PE Clasificadora de Riesgo",B-
CMAC SULLANA,2018 - MARZO,5.0,2,"Class y Asociados S.A., Microrate",B-
CMAC SULLANA,2018 - SEPTIEMBRE,4.0,2,"Class y Asociados S.A., Microrate",C+
CMAC SULLANA,2019 - MARZO,4.0,2,"Class y Asociados S.A., Microrate",C+
CMAC SULLANA,2019 - SEPTIEMBRE,4.0,2,"Class y Asociados S.A., Microrate",C+
CMAC SULLANA,2020 - MARZO,3.5,2,"Class y Asociados S.A., Microrate",C+
CMAC SULLANA,2020 - SEPTIEMBRE,3.0,2,"Class y Asociados S.A., Microrate",C
CMAC SULLANA,2021 - MARZO,2.5,2,"Class y Asociados S.A., Microrate",C-
CMAC SULLANA,2021 - SEPTIEMBRE,2.0,2,"Class y Asociados S.A., Microrate",C-
CMAC SULLANA,2022 - MARZO,1.5,2,"Class y Asociados S.A., Microrate",C-
CMAC SULLANA,2022 - SEPTIEMBRE,2.0,2,"Class y Asociados S.A., Microrate",C-
CMAC SULLANA,2023 - MARZO,2.5,2,"Microrate, Moodys Local PE Clasificadora de Riesgo",C-
CMAC SULLANA,2023 - SEPTIEMBRE,2.5,2,"Microrate, Moodys Local PE Clasificadora de Riesgo",C-
CMAC SULLANA,2024 - MARZO,1.0,1,Microrate,D+
CMAC TACNA,2012 - MARZO,5.0,2,"Class y Asociados S.A., Moodys Local PE Clasificadora de Riesgo",B-
CMAC TACNA,2012 - SEPTIEMBRE,5.0,2,"Class y Asociados S.A., Moodys Local PE Clasificadora de Riesgo",B-
CMAC TACNA,2013 - MARZO,5.0,2,"Class y Asociados S.A., Moodys Local PE Clasificadora de Riesgo",B-
CMAC TACNA,2013 - SEPTIEMBRE,5.0,2,"Class y Asociados S.A., Moodys Local PE Clasificadora de Riesgo",B-
CMAC TACNA,2014 - MARZO,5.0,2,"Class y Asociados S.A., Moodys Local PE Clasificadora de Riesgo",B-
CMAC TACNA,2014 - SEPTIEMBRE,5.0,2,"Class y Asociados S.A., Moodys Local PE Clasificadora de Riesgo",B-
CMAC TACNA,2015 - MARZO,4.0,2,"Class y Asociados S.A., Moodys Local PE Clasificadora de Riesgo",C+
CMAC TACNA,2015 - SEPTIEMBRE,4.0,2,"Class y Asociados S.A., Moodys Local PE Clasificadora de Riesgo",C+
CMAC TACNA,2016 - MARZO,4.0,2,"Class y Asociados S.A., Moodys Local PE Clasificadora de Riesgo",C+
CMAC TACNA,2016 - SEPTIEMBRE,4.0,2,"Class y Asociados S.A., Moodys Local PE Clasificadora de Riesgo",C+
CMAC TACNA,2017 - MARZO,4.0,2,"Class y Asociados S.A., Moodys Local PE Clasificadora de Riesgo",C+
CMAC TACNA,2017 - SEPTIEMBRE,4.0,2,"Class y Asociados S.A., Moodys Local PE Clasificadora de Riesgo",C+
CMAC TACNA,2018 - MARZO,4.0,2,"Class y Asociados S.A., Moodys Local PE Clasificadora de Riesgo",C+
CMAC TACNA,2018 - SEPTIEMBRE,4.0,2,"Class y Asociados S.A., Moodys Local PE Clasificadora de Riesgo",C+
CMAC TACNA,2019 - MARZO,4.0,2,"Class y Asociados S.A., Moodys Local PE Clasificadora de Riesgo",C+
CMAC TACNA,2019 - SEPTIEMBRE,3.5,2,"Class y Asociados S.A., Moodys Local PE Clasificadora de Riesgo",C+
CMAC TACNA,2020 - MARZO,3.5,2,"Class y Asociados S.A., Moodys Local PE Clasificadora de Riesgo",C+
CMAC TACNA,2020 - SEPTIEMBRE,3.0,2,"Class y Asociados S.A., Moodys Local PE Clasificadora de Riesgo",C
CMAC TACNA,2021 - MARZO,3.0,2,"Class y Asociados S.A., Moodys Local PE Clasificadora de Riesgo",C
CMAC TACNA,2021 - SEPTIEMBRE,2.5,2,"Class y Asociados S.A., Moodys Local PE Clasificadora de Riesgo",C-
CMAC TACNA,2022 - MARZO,2.5,2,"Class y Asociados S.A., Moodys Local PE Clasificadora de Riesgo",C-
CMAC TACNA,2022 - SEPTIEMBRE,2.5,2,"Microrate, Moodys Local PE Clasificadora de Riesgo",C-
CMAC TACNA,2023 - MARZO,2.5,2,"Microrate, Moodys Local PE Clasificadora de Riesgo",C-
CMAC TACNA,2023 - SEPTIEMBRE,2.5,2,"Microrate, Moodys Local PE Clasificadora de Riesgo",C-
CMAC TACNA,2024 - MARZO,2.5,2,"Microrate, Moodys Local PE Clasificadora de Riesgo",C-
CMAC TACNA,2024 - SEPTIEMBRE,2.5,2,"Microrate, Moodys Local PE Clasificadora de Riesgo",C-
CMAC TACNA,2025 - MARZO,2.5,2,"Microrate, Moodys Local PE Clasificadora de Riesgo",C-
CMAC TACNA,2025 - SEPTIEMBRE,3.0,2,"JCR Latino America, Moodys Local PE Clasificadora de Riesgo",C
CMAC TACNA,2026 - MARZO,3.0,2,"JCR Latino America, Moodys Local PE Clasificadora de Riesgo",C
CMAC TRUJILLO,2012 - MARZO,5.0,2,"Class y Asociados S.A., Moodys Local PE Clasificadora de Riesgo",B-
CMAC TRUJILLO,2012 - SEPTIEMBRE,5.0,2,"Class y Asociados S.A., Moodys Local PE Clasificadora de Riesgo",B-
CMAC TRUJILLO,2013 - MARZO,5.0,2,"Class y Asociados S.A., Moodys Local PE Clasificadora de Riesgo",B-
CMAC TRUJILLO,2013 - SEPTIEMBRE,5.0,2,"Class y Asociados S.A., Moodys Local PE Clasificadora de Riesgo",B-
CMAC TRUJILLO,2014 - MARZO,5.5,2,"Class y Asociados S.A., Moodys Local PE Clasificadora de Riesgo",B
CMAC TRUJILLO,2014 - SEPTIEMBRE,5.5,2,"Class y Asociados S.A., Moodys Local PE Clasificadora de Riesgo",B
CMAC TRUJILLO,2015 - MARZO,5.5,2,"Class y Asociados S.A., Moodys Local PE Clasificadora de Riesgo",B
CMAC TRUJILLO,2015 - SEPTIEMBRE,5.5,2,"Class y Asociados S.A., Moodys Local PE Clasificadora de Riesgo",B
CMAC TRUJILLO,2016 - MARZO,5.5,2,"Class y Asociados S.A., Moodys Local PE Clasificadora de Riesgo",B
CMAC TRUJILLO,2016 - SEPTIEMBRE,5.5,2,"Class y Asociados S.A., Moodys Local PE Clasificadora de Riesgo",B
CMAC TRUJILLO,2017 - MARZO,5.5,2,"Class y Asociados S.A., Moodys Local PE Clasificadora de Riesgo",B
CMAC TRUJILLO,2017 - SEPTIEMBRE,5.666666666666667,3,"Apoyo y Asociados Internacionales, Class y Asociados S.A., Moodys Local PE Clasificadora de Riesgo",B
CMAC TRUJILLO,2018 - MARZO,5.666666666666667,3,"Apoyo y Asociados Internacionales, Class y Asociados S.A., Moodys Local PE Clasificadora de Riesgo",B
CMAC TRUJILLO,2018 - SEPTIEMBRE,5.666666666666667,3,"Apoyo y Asociados Internacionales, Class y Asociados S.A., Moodys Local PE Clasificadora de Riesgo",B
CMAC TRUJILLO,2019 - MARZO,6.0,3,"Apoyo y Asociados Internacionales, Class y Asociados S.A., Moodys Local PE Clasificadora de Riesgo",B
CMAC TRUJILLO,2019 - SEPTIEMBRE,6.0,2,"Apoyo y Asociados Internacionales, Moodys Local PE Clasificadora de Riesgo",B
CMAC TRUJILLO,2020 - MARZO,6.0,2,"Apoyo y Asociados Internacionales, Moodys Local PE Clasificadora de Riesgo",B
CMAC TRUJILLO,2020 - SEPTIEMBRE,6.0,2,"Apoyo y Asociados Internacionales, Moodys Local PE Clasificadora de Riesgo",B
CMAC TRUJILLO,2021 - MARZO,6.0,2,"Apoyo y Asociados Internacionales, Moodys Local PE Clasificadora de Riesgo",B
CMAC TRUJILLO,2021 - SEPTIEMBRE,6.0,2,"Apoyo y Asociados Internacionales, Class y Asociados S.A.",B
CMAC TRUJILLO,2022 - MARZO,6.0,2,"Apoyo y Asociados Internacionales, Class y Asociados S.A.",B
CMAC TRUJILLO,2022 - SEPTIEMBRE,6.0,2,"Apoyo y Asociados Internacionales, Class y Asociados S.A.",B
CMAC TRUJILLO,2023 - MARZO,6.5,2,"Apoyo y Asociados Internacionales, Moodys Local PE Clasificadora de Riesgo",B
CMAC TRUJILLO,2023 - SEPTIEMBRE,7.0,2,"Apoyo y Asociados Internacionales, Moodys Local PE Clasificadora de Riesgo",B+
CMAC TRUJILLO,2024 - MARZO,7.0,2,"Apoyo y Asociados Internacionales, Moodys Local PE Clasificadora de Riesgo",B+
CMAC TRUJILLO,2024 - SEPTIEMBRE,7.0,2,"Apoyo y Asociados Internacionales, Moodys Local PE Clasificadora de Riesgo",B+
CMAC TRUJILLO,2025 - MARZO,7.0,2,"Apoyo y Asociados Internacionales, Moodys Local PE Clasificadora de Riesgo",B+
CMAC TRUJILLO,2025 - SEPTIEMBRE,7.0,2,"Apoyo y Asociados Internacionales, Moodys Local PE Clasificadora de Riesgo",B+
CMAC TRUJILLO,2026 - MARZO,7.0,2,"Apoyo y Asociados Internacionales, Moodys Local PE Clasificadora de Riesgo",B+
CMCP LIMA,2012 - MARZO,6.0,2,"Apoyo y Asociados Internacionales, Class y Asociados S.A.",B
CMCP LIMA,2012 - SEPTIEMBRE,6.0,2,"Apoyo y Asociados Internacionales, Class y Asociados S.A.",B
CMCP LIMA,2013 - MARZO,5.5,2,"Apoyo y Asociados Internacionales, Class y Asociados S.A.",B
CMCP LIMA,2013 - SEPTIEMBRE,4.5,2,"Apoyo y Asociados Internacionales, Class y Asociados S.A.",C+
CMCP LIMA,2014 - MARZO,4.0,2,"Apoyo y Asociados Internacionales, Class y Asociados S.A.",C+
CMCP LIMA,2014 - SEPTIEMBRE,4.0,2,"Apoyo y Asociados Internacionales, Class y Asociados S.A.",C+
CMCP LIMA,2015 - MARZO,3.0,2,"Apoyo y Asociados Internacionales, Class y Asociados S.A.",C
CMCP LIMA,2015 - SEPTIEMBRE,3.0,2,"Apoyo y Asociados Internacionales, Class y Asociados S.A.",C
CMCP LIMA,2016 - MARZO,3.0,2,"Apoyo y Asociados Internacionales, Class y Asociados S.A.",C
CMCP LIMA,2016 - SEPTIEMBRE,3.0,2,"Apoyo y Asociados Internacionales, Class y Asociados S.A.",C
CMCP LIMA,2017 - MARZO,3.0,2,"Apoyo y Asociados Internacionales, Class y Asociados S.A.",C
CMCP LIMA,2017 - SEPTIEMBRE,3.0,2,"Apoyo y Asociados Internacionales, Class y Asociados S.A.",C
CMCP LIMA,2018 - MARZO,3.0,2,"Apoyo y Asociados Internacionales, Class y Asociados S.A.",C
CMCP LIMA,2018 - SEPTIEMBRE,2.0,2,"Apoyo y Asociados Internacionales, Class y Asociados S.A.",C-
CMCP LIMA,2019 - MARZO,2.0,2,"Apoyo y Asociados Internacionales, Class y Asociados S.A.",C-
CMCP LIMA,2019 - SEPTIEMBRE,2.0,2,"Apoyo y Asociados Internacionales, Class y Asociados S.A.",C-
CMCP LIMA,2020 - MARZO,2.0,2,"Apoyo y Asociados Internacionales, Class y Asociados S.A.",C-
CMCP LIMA,2020 - SEPTIEMBRE,3.0,2,"Microrate, PCR (Pacific Credit Rating)",C
CMCP LIMA,2021 - MARZO,3.0,2,"Microrate, PCR (Pacific Credit Rating)",C
CMCP LIMA,2021 - SEPTIEMBRE,3.0,2,"Microrate, PCR (Pacific Credit Rating)",C
CMCP LIMA,2022 - MARZO,3.0,2,"Microrate, PCR (Pacific Credit Rating)",C
CMCP LIMA,2022 - SEPTIEMBRE,3.0,2,"Microrate, PCR (Pacific Credit Rating)",C
CMCP LIMA,2023 - MARZO,3.0,2,"Microrate, PCR (Pacific Credit Rating)",C
CMCP LIMA,2023 - SEPTIEMBRE,3.0,2,"Microrate, PCR (Pacific Credit Rating)",C
CMCP LIMA,2024 - MARZO,3.0,2,"Microrate, PCR (Pacific Credit Rating)",C
CMCP LIMA,2024 - SEPTIEMBRE,3.0,2,"JCR Latino America, Microrate",C
CMCP LIMA,2025 - MARZO,4.0,2,"JCR Latino America, Microrate",C+
CMCP LIMA,2025 - SEPTIEMBRE,4.0,2,"JCR Latino America, Microrate",C+
CMCP LIMA,2026 - MARZO,4.0,2,"JCR Latino America, Microrate",C+
COFACE EL,2017 - MARZO,7.5,2,"Class y Asociados S.A., PCR (Pacific Credit Rating)",A-
COFACE EL,2017 - SEPTIEMBRE,7.5,2,"Class y Asociados S.A., PCR (Pacific Credit Rating)",A-
COFACE EL,2018 - MARZO,7.5,2,"Class y Asociados S.A., PCR (Pacific Credit Rating)",A-
COFACE EL,2018 - SEPTIEMBRE,7.5,2,"Class y Asociados S.A., PCR (Pacific Credit Rating)",A-
COFACE EL,2019 - MARZO,7.0,2,"Class y Asociados S.A., PCR (Pacific Credit Rating)",B+
COFACE EL,2019 - SEPTIEMBRE,7.0,2,"Class y Asociados S.A., PCR (Pacific Credit Rating)",B+
COFACE EL,2020 - MARZO,7.0,2,"Class y Asociados S.A., PCR (Pacific Credit Rating)",B+
COFACE EL,2020 - SEPTIEMBRE,7.0,2,"Class y Asociados S.A., PCR (Pacific Credit Rating)",B+
COFIDE,2012 - MARZO,9.5,2,"Apoyo y Asociados Internacionales, Moodys Local PE Clasificadora de Riesgo",A+
COFIDE,2012 - SEPTIEMBRE,9.5,2,"Apoyo y Asociados Internacionales, Moodys Local PE Clasificadora de Riesgo",A+
COFIDE,2013 - MARZO,9.5,2,"Apoyo y Asociados Internacionales, Moodys Local PE Clasificadora de Riesgo",A+
COFIDE,2013 - SEPTIEMBRE,9.5,2,"Apoyo y Asociados Internacionales, Moodys Local PE Clasificadora de Riesgo",A+
COFIDE,2014 - MARZO,9.5,2,"Apoyo y Asociados Internacionales, Moodys Local PE Clasificadora de Riesgo",A+
COFIDE,2014 - SEPTIEMBRE,9.5,2,"Apoyo y Asociados Internacionales, Moodys Local PE Clasificadora de Riesgo",A+
COFIDE,2015 - MARZO,9.5,2,"Apoyo y Asociados Internacionales, Moodys Local PE Clasificadora de Riesgo",A+
COFIDE,2015 - SEPTIEMBRE,9.5,2,"Apoyo y Asociados Internacionales, Moodys Local PE Clasificadora de Riesgo",A+
COFIDE,2016 - MARZO,9.5,2,"Apoyo y Asociados Internacionales, Moodys Local PE Clasificadora de Riesgo",A+
COFIDE,2016 - SEPTIEMBRE,9.5,2,"Apoyo y Asociados Internacionales, Moodys Local PE Clasificadora de Riesgo",A+
COFIDE,2017 - MARZO,9.5,2,"Apoyo y Asociados Internacionales, Moodys Local PE Clasificadora de Riesgo",A+
COFIDE,2017 - SEPTIEMBRE,9.0,2,"Apoyo y Asociados Internacionales, Moodys Local PE Clasificadora de Riesgo",A
COFIDE,2018 - MARZO,9.0,2,"Apoyo y Asociados Internacionales, Moodys Local PE Clasificadora de Riesgo",A
COFIDE,2018 - SEPTIEMBRE,9.0,2,"Apoyo y Asociados Internacionales, Moodys Local PE Clasificadora de Riesgo",A
COFIDE,2019 - MARZO,9.0,2,"Class y Asociados S.A., Moodys Local PE Clasificadora de Riesgo",A
COFIDE,2019 - SEPTIEMBRE,9.0,2,"Class y Asociados S.A., Moodys Local PE Clasificadora de Riesgo",A
COFIDE,2020 - MARZO,9.0,2,"Class y Asociados S.A., Moodys Local PE Clasificadora de Riesgo",A
COFIDE,2020 - SEPTIEMBRE,9.0,2,"Class y Asociados S.A., Moodys Local PE Clasificadora de Riesgo",A
COFIDE,2021 - MARZO,9.0,2,"Class y Asociados S.A., Moodys Local PE Clasificadora de Riesgo",A
COFIDE,2021 - SEPTIEMBRE,9.0,3,"Apoyo y Asociados Internacionales, Class y Asociados S.A., Moodys Local PE Clasificadora de Riesgo",A
COFIDE,2022 - MARZO,9.0,2,"Apoyo y Asociados Internacionales, Class y Asociados S.A.",A
COFIDE,2022 - SEPTIEMBRE,9.0,2,"Apoyo y Asociados Internacionales, Class y Asociados S.A.",A
COFIDE,2023 - MARZO,9.0,2,"Apoyo y Asociados Internacionales, Moodys Local PE Clasificadora de Riesgo",A
COFIDE,2023 - SEPTIEMBRE,9.0,2,"Apoyo y Asociados Internacionales, Moodys Local PE Clasificadora de Riesgo",A
COFIDE,2024 - MARZO,9.0,2,"Apoyo y Asociados Internacionales, Moodys Local PE Clasificadora de Riesgo",A
COFIDE,2024 - SEPTIEMBRE,9.0,2,"Apoyo y Asociados Internacionales, Moodys Local PE Clasificadora de Riesgo",A
COFIDE,2025 - MARZO,9.0,2,"Apoyo y Asociados Internacionales, Moodys Local PE Clasificadora de Riesgo",A
COFIDE,2025 - SEPTIEMBRE,9.0,2,"Apoyo y Asociados Internacionales, Moodys Local PE Clasificadora de Riesgo",A
COFIDE,2026 - MARZO,9.0,2,"Apoyo y Asociados Internacionales, Moodys Local PE Clasificadora de Riesgo",A
COMPARTAMOS BANCO,2012 - MARZO,6.0,2,"Apoyo y Asociados Internacionales, Class y Asociados S.A.",B
COMPARTAMOS BANCO,2012 - SEPTIEMBRE,6.0,2,"Apoyo y Asociados Internacionales, Class y Asociados S.A.",B
COMPARTAMOS BANCO,2013 - MARZO,6.0,2,"Apoyo y Asociados Internacionales, Class y Asociados S.A.",B
COMPARTAMOS BANCO,2013 - SEPTIEMBRE,6.0,2,"Apoyo y Asociados Internacionales, Class y Asociados S.A.",B
COMPARTAMOS BANCO,2014 - MARZO,6.0,2,"Apoyo y Asociados Internacionales, Class y Asociados S.A.",B
COMPARTAMOS BANCO,2014 - SEPTIEMBRE,6.0,2,"Apoyo y Asociados Internacionales, Class y Asociados S.A.",B
COMPARTAMOS BANCO,2015 - MARZO,6.0,2,"Apoyo y Asociados Internacionales, Class y Asociados S.A.",B
COMPARTAMOS BANCO,2015 - SEPTIEMBRE,6.5,2,"Apoyo y Asociados Internacionales, Class y Asociados S.A.",B
COMPARTAMOS BANCO,2016 - MARZO,7.0,2,"Apoyo y Asociados Internacionales, Class y Asociados S.A.",B+
COMPARTAMOS BANCO,2016 - SEPTIEMBRE,7.0,2,"Apoyo y Asociados Internacionales, Class y Asociados S.A.",B+
COMPARTAMOS BANCO,2017 - MARZO,7.0,2,"Apoyo y Asociados Internacionales, Class y Asociados S.A.",B+
COMPARTAMOS BANCO,2017 - SEPTIEMBRE,7.0,2,"Apoyo y Asociados Internacionales, Class y Asociados S.A.",B+
COMPARTAMOS BANCO,2018 - MARZO,7.0,2,"Apoyo y Asociados Internacionales, Class y Asociados S.A.",B+
COMPARTAMOS BANCO,2018 - SEPTIEMBRE,7.5,2,"Apoyo y Asociados Internacionales, Class y Asociados S.A.",A-
COMPARTAMOS BANCO,2019 - MARZO,8.0,2,"Apoyo y Asociados Internacionales, Class y Asociados S.A.",A-
COMPARTAMOS BANCO,2019 - SEPTIEMBRE,8.0,2,"Apoyo y Asociados Internacionales, Class y Asociados S.A.",A-
COMPARTAMOS BANCO,2020 - MARZO,8.0,2,"Apoyo y Asociados Internacionales, Class y Asociados S.A.",A-
COMPARTAMOS BANCO,2020 - SEPTIEMBRE,8.0,2,"Apoyo y Asociados Internacionales, Class y Asociados S.A.",A-
COMPARTAMOS BANCO,2021 - MARZO,8.0,2,"Apoyo y Asociados Internacionales, Class y Asociados S.A.",A-
COMPARTAMOS BANCO,2021 - SEPTIEMBRE,8.0,2,"Apoyo y Asociados Internacionales, Class y Asociados S.A.",A-
COMPARTAMOS BANCO,2022 - MARZO,8.0,2,"Apoyo y Asociados Internacionales, Class y Asociados S.A.",A-
COMPARTAMOS BANCO,2022 - SEPTIEMBRE,8.0,2,"Apoyo y Asociados Internacionales, Class y Asociados S.A.",A-
COMPARTAMOS BANCO,2023 - MARZO,8.0,2,"Apoyo y Asociados Internacionales, Moodys Local PE Clasificadora de Riesgo",A-
COMPARTAMOS BANCO,2023 - SEPTIEMBRE,8.333333333333334,3,"Apoyo y Asociados Internacionales, JCR Latino America, Moodys Local PE Clasificadora de Riesgo",A-
COMPARTAMOS BANCO,2024 - MARZO,8.333333333333334,3,"Apoyo y Asociados Internacionales, JCR Latino America, Moodys Local PE Clasificadora de Riesgo",A-
COMPARTAMOS BANCO,2024 - SEPTIEMBRE,8.333333333333334,3,"Apoyo y Asociados Internacionales, JCR Latino America, Moodys Local PE Clasificadora de Riesgo",A-
COMPARTAMOS BANCO,2025 - MARZO,8.333333333333334,3,"Apoyo y Asociados Internacionales, JCR Latino America, Moodys Local PE Clasificadora de Riesgo",A-
COMPARTAMOS BANCO,2025 - SEPTIEMBRE,8.333333333333334,3,"Apoyo y Asociados Internacionales, JCR Latino America, Moodys Local PE Clasificadora de Riesgo",A-
COMPARTAMOS BANCO,2026 - MARZO,8.666666666666666,3,"Apoyo y Asociados Internacionales, JCR Latino America, Moodys Local PE Clasificadora de Riesgo",A
CR SR LUREN EL,2012 - MARZO,3.5,2,"Class y Asociados S.A., PCR (Pacific Credit Rating)",C+
CR SR LUREN EL,2012 - SEPTIEMBRE,3.5,2,"Class y Asociados S.A., PCR (Pacific Credit Rating)",C+
CR SR LUREN EL,2013 - MARZO,3.5,2,"Class y Asociados S.A., PCR (Pacific Credit Rating)",C+
CR SR LUREN EL,2013 - SEPTIEMBRE,3.5,2,"Class y Asociados S.A., PCR (Pacific Credit Rating)",C+
CR SR LUREN EL,2014 - MARZO,3.5,2,"Class y Asociados S.A., PCR (Pacific Credit Rating)",C+
CR SR LUREN EL,2014 - SEPTIEMBRE,2.0,2,"Class y Asociados S.A., PCR (Pacific Credit Rating)",C-
CRAC CAJAMARCA,2012 - MARZO,2.5,2,"Class y Asociados S.A., PCR (Pacific Credit Rating)",C-
CRAC CAJAMARCA,2012 - SEPTIEMBRE,2.5,2,"Class y Asociados S.A., PCR (Pacific Credit Rating)",C-
CRAC CAJAMARCA,2013 - MARZO,2.5,2,"Class y Asociados S.A., PCR (Pacific Credit Rating)",C-
CRAC CAJAMARCA,2013 - SEPTIEMBRE,2.5,2,"Class y Asociados S.A., PCR (Pacific Credit Rating)",C-
CRAC CAJAMARCA,2014 - MARZO,2.5,2,"Class y Asociados S.A., PCR (Pacific Credit Rating)",C-
CRAC CAJAMARCA,2014 - SEPTIEMBRE,2.5,2,"Class y Asociados S.A., PCR (Pacific Credit Rating)",C-
CRAC CAJAMARCA,2015 - MARZO,2.5,2,"Class y Asociados S.A., PCR (Pacific Credit Rating)",C-
CRAC CAJAMARCA,2015 - SEPTIEMBRE,3.0,2,"Class y Asociados S.A., Microrate",C
CRAC CAJAMARCA,2016 - MARZO,3.5,2,"Class y Asociados S.A., Microrate",C+
CRAC CENCOSUD SCOTIA,2013 - SEPTIEMBRE,6.5,2,"Apoyo y Asociados Internacionales, Moodys Local PE Clasificadora de Riesgo",B
CRAC CENCOSUD SCOTIA,2014 - MARZO,6.5,2,"Apoyo y Asociados Internacionales, Moodys Local PE Clasificadora de Riesgo",B
CRAC CENCOSUD SCOTIA,2014 - SEPTIEMBRE,6.5,2,"Apoyo y Asociados Internacionales, Moodys Local PE Clasificadora de Riesgo",B
CRAC CENCOSUD SCOTIA,2015 - MARZO,6.5,2,"Apoyo y Asociados Internacionales, Moodys Local PE Clasificadora de Riesgo",B
CRAC CENCOSUD SCOTIA,2015 - SEPTIEMBRE,6.5,2,"Apoyo y Asociados Internacionales, Moodys Local PE Clasificadora de Riesgo",B
CRAC CENCOSUD SCOTIA,2016 - MARZO,6.5,2,"Apoyo y Asociados Internacionales, Moodys Local PE Clasificadora de Riesgo",B
CRAC CENCOSUD SCOTIA,2016 - SEPTIEMBRE,6.5,2,"Apoyo y Asociados Internacionales, Moodys Local PE Clasificadora de Riesgo",B
CRAC CENCOSUD SCOTIA,2017 - MARZO,7.0,2,"Apoyo y Asociados Internacionales, Moodys Local PE Clasificadora de Riesgo",B+
CRAC CENCOSUD SCOTIA,2017 - SEPTIEMBRE,7.0,2,"Apoyo y Asociados Internacionales, Moodys Local PE Clasificadora de Riesgo",B+
CRAC CENCOSUD SCOTIA,2018 - MARZO,7.0,2,"Apoyo y Asociados Internacionales, Moodys Local PE Clasificadora de Riesgo",B+
CRAC CENCOSUD SCOTIA,2018 - SEPTIEMBRE,7.0,2,"Apoyo y Asociados Internacionales, Moodys Local PE Clasificadora de Riesgo",B+
CRAC CENCOSUD SCOTIA,2019 - MARZO,8.0,2,"Apoyo y Asociados Internacionales, Moodys Local PE Clasificadora de Riesgo",A-
CRAC CENCOSUD SCOTIA,2019 - SEPTIEMBRE,8.0,2,"Apoyo y Asociados Internacionales, Moodys Local PE Clasificadora de Riesgo",A-
CRAC CENCOSUD SCOTIA,2020 - MARZO,8.0,2,"Apoyo y Asociados Internacionales, Moodys Local PE Clasificadora de Riesgo",A-
CRAC CENCOSUD SCOTIA,2020 - SEPTIEMBRE,8.0,2,"Apoyo y Asociados Internacionales, Moodys Local PE Clasificadora de Riesgo",A-
CRAC CENCOSUD SCOTIA,2021 - MARZO,8.0,2,"Apoyo y Asociados Internacionales, Moodys Local PE Clasificadora de Riesgo",A-
CRAC CENCOSUD SCOTIA,2021 - SEPTIEMBRE,8.0,2,"Apoyo y Asociados Internacionales, Moodys Local PE Clasificadora de Riesgo",A-
CRAC CENCOSUD SCOTIA,2022 - MARZO,8.0,2,"Apoyo y Asociados Internacionales, Moodys Local PE Clasificadora de Riesgo",A-
CRAC CENCOSUD SCOTIA,2022 - SEPTIEMBRE,8.0,2,"Apoyo y Asociados Internacionales, Moodys Local PE Clasificadora de Riesgo",A-
CRAC CENCOSUD SCOTIA,2023 - MARZO,8.0,2,"Apoyo y Asociados Internacionales, Moodys Local PE Clasificadora de Riesgo",A-
CRAC CENCOSUD SCOTIA,2023 - SEPTIEMBRE,8.0,2,"Apoyo y Asociados Internacionales, Moodys Local PE Clasificadora de Riesgo",A-
CRAC CENCOSUD SCOTIA,2024 - MARZO,8.0,2,"Apoyo y Asociados Internacionales, Moodys Local PE Clasificadora de Riesgo",A-
CRAC CENCOSUD SCOTIA,2024 - SEPTIEMBRE,8.0,2,"Apoyo y Asociados Internacionales, Moodys Local PE Clasificadora de Riesgo",A-
CRAC CENCOSUD SCOTIA,2025 - MARZO,8.0,2,"Apoyo y Asociados Internacionales, Moodys Local PE Clasificadora de Riesgo",A-
CRAC CENCOSUD SCOTIA,2025 - SEPTIEMBRE,8.0,2,"Apoyo y Asociados Internacionales, Moodys Local PE Clasificadora de Riesgo",A-
CRAC CENCOSUD SCOTIA,2026 - MARZO,8.0,2,"Apoyo y Asociados Internacionales, Moodys Local PE Clasificadora de Riesgo",A-
CRAC DEL CENTRO,2015 - SEPTIEMBRE,2.5,2,"Class y Asociados S.A., PCR (Pacific Credit Rating)",C-
CRAC DEL CENTRO,2016 - MARZO,2.5,2,"Class y Asociados S.A., PCR (Pacific Credit Rating)",C-
CRAC DEL CENTRO,2016 - SEPTIEMBRE,2.5,2,"Class y Asociados S.A., PCR (Pacific Credit Rating)",C-
CRAC DEL CENTRO,2017 - MARZO,2.5,2,"Class y Asociados S.A., PCR (Pacific Credit Rating)",C-
CRAC DEL CENTRO,2017 - SEPTIEMBRE,3.0,2,"Class y Asociados S.A., PCR (Pacific Credit Rating)",C
CRAC DEL CENTRO,2018 - MARZO,3.0,2,"Class y Asociados S.A., PCR (Pacific Credit Rating)",C
CRAC DEL CENTRO,2018 - SEPTIEMBRE,3.0,2,"Class y Asociados S.A., PCR (Pacific Credit Rating)",C
CRAC DEL CENTRO,2019 - MARZO,3.0,2,"Class y Asociados S.A., PCR (Pacific Credit Rating)",C
CRAC DEL CENTRO,2019 - SEPTIEMBRE,3.0,2,"Class y Asociados S.A., PCR (Pacific Credit Rating)",C
CRAC DEL CENTRO,2020 - MARZO,3.0,2,"Class y Asociados S.A., PCR (Pacific Credit Rating)",C
CRAC DEL CENTRO,2020 - SEPTIEMBRE,3.0,2,"Class y Asociados S.A., PCR (Pacific Credit Rating)",C
CRAC DEL CENTRO,2021 - MARZO,3.0,2,"Microrate, PCR (Pacific Credit Rating)",C
CRAC DEL CENTRO,2021 - SEPTIEMBRE,3.0,2,"Microrate, PCR (Pacific Credit Rating)",C
CRAC DEL CENTRO,2022 - MARZO,2.5,2,"Microrate, PCR (Pacific Credit Rating)",C-
CRAC DEL CENTRO,2022 - SEPTIEMBRE,3.0,2,"Microrate, PCR (Pacific Credit Rating)",C
CRAC DEL CENTRO,2023 - MARZO,3.0,2,"Microrate, PCR (Pacific Credit Rating)",C
CRAC DEL CENTRO,2023 - SEPTIEMBRE,3.0,2,"Microrate, PCR (Pacific Credit Rating)",C
CRAC DEL CENTRO,2024 - MARZO,3.0,2,"Microrate, PCR (Pacific Credit Rating)",C
CRAC DEL CENTRO,2024 - SEPTIEMBRE,2.0,2,"Microrate, PCR (Pacific Credit Rating)",C-
CRAC DEL CENTRO,2025 - MARZO,1.5,2,"Microrate, PCR (Pacific Credit Rating)",C-
CRAC DEL CENTRO,2025 - SEPTIEMBRE,1.5,2,"JCR Latino America, PCR (Pacific Credit Rating)",C-
CRAC DEL CENTRO,2026 - MARZO,0.5,2,"JCR Latino America, PCR (Pacific Credit Rating)",D
CRAC INCASUR,2012 - SEPTIEMBRE,3.0,2,"Apoyo y Asociados Internacionales, Class y Asociados S.A.",C
CRAC INCASUR,2013 - MARZO,3.0,2,"Apoyo y Asociados Internacionales, Class y Asociados S.A.",C
CRAC INCASUR,2013 - SEPTIEMBRE,3.0,2,"Apoyo y Asociados Internacionales, Class y Asociados S.A.",C
CRAC INCASUR,2014 - MARZO,3.0,2,"Apoyo y Asociados Internacionales, Class y Asociados S.A.",C
CRAC INCASUR,2014 - SEPTIEMBRE,3.0,2,"Apoyo y Asociados Internacionales, Class y Asociados S.A.",C
CRAC INCASUR,2015 - MARZO,3.0,2,"Apoyo y Asociados Internacionales, Class y Asociados S.A.",C
CRAC INCASUR,2015 - SEPTIEMBRE,3.0,2,"Apoyo y Asociados Internacionales, Class y Asociados S.A.",C
CRAC INCASUR,2016 - MARZO,3.0,2,"Apoyo y Asociados Internacionales, Class y Asociados S.A.",C
CRAC INCASUR,2016 - SEPTIEMBRE,3.0,2,"Apoyo y Asociados Internacionales, Class y Asociados S.A.",C
CRAC INCASUR,2017 - MARZO,3.0,2,"Apoyo y Asociados Internacionales, Class y Asociados S.A.",C
CRAC INCASUR,2017 - SEPTIEMBRE,3.0,2,"Apoyo y Asociados Internacionales, Class y Asociados S.A.",C
CRAC INCASUR,2018 - MARZO,3.0,2,"Apoyo y Asociados Internacionales, Class y Asociados S.A.",C
CRAC INCASUR,2018 - SEPTIEMBRE,3.0,2,"Apoyo y Asociados Internacionales, Class y Asociados S.A.",C
CRAC INCASUR,2019 - MARZO,3.0,2,"Apoyo y Asociados Internacionales, Class y Asociados S.A.",C
CRAC INCASUR,2019 - SEPTIEMBRE,3.0,2,"Apoyo y Asociados Internacionales, Class y Asociados S.A.",C
CRAC INCASUR,2020 - MARZO,3.0,2,"Apoyo y Asociados Internacionales, Class y Asociados S.A.",C
CRAC INCASUR,2020 - SEPTIEMBRE,2.5,2,"Apoyo y Asociados Internacionales, Class y Asociados S.A.",C-
CRAC INCASUR,2021 - MARZO,2.5,2,"Apoyo y Asociados Internacionales, Class y Asociados S.A.",C-
CRAC INCASUR,2021 - SEPTIEMBRE,2.5,2,"Apoyo y Asociados Internacionales, Class y Asociados S.A.",C-
CRAC INCASUR,2022 - MARZO,2.5,2,"Apoyo y Asociados Internacionales, Class y Asociados S.A.",C-
CRAC INCASUR,2022 - SEPTIEMBRE,2.5,2,"Apoyo y Asociados Internacionales, Class y Asociados S.A.",C-
CRAC INCASUR,2023 - MARZO,2.5,2,"Apoyo y Asociados Internacionales, Moodys Local PE Clasificadora de Riesgo",C-
CRAC INCASUR,2023 - SEPTIEMBRE,2.0,2,"Apoyo y Asociados Internacionales, Moodys Local PE Clasificadora de Riesgo",C-
CRAC INCASUR,2024 - MARZO,2.0,2,"Apoyo y Asociados Internacionales, Moodys Local PE Clasificadora de Riesgo",C-
CRAC INCASUR,2024 - SEPTIEMBRE,2.0,2,"Apoyo y Asociados Internacionales, Moodys Local PE Clasificadora de Riesgo",C-
CRAC INCASUR,2025 - MARZO,2.0,2,"Apoyo y Asociados Internacionales, Moodys Local PE Clasificadora de Riesgo",C-
CRAC INCASUR,2025 - SEPTIEMBRE,2.0,2,"Apoyo y Asociados Internacionales, Moodys Local PE Clasificadora de Riesgo",C-
CRAC INCASUR,2026 - MARZO,2.0,2,"Apoyo y Asociados Internacionales, Moodys Local PE Clasificadora de Riesgo",C-
CRAC LOS ANDES,2012 - MARZO,4.5,2,"Class y Asociados S.A., PCR (Pacific Credit Rating)",C+
CRAC LOS ANDES,2012 - SEPTIEMBRE,4.5,2,"Class y Asociados S.A., PCR (Pacific Credit Rating)",C+
CRAC LOS ANDES,2013 - MARZO,4.5,2,"Class y Asociados S.A., PCR (Pacific Credit Rating)",C+
CRAC LOS ANDES,2013 - SEPTIEMBRE,5.0,2,"Class y Asociados S.A., Microrate",B-
CRAC LOS ANDES,2014 - MARZO,5.0,2,"Class y Asociados S.A., Microrate",B-
CRAC LOS ANDES,2014 - SEPTIEMBRE,5.0,2,"Class y Asociados S.A., Microrate",B-
CRAC LOS ANDES,2015 - MARZO,5.0,2,"Class y Asociados S.A., Microrate",B-
CRAC LOS ANDES,2015 - SEPTIEMBRE,5.0,2,"Class y Asociados S.A., Microrate",B-
CRAC LOS ANDES,2016 - MARZO,5.0,2,"Class y Asociados S.A., Microrate",B-
CRAC LOS ANDES,2016 - SEPTIEMBRE,5.0,2,"Class y Asociados S.A., Microrate",B-
CRAC LOS ANDES,2017 - MARZO,5.0,2,"Class y Asociados S.A., Microrate",B-
CRAC LOS ANDES,2017 - SEPTIEMBRE,5.0,2,"Class y Asociados S.A., PCR (Pacific Credit Rating)",B-
CRAC LOS ANDES,2018 - MARZO,5.0,2,"Class y Asociados S.A., PCR (Pacific Credit Rating)",B-
CRAC LOS ANDES,2018 - SEPTIEMBRE,5.0,2,"Class y Asociados S.A., PCR (Pacific Credit Rating)",B-
CRAC LOS ANDES,2019 - MARZO,5.0,2,"Class y Asociados S.A., PCR (Pacific Credit Rating)",B-
CRAC LOS ANDES,2019 - SEPTIEMBRE,5.0,2,"Class y Asociados S.A., PCR (Pacific Credit Rating)",B-
CRAC LOS ANDES,2020 - MARZO,4.5,2,"Class y Asociados S.A., PCR (Pacific Credit Rating)",C+
CRAC LOS ANDES,2020 - SEPTIEMBRE,5.0,2,"Class y Asociados S.A., JCR Latino America",B-
CRAC LOS ANDES,2021 - MARZO,5.0,2,"Class y Asociados S.A., JCR Latino America",B-
CRAC LOS ANDES,2021 - SEPTIEMBRE,5.0,2,"Class y Asociados S.A., JCR Latino America",B-
CRAC LOS ANDES,2022 - MARZO,5.0,2,"Class y Asociados S.A., JCR Latino America",B-
CRAC LOS ANDES,2022 - SEPTIEMBRE,5.0,2,"Class y Asociados S.A., JCR Latino America",B-
CRAC LOS ANDES,2023 - MARZO,5.0,2,"JCR Latino America, Moodys Local PE Clasificadora de Riesgo",B-
CRAC LOS ANDES,2023 - SEPTIEMBRE,5.0,2,"JCR Latino America, PCR (Pacific Credit Rating)",B-
CRAC LOS ANDES,2024 - MARZO,5.0,2,"JCR Latino America, PCR (Pacific Credit Rating)",B-
CRAC LOS ANDES,2024 - SEPTIEMBRE,5.0,2,"JCR Latino America, PCR (Pacific Credit Rating)",B-
CRAC LOS ANDES,2025 - MARZO,4.5,2,"JCR Latino America, PCR (Pacific Credit Rating)",C+
CRAC LOS ANDES,2025 - SEPTIEMBRE,4.5,2,"JCR Latino America, Microrate",C+
CRAC LOS ANDES,2026 - MARZO,4.5,2,"JCR Latino America, Microrate",C+
CRAC NUESTRA GENTE,2012 - MARZO,7.0,2,"Class y Asociados S.A., Moodys Local PE Clasificadora de Riesgo",B+
CRAC NUESTRA GENTE,2012 - SEPTIEMBRE,7.0,2,"Class y Asociados S.A., Moodys Local PE Clasificadora de Riesgo",B+
CRAC NUESTRA GENTE,2013 - MARZO,7.0,2,"Class y Asociados S.A., Moodys Local PE Clasificadora de Riesgo",B+
CRAC PROFINANZAS,2012 - MARZO,3.0,2,"Apoyo y Asociados Internacionales, Class y Asociados S.A.",C
CRAC PROFINANZAS,2012 - SEPTIEMBRE,3.0,2,"Apoyo y Asociados Internacionales, Class y Asociados S.A.",C
CRAC PRYMERA,2012 - MARZO,1.5,2,"Class y Asociados S.A., PCR (Pacific Credit Rating)",C-
CRAC PRYMERA,2012 - SEPTIEMBRE,3.0,2,"Apoyo y Asociados Internacionales, Class y Asociados S.A.",C
CRAC PRYMERA,2013 - MARZO,3.0,2,"Apoyo y Asociados Internacionales, Class y Asociados S.A.",C
CRAC PRYMERA,2013 - SEPTIEMBRE,3.0,2,"Apoyo y Asociados Internacionales, Class y Asociados S.A.",C
CRAC PRYMERA,2014 - MARZO,3.0,2,"Apoyo y Asociados Internacionales, Class y Asociados S.A.",C
CRAC PRYMERA,2014 - SEPTIEMBRE,3.0,2,"Apoyo y Asociados Internacionales, Class y Asociados S.A.",C
CRAC PRYMERA,2015 - MARZO,3.0,2,"Apoyo y Asociados Internacionales, Class y Asociados S.A.",C
CRAC PRYMERA,2015 - SEPTIEMBRE,3.0,2,"Apoyo y Asociados Internacionales, Class y Asociados S.A.",C
CRAC PRYMERA,2016 - MARZO,3.0,2,"Apoyo y Asociados Internacionales, Class y Asociados S.A.",C
CRAC PRYMERA,2016 - SEPTIEMBRE,3.0,2,"Apoyo y Asociados Internacionales, Class y Asociados S.A.",C
CRAC PRYMERA,2017 - MARZO,3.0,2,"Apoyo y Asociados Internacionales, Class y Asociados S.A.",C
CRAC PRYMERA,2017 - SEPTIEMBRE,3.0,2,"Apoyo y Asociados Internacionales, Class y Asociados S.A.",C
CRAC PRYMERA,2018 - MARZO,3.0,2,"Apoyo y Asociados Internacionales, Class y Asociados S.A.",C
CRAC PRYMERA,2018 - SEPTIEMBRE,3.0,2,"Apoyo y Asociados Internacionales, Class y Asociados S.A.",C
CRAC PRYMERA,2019 - MARZO,3.0,2,"Apoyo y Asociados Internacionales, Class y Asociados S.A.",C
CRAC PRYMERA,2019 - SEPTIEMBRE,3.0,2,"Apoyo y Asociados Internacionales, Class y Asociados S.A.",C
CRAC PRYMERA,2020 - MARZO,3.0,2,"Apoyo y Asociados Internacionales, Class y Asociados S.A.",C
CRAC PRYMERA,2020 - SEPTIEMBRE,3.0,2,"Apoyo y Asociados Internacionales, Class y Asociados S.A.",C
CRAC PRYMERA,2021 - MARZO,3.0,2,"Apoyo y Asociados Internacionales, Class y Asociados S.A.",C
CRAC PRYMERA,2021 - SEPTIEMBRE,2.0,2,"Apoyo y Asociados Internacionales, Class y Asociados S.A.",C-
CRAC PRYMERA,2022 - MARZO,2.0,2,"Apoyo y Asociados Internacionales, Class y Asociados S.A.",C-
CRAC PRYMERA,2022 - SEPTIEMBRE,2.0,2,"Apoyo y Asociados Internacionales, Class y Asociados S.A.",C-
CRAC PRYMERA,2023 - MARZO,2.0,2,"Apoyo y Asociados Internacionales, Moodys Local PE Clasificadora de Riesgo",C-
CRAC PRYMERA,2023 - SEPTIEMBRE,2.0,2,"Apoyo y Asociados Internacionales, Moodys Local PE Clasificadora de Riesgo",C-
CRAC PRYMERA,2024 - MARZO,2.0,2,"Apoyo y Asociados Internacionales, Moodys Local PE Clasificadora de Riesgo",C-
CRAC PRYMERA,2024 - SEPTIEMBRE,2.0,2,"Apoyo y Asociados Internacionales, Moodys Local PE Clasificadora de Riesgo",C-
CRAC PRYMERA,2025 - MARZO,3.0,2,"Apoyo y Asociados Internacionales, JCR Latino America",C
CRAC PRYMERA,2025 - SEPTIEMBRE,3.0,2,"Apoyo y Asociados Internacionales, JCR Latino America",C
CRAC PRYMERA,2026 - MARZO,3.0,2,"Apoyo y Asociados Internacionales, JCR Latino America",C
CRAC RAÍZ EN LIQUIDA,2012 - MARZO,2.0,2,"Class y Asociados S.A., Moodys Local PE Clasificadora de Riesgo",C-
CRAC RAÍZ EN LIQUIDA,2012 - SEPTIEMBRE,2.0,2,"Class y Asociados S.A., Moodys Local PE Clasificadora de Riesgo",C-
CRAC RAÍZ EN LIQUIDA,2013 - MARZO,2.0,2,"Class y Asociados S.A., Moodys Local PE Clasificadora de Riesgo",C-
CRAC RAÍZ EN LIQUIDA,2013 - SEPTIEMBRE,1.5,2,"Class y Asociados S.A., Moodys Local PE Clasificadora de Riesgo",C-
CRAC RAÍZ EN LIQUIDA,2014 - MARZO,2.0,2,"Microrate, Moodys Local PE Clasificadora de Riesgo",C-
CRAC RAÍZ EN LIQUIDA,2014 - SEPTIEMBRE,2.0,2,"Microrate, Moodys Local PE Clasificadora de Riesgo",C-
CRAC RAÍZ EN LIQUIDA,2015 - MARZO,0.5,2,"Microrate, Moodys Local PE Clasificadora de Riesgo",D
CRAC RAÍZ EN LIQUIDA,2015 - SEPTIEMBRE,0.0,2,"Microrate, Moodys Local PE Clasificadora de Riesgo",D
CRAC RAÍZ EN LIQUIDA,2016 - MARZO,0.0,1,Moodys Local PE Clasificadora de Riesgo,D
CRAC RAÍZ EN LIQUIDA,2016 - SEPTIEMBRE,4.666666666666667,3,"Class y Asociados S.A., Microrate, Moodys Local PE Clasificadora de Riesgo",B-
CRAC RAÍZ EN LIQUIDA,2017 - MARZO,5.0,4,"Apoyo y Asociados Internacionales, Class y Asociados S.A., Microrate, Moodys Local PE Clasificadora de Riesgo",B-
CRAC RAÍZ EN LIQUIDA,2017 - SEPTIEMBRE,5.0,3,"Apoyo y Asociados Internacionales, Class y Asociados S.A., Microrate",B-
CRAC RAÍZ EN LIQUIDA,2018 - MARZO,5.5,2,"Apoyo y Asociados Internacionales, PCR (Pacific Credit Rating)",B
CRAC RAÍZ EN LIQUIDA,2018 - SEPTIEMBRE,5.5,2,"Apoyo y Asociados Internacionales, PCR (Pacific Credit Rating)",B
CRAC RAÍZ EN LIQUIDA,2019 - MARZO,5.5,2,"Apoyo y Asociados Internacionales, PCR (Pacific Credit Rating)",B
CRAC RAÍZ EN LIQUIDA,2019 - SEPTIEMBRE,5.5,2,"Apoyo y Asociados Internacionales, PCR (Pacific Credit Rating)",B
CRAC RAÍZ EN LIQUIDA,2020 - MARZO,4.5,2,"Apoyo y Asociados Internacionales, PCR (Pacific Credit Rating)",C+
CRAC RAÍZ EN LIQUIDA,2020 - SEPTIEMBRE,4.666666666666667,3,"Apoyo y Asociados Internacionales, JCR Latino America, PCR (Pacific Credit Rating)",B-
CRAC RAÍZ EN LIQUIDA,2021 - MARZO,5.0,2,"JCR Latino America, PCR (Pacific Credit Rating)",B-
CRAC RAÍZ EN LIQUIDA,2021 - SEPTIEMBRE,5.0,2,"JCR Latino America, PCR (Pacific Credit Rating)",B-
CRAC RAÍZ EN LIQUIDA,2022 - MARZO,4.5,2,"JCR Latino America, PCR (Pacific Credit Rating)",C+
CRAC RAÍZ EN LIQUIDA,2022 - SEPTIEMBRE,4.5,2,"JCR Latino America, PCR (Pacific Credit Rating)",C+
CRAC RAÍZ EN LIQUIDA,2023 - MARZO,3.5,2,"JCR Latino America, PCR (Pacific Credit Rating)",C+
CRAC SIPAN LIQUID.,2012 - MARZO,2.5,2,"Class y Asociados S.A., Moodys Local PE Clasificadora de Riesgo",C-
CRAC SIPAN LIQUID.,2012 - SEPTIEMBRE,2.5,2,"Class y Asociados S.A., Moodys Local PE Clasificadora de Riesgo",C-
CRAC SIPAN LIQUID.,2013 - MARZO,2.5,2,"Class y Asociados S.A., Moodys Local PE Clasificadora de Riesgo",C-
CRAC SIPAN LIQUID.,2013 - SEPTIEMBRE,2.5,2,"Class y Asociados S.A., Moodys Local PE Clasificadora de Riesgo",C-
CRAC SIPAN LIQUID.,2014 - MARZO,2.5,2,"Class y Asociados S.A., Moodys Local PE Clasificadora de Riesgo",C-
CRAC SIPAN LIQUID.,2014 - SEPTIEMBRE,2.0,2,"Class y Asociados S.A., Moodys Local PE Clasificadora de Riesgo",C-
CRAC SIPAN LIQUID.,2015 - MARZO,2.0,2,"Class y Asociados S.A., Moodys Local PE Clasificadora de Riesgo",C-
CRAC SIPAN LIQUID.,2015 - SEPTIEMBRE,2.5,2,"Class y Asociados S.A., Microrate",C-
CRAC SIPAN LIQUID.,2016 - MARZO,2.0,2,"Class y Asociados S.A., Microrate",C-
CRAC SIPAN LIQUID.,2016 - SEPTIEMBRE,2.0,2,"Class y Asociados S.A., Microrate",C-
CRAC SIPAN LIQUID.,2017 - MARZO,2.0,2,"Class y Asociados S.A., Microrate",C-
CRAC SIPAN LIQUID.,2017 - SEPTIEMBRE,1.5,2,"Class y Asociados S.A., Microrate",C-
CRAC SIPAN LIQUID.,2018 - MARZO,1.0,2,"Class y Asociados S.A., Microrate",D+
CRAC SIPAN LIQUID.,2018 - SEPTIEMBRE,1.0,2,"Class y Asociados S.A., Microrate",D+
CRAC SIPAN LIQUID.,2019 - MARZO,0.5,2,"Class y Asociados S.A., Microrate",D
CRAC SIPAN LIQUID.,2019 - SEPTIEMBRE,0.0,2,"Class y Asociados S.A., JCR Latino America",D
CRAC SIPAN LIQUID.,2020 - MARZO,0.0,1,JCR Latino America,D
CRAC SIPAN LIQUID.,2020 - SEPTIEMBRE,0.0,1,JCR Latino America,D
CRAC SIPAN LIQUID.,2021 - MARZO,0.0,1,JCR Latino America,D
CRECER SEGUROS,2016 - MARZO,7.0,2,"Apoyo y Asociados Internacionales, Class y Asociados S.A.",B+
CRECER SEGUROS,2016 - SEPTIEMBRE,7.0,2,"Apoyo y Asociados Internacionales, Class y Asociados S.A.",B+
CRECER SEGUROS,2017 - MARZO,7.0,2,"Apoyo y Asociados Internacionales, Class y Asociados S.A.",B+
CRECER SEGUROS,2017 - SEPTIEMBRE,7.0,2,"Apoyo y Asociados Internacionales, Class y Asociados S.A.",B+
CRECER SEGUROS,2018 - MARZO,7.333333333333333,3,"Apoyo y Asociados Internacionales, Class y Asociados S.A., PCR (Pacific Credit Rating)",B+
CRECER SEGUROS,2018 - SEPTIEMBRE,7.5,2,"Class y Asociados S.A., PCR (Pacific Credit Rating)",A-
CRECER SEGUROS,2019 - MARZO,8.0,2,"Class y Asociados S.A., PCR (Pacific Credit Rating)",A-
CRECER SEGUROS,2019 - SEPTIEMBRE,8.0,2,"Class y Asociados S.A., PCR (Pacific Credit Rating)",A-
CRECER SEGUROS,2020 - MARZO,8.0,2,"Class y Asociados S.A., PCR (Pacific Credit Rating)",A-
CRECER SEGUROS,2020 - SEPTIEMBRE,8.0,2,"Class y Asociados S.A., PCR (Pacific Credit Rating)",A-
CRECER SEGUROS,2021 - MARZO,8.0,2,"Class y Asociados S.A., PCR (Pacific Credit Rating)",A-
CRECER SEGUROS,2021 - SEPTIEMBRE,8.0,2,"Class y Asociados S.A., PCR (Pacific Credit Rating)",A-
CRECER SEGUROS,2022 - MARZO,8.0,2,"Class y Asociados S.A., PCR (Pacific Credit Rating)",A-
CRECER SEGUROS,2022 - SEPTIEMBRE,8.0,2,"Class y Asociados S.A., PCR (Pacific Credit Rating)",A-
CRECER SEGUROS,2023 - MARZO,8.0,2,"Moodys Local PE Clasificadora de Riesgo, PCR (Pacific Credit Rating)",A-
CRECER SEGUROS,2023 - SEPTIEMBRE,8.0,2,"Moodys Local PE Clasificadora de Riesgo, PCR (Pacific Credit Rating)",A-
CRECER SEGUROS,2024 - MARZO,8.0,2,"Moodys Local PE Clasificadora de Riesgo, PCR (Pacific Credit Rating)",A-
CRECER SEGUROS,2024 - SEPTIEMBRE,8.0,2,"Moodys Local PE Clasificadora de Riesgo, PCR (Pacific Credit Rating)",A-
CRECER SEGUROS,2025 - MARZO,8.0,2,"Moodys Local PE Clasificadora de Riesgo, PCR (Pacific Credit Rating)",A-
CRECER SEGUROS,2025 - SEPTIEMBRE,8.0,2,"Moodys Local PE Clasificadora de Riesgo, PCR (Pacific Credit Rating)",A-
CRECER SEGUROS,2026 - MARZO,8.5,2,"Moodys Local PE Clasificadora de Riesgo, PCR (Pacific Credit Rating)",A-
CREDINKA,2012 - MARZO,4.25,4,"Class y Asociados S.A., Moodys Local PE Clasificadora de Riesgo, PCR (Pacific Credit Rating)",C+
CREDINKA,2012 - SEPTIEMBRE,4.25,4,"Class y Asociados S.A., Moodys Local PE Clasificadora de Riesgo, PCR (Pacific Credit Rating)",C+
CREDINKA,2013 - MARZO,4.75,4,"Class y Asociados S.A., Moodys Local PE Clasificadora de Riesgo, PCR (Pacific Credit Rating)",B-
CREDINKA,2013 - SEPTIEMBRE,4.75,4,"Class y Asociados S.A., Moodys Local PE Clasificadora de Riesgo, PCR (Pacific Credit Rating)",B-
CREDINKA,2014 - MARZO,4.75,4,"Class y Asociados S.A., Moodys Local PE Clasificadora de Riesgo, PCR (Pacific Credit Rating)",B-
CREDINKA,2014 - SEPTIEMBRE,4.75,4,"Class y Asociados S.A., Moodys Local PE Clasificadora de Riesgo, PCR (Pacific Credit Rating)",B-
CREDINKA,2015 - MARZO,4.75,4,"Class y Asociados S.A., Moodys Local PE Clasificadora de Riesgo, PCR (Pacific Credit Rating)",B-
CREDINKA,2015 - SEPTIEMBRE,5.333333333333333,3,"Class y Asociados S.A., Moodys Local PE Clasificadora de Riesgo, PCR (Pacific Credit Rating)",B-
CREDINKA,2016 - MARZO,5.333333333333333,3,"Class y Asociados S.A., Moodys Local PE Clasificadora de Riesgo, PCR (Pacific Credit Rating)",B-
CREDINKA,2016 - SEPTIEMBRE,5.5,2,"Class y Asociados S.A., PCR (Pacific Credit Rating)",B
CREDINKA,2017 - MARZO,5.5,2,"Class y Asociados S.A., PCR (Pacific Credit Rating)",B
CREDINKA,2017 - SEPTIEMBRE,5.5,2,"Class y Asociados S.A., PCR (Pacific Credit Rating)",B
CREDINKA,2018 - MARZO,5.5,2,"Class y Asociados S.A., PCR (Pacific Credit Rating)",B
CREDINKA,2018 - SEPTIEMBRE,5.5,2,"Class y Asociados S.A., PCR (Pacific Credit Rating)",B
CREDINKA,2019 - MARZO,5.5,2,"Class y Asociados S.A., PCR (Pacific Credit Rating)",B
CREDINKA,2019 - SEPTIEMBRE,5.5,2,"Class y Asociados S.A., PCR (Pacific Credit Rating)",B
CREDINKA,2020 - MARZO,5.5,2,"Class y Asociados S.A., PCR (Pacific Credit Rating)",B
CREDINKA,2020 - SEPTIEMBRE,5.5,2,"Class y Asociados S.A., PCR (Pacific Credit Rating)",B
CREDINKA,2021 - MARZO,5.5,2,"Class y Asociados S.A., PCR (Pacific Credit Rating)",B
CREDINKA,2021 - SEPTIEMBRE,5.0,2,"Class y Asociados S.A., PCR (Pacific Credit Rating)",B-
CREDINKA,2022 - MARZO,4.5,2,"Class y Asociados S.A., PCR (Pacific Credit Rating)",C+
CREDINKA,2022 - SEPTIEMBRE,3.5,2,"Class y Asociados S.A., PCR (Pacific Credit Rating)",C+
CREDINKA,2023 - MARZO,3.5,2,"Moodys Local PE Clasificadora de Riesgo, PCR (Pacific Credit Rating)",C+
CREDINKA,2023 - SEPTIEMBRE,2.5,2,"Moodys Local PE Clasificadora de Riesgo, PCR (Pacific Credit Rating)",C-
CREDINKA,2024 - MARZO,2.5,2,"Moodys Local PE Clasificadora de Riesgo, PCR (Pacific Credit Rating)",C-
DEUTSCHE BANK PERU,2012 - MARZO,8.5,2,"Apoyo y Asociados Internacionales, Moodys Local PE Clasificadora de Riesgo",A-
DEUTSCHE BANK PERU,2012 - SEPTIEMBRE,8.5,2,"Apoyo y Asociados Internacionales, Moodys Local PE Clasificadora de Riesgo",A-
DEUTSCHE BANK PERU,2013 - MARZO,8.5,2,"Apoyo y Asociados Internacionales, Moodys Local PE Clasificadora de Riesgo",A-
DEUTSCHE BANK PERU,2013 - SEPTIEMBRE,8.5,2,"Apoyo y Asociados Internacionales, Moodys Local PE Clasificadora de Riesgo",A-
DEUTSCHE BANK PERU,2014 - MARZO,9.5,2,"Apoyo y Asociados Internacionales, Moodys Local PE Clasificadora de Riesgo",A+
DEUTSCHE BANK PERU,2014 - SEPTIEMBRE,9.5,2,"Apoyo y Asociados Internacionales, Moodys Local PE Clasificadora de Riesgo",A+
DEUTSCHE BANK PERU,2015 - MARZO,9.5,2,"Apoyo y Asociados Internacionales, Moodys Local PE Clasificadora de Riesgo",A+
DEUTSCHE BANK PERU,2015 - SEPTIEMBRE,9.5,2,"Apoyo y Asociados Internacionales, Moodys Local PE Clasificadora de Riesgo",A+
DEUTSCHE BANK PERU,2016 - MARZO,9.0,2,"Apoyo y Asociados Internacionales, Moodys Local PE Clasificadora de Riesgo",A
EDPYME CREDIVISION,2012 - MARZO,2.0,1,Microrate,C-
EDPYME RAIZ,2012 - MARZO,5.0,1,Class y Asociados S.A.,B-
EDPYME RAIZ,2012 - SEPTIEMBRE,5.0,1,Class y Asociados S.A.,B-
EDPYME RAIZ,2013 - MARZO,5.0,1,Class y Asociados S.A.,B-
EDPYME RAIZ,2013 - SEPTIEMBRE,5.0,1,Class y Asociados S.A.,B-
EDPYME RAIZ,2014 - MARZO,5.0,1,Class y Asociados S.A.,B-
EDPYME RAIZ,2014 - SEPTIEMBRE,5.0,1,Class y Asociados S.A.,B-
EDPYME RAIZ,2015 - MARZO,5.0,1,Class y Asociados S.A.,B-
EDPYME RAIZ,2015 - SEPTIEMBRE,5.0,1,Class y Asociados S.A.,B-
EDPYME RAIZ,2016 - MARZO,5.0,1,Class y Asociados S.A.,B-
EFIDE,2026 - MARZO,6.0,1,JCR Latino America,B
EMP.CRED.ALTERNATIVA,2023 - MARZO,6.0,1,PCR (Pacific Credit Rating),B
EMP.CRED.ALTERNATIVA,2023 - SEPTIEMBRE,6.0,1,PCR (Pacific Credit Rating),B
EMP.CRED.SANTANDER,2022 - MARZO,8.0,1,Moodys Local PE Clasificadora de Riesgo,A-
EMP.CRED.SANTANDER,2022 - SEPTIEMBRE,8.0,1,Moodys Local PE Clasificadora de Riesgo,A-
EMP.CRED.SANTANDER,2023 - MARZO,8.0,1,Moodys Local PE Clasificadora de Riesgo,A-
EMP.CRED.SANTANDER,2023 - SEPTIEMBRE,8.0,1,Moodys Local PE Clasificadora de Riesgo,A-
EMP.CRED.SANTANDER,2024 - MARZO,8.0,1,Moodys Local PE Clasificadora de Riesgo,A-
EMP.CRED.SANTANDER,2024 - SEPTIEMBRE,8.5,2,"Moodys Local PE Clasificadora de Riesgo, PCR (Pacific Credit Rating)",A-
EMP.CRED.SANTANDER,2025 - MARZO,8.5,2,"Apoyo y Asociados Internacionales, Moodys Local PE Clasificadora de Riesgo",A-
EMP.CRED.SANTANDER,2025 - SEPTIEMBRE,8.5,2,"Apoyo y Asociados Internacionales, Moodys Local PE Clasificadora de Riesgo",A-
EMP.CRED.SANTANDER,2026 - MARZO,8.5,2,"Apoyo y Asociados Internacionales, Moodys Local PE Clasificadora de Riesgo",A-
EMP.CRED.VIVELA,2022 - MARZO,7.0,1,PCR (Pacific Credit Rating),B+
EMP.CRED.VIVELA,2022 - SEPTIEMBRE,7.0,1,PCR (Pacific Credit Rating),B+
EMP.CRED.VIVELA,2023 - MARZO,7.0,1,PCR (Pacific Credit Rating),B+
EMP.CRED.VIVELA,2023 - SEPTIEMBRE,7.0,1,PCR (Pacific Credit Rating),B+
EMP.CRED.VIVELA,2024 - MARZO,7.0,1,PCR (Pacific Credit Rating),B+
EMP.CRED.VIVELA,2024 - SEPTIEMBRE,7.0,1,PCR (Pacific Credit Rating),B+
EMP.CRED.VIVELA,2025 - MARZO,7.0,1,PCR (Pacific Credit Rating),B+
EMP.CRED.VIVELA,2025 - SEPTIEMBRE,7.0,1,PCR (Pacific Credit Rating),B+
EMP.CRED.VIVELA,2026 - MARZO,7.0,1,PCR (Pacific Credit Rating),B+
FINANC. PROEMPRESA,2012 - MARZO,4.5,2,"Class y Asociados S.A., Moodys Local PE Clasificadora de Riesgo",C+
FINANC. PROEMPRESA,2012 - SEPTIEMBRE,5.0,2,"Class y Asociados S.A., Moodys Local PE Clasificadora de Riesgo",B-
FINANC. PROEMPRESA,2013 - MARZO,4.5,2,"Class y Asociados S.A., Moodys Local PE Clasificadora de Riesgo",C+
FINANC. PROEMPRESA,2013 - SEPTIEMBRE,4.5,2,"Class y Asociados S.A., Moodys Local PE Clasificadora de Riesgo",C+
FINANC. PROEMPRESA,2014 - MARZO,4.5,2,"Class y Asociados S.A., Moodys Local PE Clasificadora de Riesgo",C+
FINANC. PROEMPRESA,2014 - SEPTIEMBRE,4.666666666666667,3,"Apoyo y Asociados Internacionales, Class y Asociados S.A., Moodys Local PE Clasificadora de Riesgo",B-
FINANC. PROEMPRESA,2015 - MARZO,5.0,2,"Apoyo y Asociados Internacionales, Class y Asociados S.A.",B-
FINANC. PROEMPRESA,2015 - SEPTIEMBRE,5.0,2,"Apoyo y Asociados Internacionales, Class y Asociados S.A.",B-
FINANC. PROEMPRESA,2016 - MARZO,5.0,2,"Apoyo y Asociados Internacionales, Class y Asociados S.A.",B-
FINANC. PROEMPRESA,2016 - SEPTIEMBRE,4.666666666666667,3,"Apoyo y Asociados Internacionales, Class y Asociados S.A., Moodys Local PE Clasificadora de Riesgo",B-
FINANC. PROEMPRESA,2017 - MARZO,5.0,2,"Apoyo y Asociados Internacionales, Class y Asociados S.A.",B-
FINANC. PROEMPRESA,2017 - SEPTIEMBRE,5.0,2,"Apoyo y Asociados Internacionales, Class y Asociados S.A.",B-
FINANC. PROEMPRESA,2018 - MARZO,5.0,2,"Apoyo y Asociados Internacionales, Class y Asociados S.A.",B-
FINANC. PROEMPRESA,2018 - SEPTIEMBRE,5.0,2,"Apoyo y Asociados Internacionales, Class y Asociados S.A.",B-
FINANC. PROEMPRESA,2019 - MARZO,5.0,2,"Apoyo y Asociados Internacionales, Class y Asociados S.A.",B-
FINANC. PROEMPRESA,2019 - SEPTIEMBRE,5.0,2,"Apoyo y Asociados Internacionales, Class y Asociados S.A.",B-
FINANC. PROEMPRESA,2020 - MARZO,5.0,2,"Apoyo y Asociados Internacionales, Class y Asociados S.A.",B-
FINANC. PROEMPRESA,2020 - SEPTIEMBRE,5.0,2,"Apoyo y Asociados Internacionales, Class y Asociados S.A.",B-
FINANC. PROEMPRESA,2021 - MARZO,5.0,2,"Apoyo y Asociados Internacionales, Class y Asociados S.A.",B-
FINANC. PROEMPRESA,2021 - SEPTIEMBRE,5.0,2,"Apoyo y Asociados Internacionales, Class y Asociados S.A.",B-
FINANC. PROEMPRESA,2022 - MARZO,5.0,2,"Apoyo y Asociados Internacionales, Class y Asociados S.A.",B-
FINANC. PROEMPRESA,2022 - SEPTIEMBRE,5.0,2,"Apoyo y Asociados Internacionales, Class y Asociados S.A.",B-
FINANC. PROEMPRESA,2023 - MARZO,4.5,2,"Apoyo y Asociados Internacionales, Moodys Local PE Clasificadora de Riesgo",C+
FINANC. PROEMPRESA,2023 - SEPTIEMBRE,4.0,2,"Apoyo y Asociados Internacionales, Moodys Local PE Clasificadora de Riesgo",C+
FINANC. PROEMPRESA,2024 - MARZO,4.0,2,"Apoyo y Asociados Internacionales, Moodys Local PE Clasificadora de Riesgo",C+
FINANC. PROEMPRESA,2024 - SEPTIEMBRE,4.0,2,"Apoyo y Asociados Internacionales, Moodys Local PE Clasificadora de Riesgo",C+
FINANC. PROEMPRESA,2025 - MARZO,4.0,2,"Apoyo y Asociados Internacionales, Moodys Local PE Clasificadora de Riesgo",C+
FINANC. PROEMPRESA,2025 - SEPTIEMBRE,3.0,2,"Apoyo y Asociados Internacionales, Moodys Local PE Clasificadora de Riesgo",C
FINANC. PROEMPRESA,2026 - MARZO,3.0,2,"Apoyo y Asociados Internacionales, Moodys Local PE Clasificadora de Riesgo",C
FINANCIERA CONFIANZA,2012 - MARZO,6.5,2,"Class y Asociados S.A., Moodys Local PE Clasificadora de Riesgo",B
FINANCIERA CONFIANZA,2012 - SEPTIEMBRE,6.5,2,"Class y Asociados S.A., Moodys Local PE Clasificadora de Riesgo",B
FINANCIERA CONFIANZA,2013 - MARZO,6.5,2,"Class y Asociados S.A., Moodys Local PE Clasificadora de Riesgo",B
FINANCIERA CONFIANZA,2013 - SEPTIEMBRE,7.0,2,"Class y Asociados S.A., Moodys Local PE Clasificadora de Riesgo",B+
FINANCIERA CONFIANZA,2014 - MARZO,7.0,2,"Class y Asociados S.A., Moodys Local PE Clasificadora de Riesgo",B+
FINANCIERA CONFIANZA,2014 - SEPTIEMBRE,7.0,2,"Class y Asociados S.A., Moodys Local PE Clasificadora de Riesgo",B+
FINANCIERA CONFIANZA,2015 - MARZO,7.0,2,"Class y Asociados S.A., Moodys Local PE Clasificadora de Riesgo",B+
FINANCIERA CONFIANZA,2015 - SEPTIEMBRE,7.0,3,"Apoyo y Asociados Internacionales, Class y Asociados S.A., Moodys Local PE Clasificadora de Riesgo",B+
FINANCIERA CONFIANZA,2016 - MARZO,7.0,3,"Apoyo y Asociados Internacionales, Class y Asociados S.A., Moodys Local PE Clasificadora de Riesgo",B+
FINANCIERA CONFIANZA,2016 - SEPTIEMBRE,7.0,3,"Apoyo y Asociados Internacionales, Class y Asociados S.A., Moodys Local PE Clasificadora de Riesgo",B+
FINANCIERA CONFIANZA,2017 - MARZO,7.0,3,"Apoyo y Asociados Internacionales, Class y Asociados S.A., Moodys Local PE Clasificadora de Riesgo",B+
FINANCIERA CONFIANZA,2017 - SEPTIEMBRE,7.0,2,"Apoyo y Asociados Internacionales, Class y Asociados S.A.",B+
FINANCIERA CONFIANZA,2018 - MARZO,7.0,2,"Apoyo y Asociados Internacionales, Class y Asociados S.A.",B+
FINANCIERA CONFIANZA,2018 - SEPTIEMBRE,7.0,2,"Apoyo y Asociados Internacionales, Class y Asociados S.A.",B+
FINANCIERA CONFIANZA,2019 - MARZO,7.0,2,"Apoyo y Asociados Internacionales, Class y Asociados S.A.",B+
FINANCIERA CONFIANZA,2019 - SEPTIEMBRE,7.0,2,"Apoyo y Asociados Internacionales, Class y Asociados S.A.",B+
FINANCIERA CONFIANZA,2020 - MARZO,7.0,2,"Apoyo y Asociados Internacionales, Class y Asociados S.A.",B+
FINANCIERA CONFIANZA,2020 - SEPTIEMBRE,7.0,2,"Apoyo y Asociados Internacionales, Class y Asociados S.A.",B+
FINANCIERA CONFIANZA,2021 - MARZO,7.5,2,"Apoyo y Asociados Internacionales, Class y Asociados S.A.",A-
FINANCIERA CONFIANZA,2021 - SEPTIEMBRE,8.0,2,"Apoyo y Asociados Internacionales, Class y Asociados S.A.",A-
FINANCIERA CONFIANZA,2022 - MARZO,8.0,2,"Apoyo y Asociados Internacionales, Class y Asociados S.A.",A-
FINANCIERA CONFIANZA,2022 - SEPTIEMBRE,8.0,2,"Apoyo y Asociados Internacionales, Class y Asociados S.A.",A-
FINANCIERA CONFIANZA,2023 - MARZO,8.0,2,"Apoyo y Asociados Internacionales, Moodys Local PE Clasificadora de Riesgo",A-
FINANCIERA CONFIANZA,2023 - SEPTIEMBRE,8.0,2,"Apoyo y Asociados Internacionales, Moodys Local PE Clasificadora de Riesgo",A-
FINANCIERA CONFIANZA,2024 - MARZO,8.0,2,"Apoyo y Asociados Internacionales, Moodys Local PE Clasificadora de Riesgo",A-
FINANCIERA CONFIANZA,2024 - SEPTIEMBRE,8.0,2,"Apoyo y Asociados Internacionales, Moodys Local PE Clasificadora de Riesgo",A-
FINANCIERA CONFIANZA,2025 - MARZO,8.0,2,"Apoyo y Asociados Internacionales, Moodys Local PE Clasificadora de Riesgo",A-
FINANCIERA CONFIANZA,2025 - SEPTIEMBRE,8.0,2,"Apoyo y Asociados Internacionales, Moodys Local PE Clasificadora de Riesgo",A-
FINANCIERA CONFIANZA,2026 - MARZO,8.0,2,"Apoyo y Asociados Internacionales, Moodys Local PE Clasificadora de Riesgo",A-
FINANCIERA EDYFICAR,2012 - MARZO,8.0,2,"Apoyo y Asociados Internacionales, Moodys Local PE Clasificadora de Riesgo",A-
FINANCIERA EDYFICAR,2012 - SEPTIEMBRE,8.0,2,"Apoyo y Asociados Internacionales, Moodys Local PE Clasificadora de Riesgo",A-
FINANCIERA EDYFICAR,2013 - MARZO,8.0,2,"Apoyo y Asociados Internacionales, Moodys Local PE Clasificadora de Riesgo",A-
FINANCIERA EDYFICAR,2013 - SEPTIEMBRE,8.5,2,"Apoyo y Asociados Internacionales, Moodys Local PE Clasificadora de Riesgo",A-
FINANCIERA EDYFICAR,2014 - MARZO,8.5,2,"Apoyo y Asociados Internacionales, Moodys Local PE Clasificadora de Riesgo",A-
FINANCIERA EDYFICAR,2014 - SEPTIEMBRE,8.5,2,"Apoyo y Asociados Internacionales, Moodys Local PE Clasificadora de Riesgo",A-
FINANCIERA EDYFICAR,2015 - MARZO,8.5,2,"Apoyo y Asociados Internacionales, Moodys Local PE Clasificadora de Riesgo",A-
FINANCIERA EDYFICAR,2015 - SEPTIEMBRE,8.5,2,"Apoyo y Asociados Internacionales, Moodys Local PE Clasificadora de Riesgo",A-
FINANCIERA QAPAQ,2012 - MARZO,7.0,1,Class y Asociados S.A.,B+
FINANCIERA QAPAQ,2012 - SEPTIEMBRE,7.0,2,"Class y Asociados S.A., PCR (Pacific Credit Rating)",B+
FINANCIERA QAPAQ,2013 - MARZO,7.0,2,"Class y Asociados S.A., PCR (Pacific Credit Rating)",B+
FINANCIERA QAPAQ,2013 - SEPTIEMBRE,7.0,2,"Class y Asociados S.A., PCR (Pacific Credit Rating)",B+
FINANCIERA QAPAQ,2014 - MARZO,7.0,2,"Class y Asociados S.A., PCR (Pacific Credit Rating)",B+
FINANCIERA QAPAQ,2014 - SEPTIEMBRE,7.0,2,"Class y Asociados S.A., PCR (Pacific Credit Rating)",B+
FINANCIERA QAPAQ,2015 - MARZO,6.5,2,"Class y Asociados S.A., PCR (Pacific Credit Rating)",B
FINANCIERA QAPAQ,2015 - SEPTIEMBRE,6.5,2,"Class y Asociados S.A., PCR (Pacific Credit Rating)",B
FINANCIERA QAPAQ,2016 - MARZO,6.5,2,"Class y Asociados S.A., PCR (Pacific Credit Rating)",B
FINANCIERA QAPAQ,2016 - SEPTIEMBRE,6.5,2,"Class y Asociados S.A., PCR (Pacific Credit Rating)",B
FINANCIERA QAPAQ,2017 - MARZO,6.0,2,"Class y Asociados S.A., PCR (Pacific Credit Rating)",B
FINANCIERA QAPAQ,2017 - SEPTIEMBRE,6.0,2,"Class y Asociados S.A., PCR (Pacific Credit Rating)",B
FINANCIERA QAPAQ,2018 - MARZO,6.0,2,"Class y Asociados S.A., PCR (Pacific Credit Rating)",B
FINANCIERA QAPAQ,2018 - SEPTIEMBRE,6.0,2,"Class y Asociados S.A., PCR (Pacific Credit Rating)",B
FINANCIERA QAPAQ,2019 - MARZO,5.5,2,"Class y Asociados S.A., PCR (Pacific Credit Rating)",B
FINANCIERA QAPAQ,2019 - SEPTIEMBRE,5.0,2,"Class y Asociados S.A., PCR (Pacific Credit Rating)",B-
FINANCIERA QAPAQ,2020 - MARZO,5.0,2,"Class y Asociados S.A., PCR (Pacific Credit Rating)",B-
FINANCIERA QAPAQ,2020 - SEPTIEMBRE,5.0,2,"Class y Asociados S.A., PCR (Pacific Credit Rating)",B-
FINANCIERA QAPAQ,2021 - MARZO,5.0,2,"Class y Asociados S.A., PCR (Pacific Credit Rating)",B-
FINANCIERA QAPAQ,2021 - SEPTIEMBRE,4.0,2,"Class y Asociados S.A., PCR (Pacific Credit Rating)",C+
FINANCIERA QAPAQ,2022 - MARZO,4.0,2,"Class y Asociados S.A., PCR (Pacific Credit Rating)",C+
FINANCIERA QAPAQ,2022 - SEPTIEMBRE,4.0,2,"Class y Asociados S.A., PCR (Pacific Credit Rating)",C+
FINANCIERA QAPAQ,2023 - MARZO,4.0,2,"Moodys Local PE Clasificadora de Riesgo, PCR (Pacific Credit Rating)",C+
FINANCIERA QAPAQ,2023 - SEPTIEMBRE,4.0,2,"Moodys Local PE Clasificadora de Riesgo, PCR (Pacific Credit Rating)",C+
FINANCIERA QAPAQ,2024 - MARZO,4.0,2,"Moodys Local PE Clasificadora de Riesgo, PCR (Pacific Credit Rating)",C+
FINANCIERA QAPAQ,2024 - SEPTIEMBRE,3.0,2,"Moodys Local PE Clasificadora de Riesgo, PCR (Pacific Credit Rating)",C
FINANCIERA QAPAQ,2025 - MARZO,3.0,2,"Moodys Local PE Clasificadora de Riesgo, PCR (Pacific Credit Rating)",C
FINANCIERA QAPAQ,2025 - SEPTIEMBRE,3.0,2,"Moodys Local PE Clasificadora de Riesgo, PCR (Pacific Credit Rating)",C
FINANCIERA QAPAQ,2026 - MARZO,3.3333333333333335,3,"Apoyo y Asociados Internacionales, Moodys Local PE Clasificadora de Riesgo, PCR (Pacific Credit Rating)",C
FINANCIERA SURGIR,2024 - MARZO,8.0,2,"Apoyo y Asociados Internacionales, PCR (Pacific Credit Rating)",A-
FINANCIERA SURGIR,2024 - SEPTIEMBRE,8.0,2,"Apoyo y Asociados Internacionales, PCR (Pacific Credit Rating)",A-
FINANCIERA SURGIR,2025 - MARZO,8.0,2,"Apoyo y Asociados Internacionales, Moodys Local PE Clasificadora de Riesgo",A-
FINANCIERA SURGIR,2025 - SEPTIEMBRE,8.0,2,"Apoyo y Asociados Internacionales, Moodys Local PE Clasificadora de Riesgo",A-
FINANCIERA SURGIR,2026 - MARZO,8.0,2,"Apoyo y Asociados Internacionales, Moodys Local PE Clasificadora de Riesgo",A-
FINANCIERA TFC EL,2012 - MARZO,6.5,2,"Class y Asociados S.A., PCR (Pacific Credit Rating)",B
FINANCIERA TFC EL,2012 - SEPTIEMBRE,6.0,2,"Class y Asociados S.A., PCR (Pacific Credit Rating)",B
FINANCIERA TFC EL,2013 - MARZO,6.0,2,"Class y Asociados S.A., PCR (Pacific Credit Rating)",B
FINANCIERA TFC EL,2013 - SEPTIEMBRE,5.0,2,"Class y Asociados S.A., PCR (Pacific Credit Rating)",B-
FINANCIERA TFC EL,2014 - MARZO,5.0,2,"Class y Asociados S.A., PCR (Pacific Credit Rating)",B-
FINANCIERA TFC EL,2014 - SEPTIEMBRE,5.0,2,"Class y Asociados S.A., PCR (Pacific Credit Rating)",B-
FINANCIERA TFC EL,2015 - MARZO,5.5,2,"Class y Asociados S.A., PCR (Pacific Credit Rating)",B
FINANCIERA TFC EL,2015 - SEPTIEMBRE,5.5,2,"Class y Asociados S.A., PCR (Pacific Credit Rating)",B
FINANCIERA TFC EL,2016 - MARZO,5.5,2,"Class y Asociados S.A., PCR (Pacific Credit Rating)",B
FINANCIERA TFC EL,2016 - SEPTIEMBRE,5.5,2,"Class y Asociados S.A., PCR (Pacific Credit Rating)",B
FINANCIERA TFC EL,2017 - MARZO,5.5,2,"Class y Asociados S.A., PCR (Pacific Credit Rating)",B
FINANCIERA TFC EL,2017 - SEPTIEMBRE,5.5,2,"Class y Asociados S.A., PCR (Pacific Credit Rating)",B
FINANCIERA TFC EL,2018 - MARZO,5.5,2,"Class y Asociados S.A., PCR (Pacific Credit Rating)",B
FINANCIERA TFC EL,2018 - SEPTIEMBRE,5.0,2,"Class y Asociados S.A., PCR (Pacific Credit Rating)",B-
FINANCIERA TFC EL,2019 - MARZO,5.0,2,"Class y Asociados S.A., PCR (Pacific Credit Rating)",B-
FOGAPI,2021 - SEPTIEMBRE,9.0,1,PCR (Pacific Credit Rating),A
FOGAPI,2022 - MARZO,9.0,1,PCR (Pacific Credit Rating),A
FOGAPI,2022 - SEPTIEMBRE,9.0,1,PCR (Pacific Credit Rating),A
FOGAPI,2023 - MARZO,9.0,1,PCR (Pacific Credit Rating),A
FOGAPI,2023 - SEPTIEMBRE,9.0,1,PCR (Pacific Credit Rating),A
FOGAPI,2024 - MARZO,9.0,1,PCR (Pacific Credit Rating),A
FOGAPI,2024 - SEPTIEMBRE,9.0,1,PCR (Pacific Credit Rating),A
FOGAPI,2025 - MARZO,9.0,1,PCR (Pacific Credit Rating),A
FOGAPI,2025 - SEPTIEMBRE,9.0,1,PCR (Pacific Credit Rating),A
FOGAPI,2026 - MARZO,9.0,1,PCR (Pacific Credit Rating),A
FONDO MIVIVIENDA,2012 - MARZO,9.0,2,"Apoyo y Asociados Internacionales, Class y Asociados S.A.",A
FONDO MIVIVIENDA,2012 - SEPTIEMBRE,9.0,2,"Apoyo y Asociados Internacionales, Class y Asociados S.A.",A
FONDO MIVIVIENDA,2013 - MARZO,9.0,2,"Apoyo y Asociados Internacionales, Class y Asociados S.A.",A
FONDO MIVIVIENDA,2013 - SEPTIEMBRE,9.5,2,"Apoyo y Asociados Internacionales, Class y Asociados S.A.",A+
FONDO MIVIVIENDA,2014 - MARZO,10.0,1,Class y Asociados S.A.,A+
FONDO MIVIVIENDA,2014 - SEPTIEMBRE,10.0,1,Class y Asociados S.A.,A+
FONDO MIVIVIENDA,2015 - MARZO,10.0,1,Class y Asociados S.A.,A+
FONDO MIVIVIENDA,2015 - SEPTIEMBRE,10.0,1,Class y Asociados S.A.,A+
FONDO MIVIVIENDA,2016 - MARZO,9.5,2,"Apoyo y Asociados Internacionales, Class y Asociados S.A.",A+
FONDO MIVIVIENDA,2016 - SEPTIEMBRE,9.5,2,"Apoyo y Asociados Internacionales, Class y Asociados S.A.",A+
FONDO MIVIVIENDA,2017 - MARZO,9.5,2,"Apoyo y Asociados Internacionales, Class y Asociados S.A.",A+
FONDO MIVIVIENDA,2017 - SEPTIEMBRE,9.5,2,"Apoyo y Asociados Internacionales, Class y Asociados S.A.",A+
FONDO MIVIVIENDA,2018 - MARZO,9.5,2,"Apoyo y Asociados Internacionales, Class y Asociados S.A.",A+
FONDO MIVIVIENDA,2018 - SEPTIEMBRE,9.5,2,"Apoyo y Asociados Internacionales, Class y Asociados S.A.",A+
FONDO MIVIVIENDA,2019 - MARZO,9.5,2,"Class y Asociados S.A., Moodys Local PE Clasificadora de Riesgo",A+
FONDO MIVIVIENDA,2019 - SEPTIEMBRE,9.5,2,"Class y Asociados S.A., Moodys Local PE Clasificadora de Riesgo",A+
FONDO MIVIVIENDA,2020 - MARZO,9.5,2,"Class y Asociados S.A., Moodys Local PE Clasificadora de Riesgo",A+
FONDO MIVIVIENDA,2020 - SEPTIEMBRE,9.5,2,"Class y Asociados S.A., Moodys Local PE Clasificadora de Riesgo",A+
FONDO MIVIVIENDA,2021 - MARZO,9.0,2,"Apoyo y Asociados Internacionales, Moodys Local PE Clasificadora de Riesgo",A
FONDO MIVIVIENDA,2021 - SEPTIEMBRE,9.0,2,"Apoyo y Asociados Internacionales, Moodys Local PE Clasificadora de Riesgo",A
FONDO MIVIVIENDA,2022 - MARZO,9.0,2,"Apoyo y Asociados Internacionales, Moodys Local PE Clasificadora de Riesgo",A
FONDO MIVIVIENDA,2022 - SEPTIEMBRE,9.0,2,"Apoyo y Asociados Internacionales, Moodys Local PE Clasificadora de Riesgo",A
FONDO MIVIVIENDA,2023 - MARZO,9.0,2,"Apoyo y Asociados Internacionales, Moodys Local PE Clasificadora de Riesgo",A
FONDO MIVIVIENDA,2023 - SEPTIEMBRE,9.0,2,"Apoyo y Asociados Internacionales, Moodys Local PE Clasificadora de Riesgo",A
FONDO MIVIVIENDA,2024 - MARZO,9.0,2,"Apoyo y Asociados Internacionales, Moodys Local PE Clasificadora de Riesgo",A
FONDO MIVIVIENDA,2024 - SEPTIEMBRE,9.0,2,"Apoyo y Asociados Internacionales, Moodys Local PE Clasificadora de Riesgo",A
FONDO MIVIVIENDA,2025 - MARZO,9.0,2,"Apoyo y Asociados Internacionales, Moodys Local PE Clasificadora de Riesgo",A
FONDO MIVIVIENDA,2025 - SEPTIEMBRE,9.0,2,"Apoyo y Asociados Internacionales, Moodys Local PE Clasificadora de Riesgo",A
FONDO MIVIVIENDA,2026 - MARZO,9.0,2,"Apoyo y Asociados Internacionales, Moodys Local PE Clasificadora de Riesgo",A
ICBC PERU BANK S.A.,2014 - MARZO,9.0,2,"Apoyo y Asociados Internacionales, Moodys Local PE Clasificadora de Riesgo",A
ICBC PERU BANK S.A.,2014 - SEPTIEMBRE,9.0,2,"Apoyo y Asociados Internacionales, Moodys Local PE Clasificadora de Riesgo",A
ICBC PERU BANK S.A.,2015 - MARZO,9.0,2,"Apoyo y Asociados Internacionales, Moodys Local PE Clasificadora de Riesgo",A
ICBC PERU BANK S.A.,2015 - SEPTIEMBRE,9.0,2,"Apoyo y Asociados Internacionales, Moodys Local PE Clasificadora de Riesgo",A
ICBC PERU BANK S.A.,2016 - MARZO,9.0,2,"Apoyo y Asociados Internacionales, Moodys Local PE Clasificadora de Riesgo",A
ICBC PERU BANK S.A.,2016 - SEPTIEMBRE,9.0,2,"Apoyo y Asociados Internacionales, Moodys Local PE Clasificadora de Riesgo",A
ICBC PERU BANK S.A.,2017 - MARZO,9.0,2,"Apoyo y Asociados Internacionales, Moodys Local PE Clasificadora de Riesgo",A
ICBC PERU BANK S.A.,2017 - SEPTIEMBRE,9.0,2,"Apoyo y Asociados Internacionales, Moodys Local PE Clasificadora de Riesgo",A
ICBC PERU BANK S.A.,2018 - MARZO,9.0,2,"Apoyo y Asociados Internacionales, Moodys Local PE Clasificadora de Riesgo",A
ICBC PERU BANK S.A.,2018 - SEPTIEMBRE,9.0,2,"Moodys Local PE Clasificadora de Riesgo, PCR (Pacific Credit Rating)",A
ICBC PERU BANK S.A.,2019 - MARZO,9.0,2,"Moodys Local PE Clasificadora de Riesgo, PCR (Pacific Credit Rating)",A
ICBC PERU BANK S.A.,2019 - SEPTIEMBRE,9.0,2,"Moodys Local PE Clasificadora de Riesgo, PCR (Pacific Credit Rating)",A
ICBC PERU BANK S.A.,2020 - MARZO,9.0,2,"Moodys Local PE Clasificadora de Riesgo, PCR (Pacific Credit Rating)",A
ICBC PERU BANK S.A.,2020 - SEPTIEMBRE,9.0,2,"Moodys Local PE Clasificadora de Riesgo, PCR (Pacific Credit Rating)",A
ICBC PERU BANK S.A.,2021 - MARZO,9.0,2,"Moodys Local PE Clasificadora de Riesgo, PCR (Pacific Credit Rating)",A
ICBC PERU BANK S.A.,2021 - SEPTIEMBRE,9.0,2,"Moodys Local PE Clasificadora de Riesgo, PCR (Pacific Credit Rating)",A
ICBC PERU BANK S.A.,2022 - MARZO,9.0,2,"Moodys Local PE Clasificadora de Riesgo, PCR (Pacific Credit Rating)",A
ICBC PERU BANK S.A.,2022 - SEPTIEMBRE,9.0,2,"Moodys Local PE Clasificadora de Riesgo, PCR (Pacific Credit Rating)",A
ICBC PERU BANK S.A.,2023 - MARZO,9.0,2,"Moodys Local PE Clasificadora de Riesgo, PCR (Pacific Credit Rating)",A
ICBC PERU BANK S.A.,2023 - SEPTIEMBRE,9.0,2,"Moodys Local PE Clasificadora de Riesgo, PCR (Pacific Credit Rating)",A
ICBC PERU BANK S.A.,2024 - MARZO,9.0,2,"Moodys Local PE Clasificadora de Riesgo, PCR (Pacific Credit Rating)",A
ICBC PERU BANK S.A.,2024 - SEPTIEMBRE,9.0,2,"Moodys Local PE Clasificadora de Riesgo, PCR (Pacific Credit Rating)",A
ICBC PERU BANK S.A.,2025 - MARZO,9.0,2,"Moodys Local PE Clasificadora de Riesgo, PCR (Pacific Credit Rating)",A
ICBC PERU BANK S.A.,2025 - SEPTIEMBRE,9.0,2,"Moodys Local PE Clasificadora de Riesgo, PCR (Pacific Credit Rating)",A
ICBC PERU BANK S.A.,2026 - MARZO,9.333333333333334,3,"Apoyo y Asociados Internacionales, Moodys Local PE Clasificadora de Riesgo, PCR (Pacific Credit Rating)",A
INFINANCE XP S.A.,2013 - SEPTIEMBRE,6.333333333333333,3,"Apoyo y Asociados Internacionales, Class y Asociados S.A., Moodys Local PE Clasificadora de Riesgo",B
INFINANCE XP S.A.,2014 - MARZO,6.333333333333333,3,"Apoyo y Asociados Internacionales, Class y Asociados S.A., Moodys Local PE Clasificadora de Riesgo",B
INFINANCE XP S.A.,2014 - SEPTIEMBRE,6.333333333333333,3,"Apoyo y Asociados Internacionales, Class y Asociados S.A., Moodys Local PE Clasificadora de Riesgo",B
INFINANCE XP S.A.,2015 - MARZO,6.333333333333333,3,"Apoyo y Asociados Internacionales, Class y Asociados S.A., Moodys Local PE Clasificadora de Riesgo",B
INFINANCE XP S.A.,2015 - SEPTIEMBRE,6.5,2,"Apoyo y Asociados Internacionales, Class y Asociados S.A.",B
INFINANCE XP S.A.,2016 - MARZO,6.5,2,"Apoyo y Asociados Internacionales, Class y Asociados S.A.",B
INFINANCE XP S.A.,2016 - SEPTIEMBRE,6.5,2,"Apoyo y Asociados Internacionales, Class y Asociados S.A.",B
INFINANCE XP S.A.,2017 - MARZO,6.666666666666667,3,"Apoyo y Asociados Internacionales, Class y Asociados S.A., Moodys Local PE Clasificadora de Riesgo",B+
INFINANCE XP S.A.,2017 - SEPTIEMBRE,6.666666666666667,3,"Apoyo y Asociados Internacionales, Class y Asociados S.A., Moodys Local PE Clasificadora de Riesgo",B+
INFINANCE XP S.A.,2018 - MARZO,7.0,3,"Apoyo y Asociados Internacionales, Class y Asociados S.A., Moodys Local PE Clasificadora de Riesgo",B+
INFINANCE XP S.A.,2018 - SEPTIEMBRE,7.0,3,"Apoyo y Asociados Internacionales, Class y Asociados S.A., Moodys Local PE Clasificadora de Riesgo",B+
INFINANCE XP S.A.,2019 - MARZO,7.333333333333333,3,"Apoyo y Asociados Internacionales, Class y Asociados S.A., Moodys Local PE Clasificadora de Riesgo",B+
INFINANCE XP S.A.,2019 - SEPTIEMBRE,7.333333333333333,3,"Apoyo y Asociados Internacionales, Class y Asociados S.A., Moodys Local PE Clasificadora de Riesgo",B+
INFINANCE XP S.A.,2020 - MARZO,7.333333333333333,3,"Apoyo y Asociados Internacionales, Class y Asociados S.A., Moodys Local PE Clasificadora de Riesgo",B+
INFINANCE XP S.A.,2020 - SEPTIEMBRE,7.5,2,"Apoyo y Asociados Internacionales, Class y Asociados S.A.",A-
INFINANCE XP S.A.,2021 - MARZO,7.5,2,"Apoyo y Asociados Internacionales, Class y Asociados S.A.",A-
INFINANCE XP S.A.,2021 - SEPTIEMBRE,7.5,2,"Apoyo y Asociados Internacionales, Class y Asociados S.A.",A-
INFINANCE XP S.A.,2022 - MARZO,8.0,2,"Apoyo y Asociados Internacionales, Class y Asociados S.A.",A-
INFINANCE XP S.A.,2022 - SEPTIEMBRE,8.0,2,"Apoyo y Asociados Internacionales, Class y Asociados S.A.",A-
INFINANCE XP S.A.,2023 - MARZO,8.0,2,"Apoyo y Asociados Internacionales, Moodys Local PE Clasificadora de Riesgo",A-
INFINANCE XP S.A.,2023 - SEPTIEMBRE,8.0,2,"Apoyo y Asociados Internacionales, Moodys Local PE Clasificadora de Riesgo",A-
INFINANCE XP S.A.,2024 - MARZO,8.0,2,"Apoyo y Asociados Internacionales, Moodys Local PE Clasificadora de Riesgo",A-
INFINANCE XP S.A.,2024 - SEPTIEMBRE,8.0,2,"Apoyo y Asociados Internacionales, Moodys Local PE Clasificadora de Riesgo",A-
INFINANCE XP S.A.,2025 - MARZO,8.0,2,"Apoyo y Asociados Internacionales, Moodys Local PE Clasificadora de Riesgo",A-
INFINANCE XP S.A.,2025 - SEPTIEMBRE,8.0,2,"Apoyo y Asociados Internacionales, Moodys Local PE Clasificadora de Riesgo",A-
INFINANCE XP S.A.,2026 - MARZO,8.0,2,"Apoyo y Asociados Internacionales, Moodys Local PE Clasificadora de Riesgo",A-
INSUR,2012 - MARZO,7.5,2,"Class y Asociados S.A., PCR (Pacific Credit Rating)",A-
INSUR,2012 - SEPTIEMBRE,7.5,2,"Class y Asociados S.A., PCR (Pacific Credit Rating)",A-
INSUR,2013 - MARZO,7.5,2,"Class y Asociados S.A., PCR (Pacific Credit Rating)",A-
INSUR,2013 - SEPTIEMBRE,8.0,2,"Class y Asociados S.A., PCR (Pacific Credit Rating)",A-
INSUR,2014 - MARZO,9.0,2,"Class y Asociados S.A., PCR (Pacific Credit Rating)",A
INSUR,2014 - SEPTIEMBRE,9.0,2,"Class y Asociados S.A., PCR (Pacific Credit Rating)",A
INSUR,2015 - MARZO,9.0,2,"Class y Asociados S.A., PCR (Pacific Credit Rating)",A
INSUR,2015 - SEPTIEMBRE,9.0,2,"Class y Asociados S.A., PCR (Pacific Credit Rating)",A
INSUR,2016 - MARZO,9.0,2,"Class y Asociados S.A., PCR (Pacific Credit Rating)",A
INSUR,2016 - SEPTIEMBRE,9.0,2,"Class y Asociados S.A., PCR (Pacific Credit Rating)",A
INSUR,2017 - MARZO,9.0,2,"Class y Asociados S.A., PCR (Pacific Credit Rating)",A
INSUR,2017 - SEPTIEMBRE,9.0,2,"Class y Asociados S.A., PCR (Pacific Credit Rating)",A
INSUR,2018 - MARZO,9.0,2,"Class y Asociados S.A., PCR (Pacific Credit Rating)",A
INSUR,2018 - SEPTIEMBRE,9.0,2,"Class y Asociados S.A., PCR (Pacific Credit Rating)",A
INSUR,2019 - MARZO,9.0,2,"Class y Asociados S.A., PCR (Pacific Credit Rating)",A
INSUR,2019 - SEPTIEMBRE,9.0,2,"Class y Asociados S.A., PCR (Pacific Credit Rating)",A
INSUR,2020 - MARZO,9.0,2,"Class y Asociados S.A., PCR (Pacific Credit Rating)",A
INSUR,2020 - SEPTIEMBRE,9.0,2,"Class y Asociados S.A., PCR (Pacific Credit Rating)",A
INSUR,2021 - MARZO,9.0,2,"Class y Asociados S.A., PCR (Pacific Credit Rating)",A
INSUR,2021 - SEPTIEMBRE,9.0,2,"Class y Asociados S.A., PCR (Pacific Credit Rating)",A
INSUR,2022 - MARZO,9.0,2,"Class y Asociados S.A., PCR (Pacific Credit Rating)",A
INSUR,2022 - SEPTIEMBRE,9.0,2,"Class y Asociados S.A., PCR (Pacific Credit Rating)",A
INSUR,2023 - MARZO,9.0,2,"Moodys Local PE Clasificadora de Riesgo, PCR (Pacific Credit Rating)",A
INSUR,2023 - SEPTIEMBRE,9.0,2,"Moodys Local PE Clasificadora de Riesgo, PCR (Pacific Credit Rating)",A
INSUR,2024 - MARZO,9.0,2,"Moodys Local PE Clasificadora de Riesgo, PCR (Pacific Credit Rating)",A
INSUR,2024 - SEPTIEMBRE,9.0,2,"Moodys Local PE Clasificadora de Riesgo, PCR (Pacific Credit Rating)",A
INSUR,2025 - MARZO,9.0,2,"Moodys Local PE Clasificadora de Riesgo, PCR (Pacific Credit Rating)",A
INSUR,2025 - SEPTIEMBRE,9.0,2,"Moodys Local PE Clasificadora de Riesgo, PCR (Pacific Credit Rating)",A
INSUR,2026 - MARZO,9.0,2,"Moodys Local PE Clasificadora de Riesgo, PCR (Pacific Credit Rating)",A
INTERBANK,2012 - MARZO,9.333333333333334,3,"Apoyo y Asociados Internacionales, Class y Asociados S.A., Moodys Local PE Clasificadora de Riesgo",A
INTERBANK,2012 - SEPTIEMBRE,9.333333333333334,3,"Apoyo y Asociados Internacionales, Class y Asociados S.A., Moodys Local PE Clasificadora de Riesgo",A
INTERBANK,2013 - MARZO,9.333333333333334,3,"Apoyo y Asociados Internacionales, Class y Asociados S.A., Moodys Local PE Clasificadora de Riesgo",A
INTERBANK,2013 - SEPTIEMBRE,9.333333333333334,3,"Apoyo y Asociados Internacionales, Class y Asociados S.A., Moodys Local PE Clasificadora de Riesgo",A
INTERBANK,2014 - MARZO,9.333333333333334,3,"Apoyo y Asociados Internacionales, Class y Asociados S.A., Moodys Local PE Clasificadora de Riesgo",A
INTERBANK,2014 - SEPTIEMBRE,9.333333333333334,3,"Apoyo y Asociados Internacionales, Class y Asociados S.A., Moodys Local PE Clasificadora de Riesgo",A
INTERBANK,2015 - MARZO,9.333333333333334,3,"Apoyo y Asociados Internacionales, Class y Asociados S.A., Moodys Local PE Clasificadora de Riesgo",A
INTERBANK,2015 - SEPTIEMBRE,9.333333333333334,3,"Apoyo y Asociados Internacionales, Class y Asociados S.A., Moodys Local PE Clasificadora de Riesgo",A
INTERBANK,2016 - MARZO,9.333333333333334,3,"Apoyo y Asociados Internacionales, Class y Asociados S.A., Moodys Local PE Clasificadora de Riesgo",A
INTERBANK,2016 - SEPTIEMBRE,9.333333333333334,3,"Apoyo y Asociados Internacionales, Class y Asociados S.A., Moodys Local PE Clasificadora de Riesgo",A
INTERBANK,2017 - MARZO,9.333333333333334,3,"Apoyo y Asociados Internacionales, Class y Asociados S.A., Moodys Local PE Clasificadora de Riesgo",A
INTERBANK,2017 - SEPTIEMBRE,9.333333333333334,3,"Apoyo y Asociados Internacionales, Class y Asociados S.A., Moodys Local PE Clasificadora de Riesgo",A
INTERBANK,2018 - MARZO,9.333333333333334,3,"Apoyo y Asociados Internacionales, Class y Asociados S.A., Moodys Local PE Clasificadora de Riesgo",A
INTERBANK,2018 - SEPTIEMBRE,9.333333333333334,3,"Apoyo y Asociados Internacionales, Class y Asociados S.A., Moodys Local PE Clasificadora de Riesgo",A
INTERBANK,2019 - MARZO,9.333333333333334,3,"Apoyo y Asociados Internacionales, Class y Asociados S.A., Moodys Local PE Clasificadora de Riesgo",A
INTERBANK,2019 - SEPTIEMBRE,9.666666666666666,3,"Apoyo y Asociados Internacionales, Class y Asociados S.A., Moodys Local PE Clasificadora de Riesgo",A+
INTERBANK,2020 - MARZO,9.666666666666666,3,"Apoyo y Asociados Internacionales, Class y Asociados S.A., Moodys Local PE Clasificadora de Riesgo",A+
INTERBANK,2020 - SEPTIEMBRE,9.666666666666666,3,"Apoyo y Asociados Internacionales, Class y Asociados S.A., Moodys Local PE Clasificadora de Riesgo",A+
INTERBANK,2021 - MARZO,9.666666666666666,3,"Apoyo y Asociados Internacionales, Class y Asociados S.A., Moodys Local PE Clasificadora de Riesgo",A+
INTERBANK,2021 - SEPTIEMBRE,9.666666666666666,3,"Apoyo y Asociados Internacionales, Class y Asociados S.A., Moodys Local PE Clasificadora de Riesgo",A+
INTERBANK,2022 - MARZO,9.666666666666666,3,"Apoyo y Asociados Internacionales, Class y Asociados S.A., Moodys Local PE Clasificadora de Riesgo",A+
INTERBANK,2022 - SEPTIEMBRE,9.5,2,"Apoyo y Asociados Internacionales, Moodys Local PE Clasificadora de Riesgo",A+
INTERBANK,2023 - MARZO,9.5,2,"Apoyo y Asociados Internacionales, Moodys Local PE Clasificadora de Riesgo",A+
INTERBANK,2023 - SEPTIEMBRE,9.5,2,"Apoyo y Asociados Internacionales, Moodys Local PE Clasificadora de Riesgo",A+
INTERBANK,2024 - MARZO,9.5,2,"Apoyo y Asociados Internacionales, Moodys Local PE Clasificadora de Riesgo",A+
INTERBANK,2024 - SEPTIEMBRE,9.5,2,"Apoyo y Asociados Internacionales, Moodys Local PE Clasificadora de Riesgo",A+
INTERBANK,2025 - MARZO,9.5,2,"Apoyo y Asociados Internacionales, Moodys Local PE Clasificadora de Riesgo",A+
INTERBANK,2025 - SEPTIEMBRE,9.5,2,"Apoyo y Asociados Internacionales, Moodys Local PE Clasificadora de Riesgo",A+
INTERBANK,2026 - MARZO,10.0,2,"Apoyo y Asociados Internacionales, Moodys Local PE Clasificadora de Riesgo",A+
INTERSEGURO,2012 - MARZO,9.0,2,"Class y Asociados S.A., Moodys Local PE Clasificadora de Riesgo",A
INTERSEGURO,2012 - SEPTIEMBRE,9.0,2,"Class y Asociados S.A., Moodys Local PE Clasificadora de Riesgo",A
INTERSEGURO,2013 - MARZO,9.0,2,"Class y Asociados S.A., Moodys Local PE Clasificadora de Riesgo",A
INTERSEGURO,2013 - SEPTIEMBRE,9.0,2,"Class y Asociados S.A., Moodys Local PE Clasificadora de Riesgo",A
INTERSEGURO,2014 - MARZO,9.5,2,"Class y Asociados S.A., Moodys Local PE Clasificadora de Riesgo",A+
INTERSEGURO,2014 - SEPTIEMBRE,9.5,2,"Class y Asociados S.A., Moodys Local PE Clasificadora de Riesgo",A+
INTERSEGURO,2015 - MARZO,9.5,2,"Class y Asociados S.A., Moodys Local PE Clasificadora de Riesgo",A+
INTERSEGURO,2015 - SEPTIEMBRE,9.5,2,"Class y Asociados S.A., Moodys Local PE Clasificadora de Riesgo",A+
INTERSEGURO,2016 - MARZO,9.5,2,"Class y Asociados S.A., Moodys Local PE Clasificadora de Riesgo",A+
INTERSEGURO,2016 - SEPTIEMBRE,9.5,2,"Class y Asociados S.A., Moodys Local PE Clasificadora de Riesgo",A+
INTERSEGURO,2017 - MARZO,9.5,2,"Class y Asociados S.A., Moodys Local PE Clasificadora de Riesgo",A+
INTERSEGURO,2017 - SEPTIEMBRE,9.5,2,"Class y Asociados S.A., Moodys Local PE Clasificadora de Riesgo",A+
INTERSEGURO,2018 - MARZO,9.5,2,"Class y Asociados S.A., Moodys Local PE Clasificadora de Riesgo",A+
INTERSEGURO,2018 - SEPTIEMBRE,9.5,2,"Class y Asociados S.A., Moodys Local PE Clasificadora de Riesgo",A+
INTERSEGURO,2019 - MARZO,10.0,2,"Class y Asociados S.A., Moodys Local PE Clasificadora de Riesgo",A+
INTERSEGURO,2019 - SEPTIEMBRE,10.0,2,"Class y Asociados S.A., Moodys Local PE Clasificadora de Riesgo",A+
INTERSEGURO,2020 - MARZO,10.0,2,"Class y Asociados S.A., Moodys Local PE Clasificadora de Riesgo",A+
INTERSEGURO,2020 - SEPTIEMBRE,10.0,2,"Class y Asociados S.A., Moodys Local PE Clasificadora de Riesgo",A+
INTERSEGURO,2021 - MARZO,10.0,2,"Class y Asociados S.A., Moodys Local PE Clasificadora de Riesgo",A+
INTERSEGURO,2021 - SEPTIEMBRE,10.0,2,"Class y Asociados S.A., Moodys Local PE Clasificadora de Riesgo",A+
INTERSEGURO,2022 - MARZO,10.0,2,"Class y Asociados S.A., Moodys Local PE Clasificadora de Riesgo",A+
INTERSEGURO,2022 - SEPTIEMBRE,10.0,2,"Moodys Local PE Clasificadora de Riesgo, PCR (Pacific Credit Rating)",A+
INTERSEGURO,2023 - MARZO,10.0,2,"Moodys Local PE Clasificadora de Riesgo, PCR (Pacific Credit Rating)",A+
INTERSEGURO,2023 - SEPTIEMBRE,10.0,2,"Moodys Local PE Clasificadora de Riesgo, PCR (Pacific Credit Rating)",A+
INTERSEGURO,2024 - MARZO,10.0,2,"Moodys Local PE Clasificadora de Riesgo, PCR (Pacific Credit Rating)",A+
INTERSEGURO,2024 - SEPTIEMBRE,10.0,2,"Moodys Local PE Clasificadora de Riesgo, PCR (Pacific Credit Rating)",A+
INTERSEGURO,2025 - MARZO,10.0,2,"Moodys Local PE Clasificadora de Riesgo, PCR (Pacific Credit Rating)",A+
INTERSEGURO,2025 - SEPTIEMBRE,10.0,2,"Moodys Local PE Clasificadora de Riesgo, PCR (Pacific Credit Rating)",A+
INTERSEGURO,2026 - MARZO,10.0,2,"Moodys Local PE Clasificadora de Riesgo, PCR (Pacific Credit Rating)",A+
INVERSIONES LA CRUZ,2015 - SEPTIEMBRE,6.0,1,PCR (Pacific Credit Rating),B
INVERSIONES LA CRUZ,2016 - MARZO,6.0,1,PCR (Pacific Credit Rating),B
INVERSIONES LA CRUZ,2016 - SEPTIEMBRE,6.0,1,PCR (Pacific Credit Rating),B
INVERSIONES LA CRUZ,2017 - MARZO,6.0,1,PCR (Pacific Credit Rating),B
INVERSIONES LA CRUZ,2017 - SEPTIEMBRE,6.5,2,"Apoyo y Asociados Internacionales, PCR (Pacific Credit Rating)",B
INVERSIONES LA CRUZ,2018 - MARZO,6.5,2,"Apoyo y Asociados Internacionales, PCR (Pacific Credit Rating)",B
INVERSIONES LA CRUZ,2018 - SEPTIEMBRE,6.5,2,"Apoyo y Asociados Internacionales, PCR (Pacific Credit Rating)",B
INVERSIONES LA CRUZ,2019 - MARZO,6.5,2,"Apoyo y Asociados Internacionales, PCR (Pacific Credit Rating)",B
INVERSIONES LA CRUZ,2019 - SEPTIEMBRE,6.5,2,"Apoyo y Asociados Internacionales, PCR (Pacific Credit Rating)",B
INVERSIONES LA CRUZ,2020 - MARZO,7.0,1,Apoyo y Asociados Internacionales,B+
KORI,2026 - MARZO,4.0,1,Microrate,C+
LA POSITIVA,2012 - MARZO,8.0,2,"Class y Asociados S.A., PCR (Pacific Credit Rating)",A-
LA POSITIVA,2012 - SEPTIEMBRE,8.0,2,"Class y Asociados S.A., PCR (Pacific Credit Rating)",A-
LA POSITIVA,2013 - MARZO,8.0,2,"Class y Asociados S.A., PCR (Pacific Credit Rating)",A-
LA POSITIVA,2013 - SEPTIEMBRE,8.0,2,"Class y Asociados S.A., PCR (Pacific Credit Rating)",A-
LA POSITIVA,2014 - MARZO,8.0,2,"Class y Asociados S.A., PCR (Pacific Credit Rating)",A-
LA POSITIVA,2014 - SEPTIEMBRE,8.0,2,"Class y Asociados S.A., PCR (Pacific Credit Rating)",A-
LA POSITIVA,2015 - MARZO,8.0,2,"Class y Asociados S.A., PCR (Pacific Credit Rating)",A-
LA POSITIVA,2015 - SEPTIEMBRE,8.0,2,"Class y Asociados S.A., PCR (Pacific Credit Rating)",A-
LA POSITIVA,2016 - MARZO,8.0,2,"Class y Asociados S.A., PCR (Pacific Credit Rating)",A-
LA POSITIVA,2016 - SEPTIEMBRE,8.0,2,"Class y Asociados S.A., PCR (Pacific Credit Rating)",A-
LA POSITIVA,2017 - MARZO,8.0,2,"Class y Asociados S.A., PCR (Pacific Credit Rating)",A-
LA POSITIVA,2017 - SEPTIEMBRE,8.0,2,"Class y Asociados S.A., PCR (Pacific Credit Rating)",A-
LA POSITIVA,2018 - MARZO,8.0,2,"Class y Asociados S.A., PCR (Pacific Credit Rating)",A-
LA POSITIVA,2018 - SEPTIEMBRE,8.0,2,"Class y Asociados S.A., PCR (Pacific Credit Rating)",A-
LA POSITIVA,2019 - MARZO,8.0,2,"Class y Asociados S.A., PCR (Pacific Credit Rating)",A-
LA POSITIVA,2019 - SEPTIEMBRE,8.0,2,"Class y Asociados S.A., PCR (Pacific Credit Rating)",A-
LA POSITIVA,2020 - MARZO,8.0,2,"Class y Asociados S.A., PCR (Pacific Credit Rating)",A-
LA POSITIVA,2020 - SEPTIEMBRE,8.0,2,"Class y Asociados S.A., PCR (Pacific Credit Rating)",A-
LA POSITIVA,2021 - MARZO,8.5,2,"Class y Asociados S.A., PCR (Pacific Credit Rating)",A-
LA POSITIVA,2021 - SEPTIEMBRE,9.0,2,"Moodys Local PE Clasificadora de Riesgo, PCR (Pacific Credit Rating)",A
LA POSITIVA,2022 - MARZO,9.0,2,"Moodys Local PE Clasificadora de Riesgo, PCR (Pacific Credit Rating)",A
LA POSITIVA,2022 - SEPTIEMBRE,9.0,2,"Moodys Local PE Clasificadora de Riesgo, PCR (Pacific Credit Rating)",A
LA POSITIVA,2023 - MARZO,9.0,2,"Moodys Local PE Clasificadora de Riesgo, PCR (Pacific Credit Rating)",A
LA POSITIVA,2023 - SEPTIEMBRE,9.0,2,"Moodys Local PE Clasificadora de Riesgo, PCR (Pacific Credit Rating)",A
LA POSITIVA,2024 - MARZO,9.0,2,"Moodys Local PE Clasificadora de Riesgo, PCR (Pacific Credit Rating)",A
LA POSITIVA,2024 - SEPTIEMBRE,9.0,2,"Moodys Local PE Clasificadora de Riesgo, PCR (Pacific Credit Rating)",A
LA POSITIVA,2025 - MARZO,9.0,2,"Apoyo y Asociados Internacionales, Moodys Local PE Clasificadora de Riesgo",A
LA POSITIVA,2025 - SEPTIEMBRE,9.0,2,"Apoyo y Asociados Internacionales, Moodys Local PE Clasificadora de Riesgo",A
LA POSITIVA,2026 - MARZO,9.0,2,"Apoyo y Asociados Internacionales, Moodys Local PE Clasificadora de Riesgo",A
LA POSITIVA VIDA,2012 - MARZO,8.0,2,"Class y Asociados S.A., PCR (Pacific Credit Rating)",A-
LA POSITIVA VIDA,2012 - SEPTIEMBRE,8.0,2,"Class y Asociados S.A., PCR (Pacific Credit Rating)",A-
LA POSITIVA VIDA,2013 - MARZO,8.0,2,"Class y Asociados S.A., PCR (Pacific Credit Rating)",A-
LA POSITIVA VIDA,2013 - SEPTIEMBRE,8.0,2,"Class y Asociados S.A., PCR (Pacific Credit Rating)",A-
LA POSITIVA VIDA,2014 - MARZO,8.0,2,"Class y Asociados S.A., PCR (Pacific Credit Rating)",A-
LA POSITIVA VIDA,2014 - SEPTIEMBRE,8.0,2,"Class y Asociados S.A., PCR (Pacific Credit Rating)",A-
LA POSITIVA VIDA,2015 - MARZO,8.0,2,"Class y Asociados S.A., PCR (Pacific Credit Rating)",A-
LA POSITIVA VIDA,2015 - SEPTIEMBRE,8.0,2,"Class y Asociados S.A., PCR (Pacific Credit Rating)",A-
LA POSITIVA VIDA,2016 - MARZO,9.0,2,"Class y Asociados S.A., PCR (Pacific Credit Rating)",A
LA POSITIVA VIDA,2016 - SEPTIEMBRE,9.0,2,"Class y Asociados S.A., PCR (Pacific Credit Rating)",A
LA POSITIVA VIDA,2017 - MARZO,9.0,2,"Class y Asociados S.A., PCR (Pacific Credit Rating)",A
LA POSITIVA VIDA,2017 - SEPTIEMBRE,9.0,2,"Class y Asociados S.A., PCR (Pacific Credit Rating)",A
LA POSITIVA VIDA,2018 - MARZO,9.0,2,"Class y Asociados S.A., PCR (Pacific Credit Rating)",A
LA POSITIVA VIDA,2018 - SEPTIEMBRE,9.0,2,"Class y Asociados S.A., PCR (Pacific Credit Rating)",A
LA POSITIVA VIDA,2019 - MARZO,9.0,2,"Class y Asociados S.A., PCR (Pacific Credit Rating)",A
LA POSITIVA VIDA,2019 - SEPTIEMBRE,9.0,2,"Class y Asociados S.A., PCR (Pacific Credit Rating)",A
LA POSITIVA VIDA,2020 - MARZO,9.0,2,"Class y Asociados S.A., PCR (Pacific Credit Rating)",A
LA POSITIVA VIDA,2020 - SEPTIEMBRE,9.0,2,"Class y Asociados S.A., PCR (Pacific Credit Rating)",A
LA POSITIVA VIDA,2021 - MARZO,9.0,2,"Class y Asociados S.A., PCR (Pacific Credit Rating)",A
LA POSITIVA VIDA,2021 - SEPTIEMBRE,9.0,2,"Moodys Local PE Clasificadora de Riesgo, PCR (Pacific Credit Rating)",A
LA POSITIVA VIDA,2022 - MARZO,9.0,2,"Moodys Local PE Clasificadora de Riesgo, PCR (Pacific Credit Rating)",A
LA POSITIVA VIDA,2022 - SEPTIEMBRE,9.0,2,"Moodys Local PE Clasificadora de Riesgo, PCR (Pacific Credit Rating)",A
LA POSITIVA VIDA,2023 - MARZO,9.0,2,"Moodys Local PE Clasificadora de Riesgo, PCR (Pacific Credit Rating)",A
LA POSITIVA VIDA,2023 - SEPTIEMBRE,9.0,2,"Moodys Local PE Clasificadora de Riesgo, PCR (Pacific Credit Rating)",A
LA POSITIVA VIDA,2024 - MARZO,9.0,2,"Moodys Local PE Clasificadora de Riesgo, PCR (Pacific Credit Rating)",A
LA POSITIVA VIDA,2024 - SEPTIEMBRE,9.0,2,"Moodys Local PE Clasificadora de Riesgo, PCR (Pacific Credit Rating)",A
LA POSITIVA VIDA,2025 - MARZO,9.0,2,"Apoyo y Asociados Internacionales, Moodys Local PE Clasificadora de Riesgo",A
LA POSITIVA VIDA,2025 - SEPTIEMBRE,9.0,2,"Apoyo y Asociados Internacionales, Moodys Local PE Clasificadora de Riesgo",A
LA POSITIVA VIDA,2026 - MARZO,9.0,2,"Apoyo y Asociados Internacionales, Moodys Local PE Clasificadora de Riesgo",A
LIBERTY SEGUROS,2017 - MARZO,8.0,2,"Class y Asociados S.A., Moodys Local PE Clasificadora de Riesgo",A-
LIBERTY SEGUROS,2017 - SEPTIEMBRE,8.0,2,"Class y Asociados S.A., Moodys Local PE Clasificadora de Riesgo",A-
LIBERTY SEGUROS,2018 - MARZO,8.0,2,"Class y Asociados S.A., Moodys Local PE Clasificadora de Riesgo",A-
LIBERTY SEGUROS,2018 - SEPTIEMBRE,8.0,2,"Class y Asociados S.A., Moodys Local PE Clasificadora de Riesgo",A-
LIBERTY SEGUROS,2019 - MARZO,8.0,2,"Class y Asociados S.A., Moodys Local PE Clasificadora de Riesgo",A-
LIBERTY SEGUROS,2019 - SEPTIEMBRE,8.0,2,"Class y Asociados S.A., Moodys Local PE Clasificadora de Riesgo",A-
LIBERTY SEGUROS,2020 - MARZO,8.0,2,"Class y Asociados S.A., Moodys Local PE Clasificadora de Riesgo",A-
LIBERTY SEGUROS,2020 - SEPTIEMBRE,8.0,2,"Class y Asociados S.A., Moodys Local PE Clasificadora de Riesgo",A-
LIBERTY SEGUROS,2021 - MARZO,8.0,2,"Class y Asociados S.A., Moodys Local PE Clasificadora de Riesgo",A-
LIBERTY SEGUROS,2021 - SEPTIEMBRE,8.0,2,"Class y Asociados S.A., Moodys Local PE Clasificadora de Riesgo",A-
LIBERTY SEGUROS,2022 - MARZO,8.0,2,"Class y Asociados S.A., Moodys Local PE Clasificadora de Riesgo",A-
LIBERTY SEGUROS,2022 - SEPTIEMBRE,8.0,2,"JCR Latino America, Moodys Local PE Clasificadora de Riesgo",A-
LIBERTY SEGUROS,2023 - MARZO,8.0,2,"JCR Latino America, Moodys Local PE Clasificadora de Riesgo",A-
LIBERTY SEGUROS,2023 - SEPTIEMBRE,8.0,2,"JCR Latino America, Moodys Local PE Clasificadora de Riesgo",A-
LIBERTY SEGUROS,2024 - MARZO,8.0,2,"JCR Latino America, Moodys Local PE Clasificadora de Riesgo",A-
LIBERTY SEGUROS,2024 - SEPTIEMBRE,8.5,2,"Apoyo y Asociados Internacionales, Moodys Local PE Clasificadora de Riesgo",A-
LIBERTY SEGUROS,2025 - MARZO,9.0,2,"Apoyo y Asociados Internacionales, Moodys Local PE Clasificadora de Riesgo",A
LIBERTY SEGUROS,2025 - SEPTIEMBRE,9.0,2,"Apoyo y Asociados Internacionales, Moodys Local PE Clasificadora de Riesgo",A
LIBERTY SEGUROS,2026 - MARZO,9.0,2,"Apoyo y Asociados Internacionales, Moodys Local PE Clasificadora de Riesgo",A
LOS ANDES COTARUSI,2026 - MARZO,5.0,1,JCR Latino America,B-
MAPFRE PERÚ,2012 - MARZO,9.5,2,"Class y Asociados S.A., PCR (Pacific Credit Rating)",A+
MAPFRE PERÚ,2012 - SEPTIEMBRE,9.5,2,"Class y Asociados S.A., PCR (Pacific Credit Rating)",A+
MAPFRE PERÚ,2013 - MARZO,9.5,2,"Class y Asociados S.A., PCR (Pacific Credit Rating)",A+
MAPFRE PERÚ,2013 - SEPTIEMBRE,9.5,2,"Class y Asociados S.A., PCR (Pacific Credit Rating)",A+
MAPFRE PERÚ,2014 - MARZO,9.5,2,"Class y Asociados S.A., PCR (Pacific Credit Rating)",A+
MAPFRE PERÚ,2014 - SEPTIEMBRE,9.5,2,"Class y Asociados S.A., PCR (Pacific Credit Rating)",A+
MAPFRE PERÚ,2015 - MARZO,9.5,2,"Class y Asociados S.A., PCR (Pacific Credit Rating)",A+
MAPFRE PERÚ,2015 - SEPTIEMBRE,9.5,2,"Class y Asociados S.A., PCR (Pacific Credit Rating)",A+
MAPFRE PERÚ,2016 - MARZO,9.5,2,"Class y Asociados S.A., PCR (Pacific Credit Rating)",A+
MAPFRE PERÚ,2016 - SEPTIEMBRE,9.5,2,"Class y Asociados S.A., PCR (Pacific Credit Rating)",A+
MAPFRE PERÚ,2017 - MARZO,9.5,2,"Class y Asociados S.A., PCR (Pacific Credit Rating)",A+
MAPFRE PERÚ,2017 - SEPTIEMBRE,9.5,2,"Class y Asociados S.A., PCR (Pacific Credit Rating)",A+
MAPFRE PERÚ,2018 - MARZO,9.5,2,"Class y Asociados S.A., PCR (Pacific Credit Rating)",A+
MAPFRE PERÚ,2018 - SEPTIEMBRE,9.5,2,"Class y Asociados S.A., PCR (Pacific Credit Rating)",A+
MAPFRE PERÚ,2019 - MARZO,9.5,2,"Class y Asociados S.A., PCR (Pacific Credit Rating)",A+
MAPFRE PERÚ,2019 - SEPTIEMBRE,9.5,2,"Class y Asociados S.A., PCR (Pacific Credit Rating)",A+
MAPFRE PERÚ,2020 - MARZO,9.5,2,"Class y Asociados S.A., PCR (Pacific Credit Rating)",A+
MAPFRE PERÚ,2020 - SEPTIEMBRE,9.5,2,"Class y Asociados S.A., PCR (Pacific Credit Rating)",A+
MAPFRE PERÚ,2021 - MARZO,9.5,2,"Class y Asociados S.A., PCR (Pacific Credit Rating)",A+
MAPFRE PERÚ,2021 - SEPTIEMBRE,9.5,2,"Class y Asociados S.A., PCR (Pacific Credit Rating)",A+
MAPFRE PERÚ,2022 - MARZO,9.5,2,"Class y Asociados S.A., PCR (Pacific Credit Rating)",A+
MAPFRE PERÚ,2022 - SEPTIEMBRE,9.5,2,"Class y Asociados S.A., PCR (Pacific Credit Rating)",A+
MAPFRE PERÚ,2023 - MARZO,9.5,2,"Moodys Local PE Clasificadora de Riesgo, PCR (Pacific Credit Rating)",A+
MAPFRE PERÚ,2023 - SEPTIEMBRE,9.5,2,"Moodys Local PE Clasificadora de Riesgo, PCR (Pacific Credit Rating)",A+
MAPFRE PERÚ,2024 - MARZO,10.0,2,"Moodys Local PE Clasificadora de Riesgo, PCR (Pacific Credit Rating)",A+
MAPFRE PERÚ,2024 - SEPTIEMBRE,10.0,2,"Moodys Local PE Clasificadora de Riesgo, PCR (Pacific Credit Rating)",A+
MAPFRE PERÚ,2025 - MARZO,10.0,2,"Moodys Local PE Clasificadora de Riesgo, PCR (Pacific Credit Rating)",A+
MAPFRE PERÚ,2025 - SEPTIEMBRE,10.0,2,"Moodys Local PE Clasificadora de Riesgo, PCR (Pacific Credit Rating)",A+
MAPFRE PERÚ,2026 - MARZO,10.0,2,"Moodys Local PE Clasificadora de Riesgo, PCR (Pacific Credit Rating)",A+
MIBANCO,2012 - MARZO,9.0,2,"Class y Asociados S.A., PCR (Pacific Credit Rating)",A
MIBANCO,2012 - SEPTIEMBRE,9.0,2,"Class y Asociados S.A., PCR (Pacific Credit Rating)",A
MIBANCO,2013 - MARZO,9.0,2,"Class y Asociados S.A., PCR (Pacific Credit Rating)",A
MIBANCO,2013 - SEPTIEMBRE,9.0,2,"Class y Asociados S.A., PCR (Pacific Credit Rating)",A
MIBANCO,2014 - MARZO,8.5,2,"Class y Asociados S.A., PCR (Pacific Credit Rating)",A-
MIBANCO,2014 - SEPTIEMBRE,8.5,2,"Class y Asociados S.A., PCR (Pacific Credit Rating)",A-
MIBANCO,2015 - MARZO,9.0,3,"Class y Asociados S.A., Moodys Local PE Clasificadora de Riesgo, PCR (Pacific Credit Rating)",A
MIBANCO,2015 - SEPTIEMBRE,9.0,2,"Apoyo y Asociados Internacionales, Moodys Local PE Clasificadora de Riesgo",A
MIBANCO,2016 - MARZO,9.0,2,"Apoyo y Asociados Internacionales, Moodys Local PE Clasificadora de Riesgo",A
MIBANCO,2016 - SEPTIEMBRE,9.0,2,"Apoyo y Asociados Internacionales, Moodys Local PE Clasificadora de Riesgo",A
MIBANCO,2017 - MARZO,9.0,2,"Apoyo y Asociados Internacionales, Moodys Local PE Clasificadora de Riesgo",A
MIBANCO,2017 - SEPTIEMBRE,9.0,2,"Apoyo y Asociados Internacionales, Moodys Local PE Clasificadora de Riesgo",A
MIBANCO,2018 - MARZO,9.0,2,"Apoyo y Asociados Internacionales, Moodys Local PE Clasificadora de Riesgo",A
MIBANCO,2018 - SEPTIEMBRE,9.0,2,"Apoyo y Asociados Internacionales, Moodys Local PE Clasificadora de Riesgo",A
MIBANCO,2019 - MARZO,9.0,2,"Apoyo y Asociados Internacionales, Moodys Local PE Clasificadora de Riesgo",A
MIBANCO,2019 - SEPTIEMBRE,9.0,2,"Apoyo y Asociados Internacionales, Moodys Local PE Clasificadora de Riesgo",A
MIBANCO,2020 - MARZO,9.0,2,"Apoyo y Asociados Internacionales, Moodys Local PE Clasificadora de Riesgo",A
MIBANCO,2020 - SEPTIEMBRE,9.0,2,"Apoyo y Asociados Internacionales, Moodys Local PE Clasificadora de Riesgo",A
MIBANCO,2021 - MARZO,9.0,2,"Apoyo y Asociados Internacionales, Moodys Local PE Clasificadora de Riesgo",A
MIBANCO,2021 - SEPTIEMBRE,9.0,2,"Apoyo y Asociados Internacionales, Moodys Local PE Clasificadora de Riesgo",A
MIBANCO,2022 - MARZO,9.0,2,"Apoyo y Asociados Internacionales, Moodys Local PE Clasificadora de Riesgo",A
MIBANCO,2022 - SEPTIEMBRE,9.0,2,"Apoyo y Asociados Internacionales, Moodys Local PE Clasificadora de Riesgo",A
MIBANCO,2023 - MARZO,9.0,2,"Apoyo y Asociados Internacionales, Moodys Local PE Clasificadora de Riesgo",A
MIBANCO,2023 - SEPTIEMBRE,9.0,2,"Apoyo y Asociados Internacionales, Moodys Local PE Clasificadora de Riesgo",A
MIBANCO,2024 - MARZO,9.0,2,"Apoyo y Asociados Internacionales, Moodys Local PE Clasificadora de Riesgo",A
MIBANCO,2024 - SEPTIEMBRE,9.0,2,"Apoyo y Asociados Internacionales, Moodys Local PE Clasificadora de Riesgo",A
MIBANCO,2025 - MARZO,9.0,2,"Apoyo y Asociados Internacionales, Moodys Local PE Clasificadora de Riesgo",A
MIBANCO,2025 - SEPTIEMBRE,9.0,2,"Apoyo y Asociados Internacionales, Moodys Local PE Clasificadora de Riesgo",A
MIBANCO,2026 - MARZO,9.0,2,"Apoyo y Asociados Internacionales, Moodys Local PE Clasificadora de Riesgo",A
MITSUI AUTO FINANCE,2024 - MARZO,8.0,1,Moodys Local PE Clasificadora de Riesgo,A-
MITSUI AUTO FINANCE,2024 - SEPTIEMBRE,8.0,1,Moodys Local PE Clasificadora de Riesgo,A-
MITSUI AUTO FINANCE,2025 - MARZO,8.0,1,Moodys Local PE Clasificadora de Riesgo,A-
MITSUI AUTO FINANCE,2025 - SEPTIEMBRE,8.5,2,"Apoyo y Asociados Internacionales, Moodys Local PE Clasificadora de Riesgo",A-
MITSUI AUTO FINANCE,2026 - MARZO,8.5,2,"Apoyo y Asociados Internacionales, Moodys Local PE Clasificadora de Riesgo",A-
NACION,2012 - MARZO,9.0,2,"Apoyo y Asociados Internacionales, Moodys Local PE Clasificadora de Riesgo",A
NACION,2012 - SEPTIEMBRE,9.0,2,"Apoyo y Asociados Internacionales, Moodys Local PE Clasificadora de Riesgo",A
NACION,2013 - MARZO,9.0,2,"Apoyo y Asociados Internacionales, Moodys Local PE Clasificadora de Riesgo",A
NACION,2013 - SEPTIEMBRE,9.0,2,"Apoyo y Asociados Internacionales, Moodys Local PE Clasificadora de Riesgo",A
NACION,2014 - MARZO,9.0,2,"Apoyo y Asociados Internacionales, Moodys Local PE Clasificadora de Riesgo",A
NACION,2014 - SEPTIEMBRE,9.0,2,"Apoyo y Asociados Internacionales, Moodys Local PE Clasificadora de Riesgo",A
NACION,2015 - MARZO,9.0,2,"Apoyo y Asociados Internacionales, Moodys Local PE Clasificadora de Riesgo",A
NACION,2015 - SEPTIEMBRE,9.0,2,"Apoyo y Asociados Internacionales, Moodys Local PE Clasificadora de Riesgo",A
NACION,2016 - MARZO,9.0,1,Moodys Local PE Clasificadora de Riesgo,A
NACION,2016 - SEPTIEMBRE,9.0,2,"Apoyo y Asociados Internacionales, Moodys Local PE Clasificadora de Riesgo",A
NACION,2017 - MARZO,9.0,1,Moodys Local PE Clasificadora de Riesgo,A
NACION,2017 - SEPTIEMBRE,9.0,2,"Apoyo y Asociados Internacionales, Moodys Local PE Clasificadora de Riesgo",A
NACION,2018 - MARZO,9.0,2,"Apoyo y Asociados Internacionales, Moodys Local PE Clasificadora de Riesgo",A
NACION,2018 - SEPTIEMBRE,9.0,2,"Apoyo y Asociados Internacionales, Moodys Local PE Clasificadora de Riesgo",A
NACION,2019 - MARZO,9.0,2,"Apoyo y Asociados Internacionales, Moodys Local PE Clasificadora de Riesgo",A
NACION,2019 - SEPTIEMBRE,9.0,2,"Apoyo y Asociados Internacionales, Moodys Local PE Clasificadora de Riesgo",A
NACION,2020 - MARZO,9.0,2,"Apoyo y Asociados Internacionales, Moodys Local PE Clasificadora de Riesgo",A
NACION,2020 - SEPTIEMBRE,9.0,2,"Apoyo y Asociados Internacionales, Moodys Local PE Clasificadora de Riesgo",A
NACION,2021 - MARZO,9.0,3,"Apoyo y Asociados Internacionales, Class y Asociados S.A., Moodys Local PE Clasificadora de Riesgo",A
NACION,2021 - SEPTIEMBRE,9.0,2,"Apoyo y Asociados Internacionales, Class y Asociados S.A.",A
NACION,2022 - MARZO,9.0,2,"Apoyo y Asociados Internacionales, Class y Asociados S.A.",A
NACION,2022 - SEPTIEMBRE,9.0,2,"Apoyo y Asociados Internacionales, Class y Asociados S.A.",A
NACION,2023 - MARZO,9.0,2,"Apoyo y Asociados Internacionales, Moodys Local PE Clasificadora de Riesgo",A
NACION,2023 - SEPTIEMBRE,9.0,2,"Apoyo y Asociados Internacionales, Moodys Local PE Clasificadora de Riesgo",A
NACION,2024 - MARZO,9.0,2,"Apoyo y Asociados Internacionales, Moodys Local PE Clasificadora de Riesgo",A
NACION,2024 - SEPTIEMBRE,9.0,2,"Apoyo y Asociados Internacionales, Moodys Local PE Clasificadora de Riesgo",A
NACION,2025 - MARZO,9.0,2,"Apoyo y Asociados Internacionales, Moodys Local PE Clasificadora de Riesgo",A
NACION,2025 - SEPTIEMBRE,9.0,2,"Apoyo y Asociados Internacionales, Moodys Local PE Clasificadora de Riesgo",A
NACION,2026 - MARZO,9.0,2,"Apoyo y Asociados Internacionales, Moodys Local PE Clasificadora de Riesgo",A
PACÍFICO SEGUROS,2012 - MARZO,10.0,2,"Apoyo y Asociados Internacionales, Moodys Local PE Clasificadora de Riesgo",A+
PACÍFICO SEGUROS,2012 - SEPTIEMBRE,10.0,2,"Apoyo y Asociados Internacionales, Moodys Local PE Clasificadora de Riesgo",A+
PACÍFICO SEGUROS,2013 - MARZO,10.0,2,"Apoyo y Asociados Internacionales, Moodys Local PE Clasificadora de Riesgo",A+
PACÍFICO SEGUROS,2013 - SEPTIEMBRE,10.0,2,"Apoyo y Asociados Internacionales, Moodys Local PE Clasificadora de Riesgo",A+
PACÍFICO SEGUROS,2014 - MARZO,10.0,2,"Apoyo y Asociados Internacionales, Moodys Local PE Clasificadora de Riesgo",A+
PACÍFICO SEGUROS,2014 - SEPTIEMBRE,10.0,2,"Apoyo y Asociados Internacionales, Moodys Local PE Clasificadora de Riesgo",A+
PACÍFICO SEGUROS,2015 - MARZO,10.0,2,"Apoyo y Asociados Internacionales, Moodys Local PE Clasificadora de Riesgo",A+
PACÍFICO SEGUROS,2015 - SEPTIEMBRE,10.0,2,"Apoyo y Asociados Internacionales, Moodys Local PE Clasificadora de Riesgo",A+
PACÍFICO SEGUROS,2016 - MARZO,10.0,2,"Apoyo y Asociados Internacionales, Moodys Local PE Clasificadora de Riesgo",A+
PACÍFICO SEGUROS,2016 - SEPTIEMBRE,10.0,2,"Apoyo y Asociados Internacionales, Moodys Local PE Clasificadora de Riesgo",A+
PACÍFICO SEGUROS,2017 - MARZO,10.0,2,"Apoyo y Asociados Internacionales, Moodys Local PE Clasificadora de Riesgo",A+
PACÍFICO SEGUROS,2017 - SEPTIEMBRE,10.0,1,Apoyo y Asociados Internacionales,A+
PACÍFICO SEGUROS,2018 - MARZO,10.0,2,"Apoyo y Asociados Internacionales, Moodys Local PE Clasificadora de Riesgo",A+
PACÍFICO SEGUROS,2018 - SEPTIEMBRE,10.0,2,"Apoyo y Asociados Internacionales, Moodys Local PE Clasificadora de Riesgo",A+
PACÍFICO SEGUROS,2019 - MARZO,10.0,2,"Apoyo y Asociados Internacionales, Moodys Local PE Clasificadora de Riesgo",A+
PACÍFICO SEGUROS,2019 - SEPTIEMBRE,10.0,2,"Apoyo y Asociados Internacionales, Moodys Local PE Clasificadora de Riesgo",A+
PACÍFICO SEGUROS,2020 - MARZO,10.0,2,"Apoyo y Asociados Internacionales, Moodys Local PE Clasificadora de Riesgo",A+
PACÍFICO SEGUROS,2020 - SEPTIEMBRE,10.0,2,"Apoyo y Asociados Internacionales, Moodys Local PE Clasificadora de Riesgo",A+
PACÍFICO SEGUROS,2021 - MARZO,10.0,2,"Apoyo y Asociados Internacionales, Moodys Local PE Clasificadora de Riesgo",A+
PACÍFICO SEGUROS,2021 - SEPTIEMBRE,10.0,2,"Apoyo y Asociados Internacionales, Moodys Local PE Clasificadora de Riesgo",A+
PACÍFICO SEGUROS,2022 - MARZO,10.0,2,"Apoyo y Asociados Internacionales, Moodys Local PE Clasificadora de Riesgo",A+
PACÍFICO SEGUROS,2022 - SEPTIEMBRE,10.0,2,"Apoyo y Asociados Internacionales, Moodys Local PE Clasificadora de Riesgo",A+
PACÍFICO SEGUROS,2023 - MARZO,10.0,2,"Apoyo y Asociados Internacionales, Moodys Local PE Clasificadora de Riesgo",A+
PACÍFICO SEGUROS,2023 - SEPTIEMBRE,10.0,2,"Apoyo y Asociados Internacionales, Moodys Local PE Clasificadora de Riesgo",A+
PACÍFICO SEGUROS,2024 - MARZO,10.0,2,"Apoyo y Asociados Internacionales, Moodys Local PE Clasificadora de Riesgo",A+
PACÍFICO SEGUROS,2024 - SEPTIEMBRE,10.0,2,"Apoyo y Asociados Internacionales, Moodys Local PE Clasificadora de Riesgo",A+
PACÍFICO SEGUROS,2025 - MARZO,10.0,2,"Apoyo y Asociados Internacionales, Moodys Local PE Clasificadora de Riesgo",A+
PACÍFICO SEGUROS,2025 - SEPTIEMBRE,10.0,2,"Apoyo y Asociados Internacionales, Moodys Local PE Clasificadora de Riesgo",A+
PACÍFICO SEGUROS,2026 - MARZO,10.0,2,"Apoyo y Asociados Internacionales, Moodys Local PE Clasificadora de Riesgo",A+
PROTECTA,2012 - MARZO,8.5,2,"Class y Asociados S.A., PCR (Pacific Credit Rating)",A-
PROTECTA,2012 - SEPTIEMBRE,8.5,2,"Class y Asociados S.A., PCR (Pacific Credit Rating)",A-
PROTECTA,2013 - MARZO,8.5,2,"Class y Asociados S.A., PCR (Pacific Credit Rating)",A-
PROTECTA,2013 - SEPTIEMBRE,8.5,2,"Class y Asociados S.A., PCR (Pacific Credit Rating)",A-
PROTECTA,2014 - MARZO,8.5,2,"Class y Asociados S.A., PCR (Pacific Credit Rating)",A-
PROTECTA,2014 - SEPTIEMBRE,8.5,2,"Class y Asociados S.A., PCR (Pacific Credit Rating)",A-
PROTECTA,2015 - MARZO,8.5,2,"Class y Asociados S.A., PCR (Pacific Credit Rating)",A-
PROTECTA,2015 - SEPTIEMBRE,8.5,2,"Class y Asociados S.A., PCR (Pacific Credit Rating)",A-
PROTECTA,2016 - MARZO,9.0,2,"Class y Asociados S.A., PCR (Pacific Credit Rating)",A
PROTECTA,2016 - SEPTIEMBRE,9.0,2,"Class y Asociados S.A., PCR (Pacific Credit Rating)",A
PROTECTA,2017 - MARZO,9.0,2,"Class y Asociados S.A., PCR (Pacific Credit Rating)",A
PROTECTA,2017 - SEPTIEMBRE,9.0,2,"Class y Asociados S.A., PCR (Pacific Credit Rating)",A
PROTECTA,2018 - MARZO,9.0,2,"Class y Asociados S.A., PCR (Pacific Credit Rating)",A
PROTECTA,2018 - SEPTIEMBRE,9.0,2,"Class y Asociados S.A., PCR (Pacific Credit Rating)",A
PROTECTA,2019 - MARZO,9.0,2,"Class y Asociados S.A., PCR (Pacific Credit Rating)",A
PROTECTA,2019 - SEPTIEMBRE,9.0,2,"Class y Asociados S.A., PCR (Pacific Credit Rating)",A
PROTECTA,2020 - MARZO,9.0,2,"Class y Asociados S.A., PCR (Pacific Credit Rating)",A
PROTECTA,2020 - SEPTIEMBRE,9.0,2,"Class y Asociados S.A., PCR (Pacific Credit Rating)",A
PROTECTA,2021 - MARZO,9.0,2,"Class y Asociados S.A., PCR (Pacific Credit Rating)",A
PROTECTA,2021 - SEPTIEMBRE,9.0,3,"Class y Asociados S.A., Moodys Local PE Clasificadora de Riesgo, PCR (Pacific Credit Rating)",A
PROTECTA,2022 - MARZO,9.0,2,"Class y Asociados S.A., Moodys Local PE Clasificadora de Riesgo",A
PROTECTA,2022 - SEPTIEMBRE,9.0,2,"Moodys Local PE Clasificadora de Riesgo, PCR (Pacific Credit Rating)",A
PROTECTA,2023 - MARZO,9.0,2,"Moodys Local PE Clasificadora de Riesgo, PCR (Pacific Credit Rating)",A
PROTECTA,2023 - SEPTIEMBRE,9.0,2,"Moodys Local PE Clasificadora de Riesgo, PCR (Pacific Credit Rating)",A
PROTECTA,2024 - MARZO,9.0,2,"Moodys Local PE Clasificadora de Riesgo, PCR (Pacific Credit Rating)",A
PROTECTA,2024 - SEPTIEMBRE,9.0,2,"Moodys Local PE Clasificadora de Riesgo, PCR (Pacific Credit Rating)",A
PROTECTA,2025 - MARZO,9.0,2,"Moodys Local PE Clasificadora de Riesgo, PCR (Pacific Credit Rating)",A
PROTECTA,2025 - SEPTIEMBRE,9.0,2,"Moodys Local PE Clasificadora de Riesgo, PCR (Pacific Credit Rating)",A
PROTECTA,2026 - MARZO,9.0,2,"Moodys Local PE Clasificadora de Riesgo, PCR (Pacific Credit Rating)",A
QUÁLITAS,2014 - SEPTIEMBRE,7.5,2,"Class y Asociados S.A., PCR (Pacific Credit Rating)",A-
QUÁLITAS,2015 - MARZO,7.5,2,"Class y Asociados S.A., PCR (Pacific Credit Rating)",A-
QUÁLITAS,2015 - SEPTIEMBRE,8.0,2,"Class y Asociados S.A., PCR (Pacific Credit Rating)",A-
QUÁLITAS,2016 - MARZO,8.0,2,"Class y Asociados S.A., PCR (Pacific Credit Rating)",A-
QUÁLITAS,2016 - SEPTIEMBRE,8.0,2,"Class y Asociados S.A., PCR (Pacific Credit Rating)",A-
QUÁLITAS,2017 - MARZO,8.0,2,"Class y Asociados S.A., PCR (Pacific Credit Rating)",A-
QUÁLITAS,2017 - SEPTIEMBRE,8.0,2,"Class y Asociados S.A., PCR (Pacific Credit Rating)",A-
QUÁLITAS,2018 - MARZO,8.0,2,"Class y Asociados S.A., PCR (Pacific Credit Rating)",A-
QUÁLITAS,2018 - SEPTIEMBRE,7.5,2,"Class y Asociados S.A., PCR (Pacific Credit Rating)",A-
QUÁLITAS,2019 - MARZO,7.5,2,"Class y Asociados S.A., PCR (Pacific Credit Rating)",A-
QUÁLITAS,2019 - SEPTIEMBRE,7.5,2,"Class y Asociados S.A., PCR (Pacific Credit Rating)",A-
QUÁLITAS,2020 - MARZO,7.5,2,"Class y Asociados S.A., PCR (Pacific Credit Rating)",A-
QUÁLITAS,2020 - SEPTIEMBRE,7.5,2,"Class y Asociados S.A., PCR (Pacific Credit Rating)",A-
QUÁLITAS,2021 - MARZO,7.5,2,"Class y Asociados S.A., PCR (Pacific Credit Rating)",A-
QUÁLITAS,2021 - SEPTIEMBRE,8.0,2,"Class y Asociados S.A., PCR (Pacific Credit Rating)",A-
QUÁLITAS,2022 - MARZO,8.0,2,"Class y Asociados S.A., PCR (Pacific Credit Rating)",A-
QUÁLITAS,2022 - SEPTIEMBRE,8.0,2,"Class y Asociados S.A., PCR (Pacific Credit Rating)",A-
QUÁLITAS,2023 - MARZO,8.0,2,"Moodys Local PE Clasificadora de Riesgo, PCR (Pacific Credit Rating)",A-
QUÁLITAS,2023 - SEPTIEMBRE,8.0,2,"Moodys Local PE Clasificadora de Riesgo, PCR (Pacific Credit Rating)",A-
QUÁLITAS,2024 - MARZO,8.0,2,"Moodys Local PE Clasificadora de Riesgo, PCR (Pacific Credit Rating)",A-
QUÁLITAS,2024 - SEPTIEMBRE,8.0,2,"Moodys Local PE Clasificadora de Riesgo, PCR (Pacific Credit Rating)",A-
QUÁLITAS,2025 - MARZO,8.0,2,"Moodys Local PE Clasificadora de Riesgo, PCR (Pacific Credit Rating)",A-
QUÁLITAS,2025 - SEPTIEMBRE,8.0,2,"Moodys Local PE Clasificadora de Riesgo, PCR (Pacific Credit Rating)",A-
QUÁLITAS,2026 - MARZO,8.0,2,"Moodys Local PE Clasificadora de Riesgo, PCR (Pacific Credit Rating)",A-
RIGEL PERU EL,2013 - SEPTIEMBRE,7.0,1,Class y Asociados S.A.,B+
RIGEL PERU EL,2014 - MARZO,7.0,2,"Apoyo y Asociados Internacionales, Class y Asociados S.A.",B+
RIGEL PERU EL,2014 - SEPTIEMBRE,7.0,2,"Apoyo y Asociados Internacionales, Class y Asociados S.A.",B+
RIGEL PERU EL,2015 - MARZO,7.0,2,"Apoyo y Asociados Internacionales, Class y Asociados S.A.",B+
RIGEL PERU EL,2015 - SEPTIEMBRE,7.0,2,"Apoyo y Asociados Internacionales, Class y Asociados S.A.",B+
RIGEL PERU EL,2016 - MARZO,7.0,2,"Apoyo y Asociados Internacionales, Class y Asociados S.A.",B+
RIGEL PERU EL,2016 - SEPTIEMBRE,7.0,2,"Apoyo y Asociados Internacionales, Class y Asociados S.A.",B+
RIGEL PERU EL,2017 - MARZO,7.0,2,"Apoyo y Asociados Internacionales, Class y Asociados S.A.",B+
RIGEL PERU EL,2017 - SEPTIEMBRE,7.0,2,"Apoyo y Asociados Internacionales, Class y Asociados S.A.",B+
RIGEL PERU EL,2018 - MARZO,7.0,2,"Apoyo y Asociados Internacionales, Class y Asociados S.A.",B+
RIGEL PERU EL,2018 - SEPTIEMBRE,7.0,2,"Apoyo y Asociados Internacionales, Class y Asociados S.A.",B+
RIGEL PERU EL,2019 - MARZO,7.0,2,"Apoyo y Asociados Internacionales, Class y Asociados S.A.",B+
RIGEL PERU EL,2019 - SEPTIEMBRE,7.0,2,"Apoyo y Asociados Internacionales, Class y Asociados S.A.",B+
RÍMAC SEGUROS,2012 - MARZO,10.0,2,"Apoyo y Asociados Internacionales, Moodys Local PE Clasificadora de Riesgo",A+
RÍMAC SEGUROS,2012 - SEPTIEMBRE,10.0,2,"Apoyo y Asociados Internacionales, Moodys Local PE Clasificadora de Riesgo",A+
RÍMAC SEGUROS,2013 - MARZO,10.0,2,"Apoyo y Asociados Internacionales, Moodys Local PE Clasificadora de Riesgo",A+
RÍMAC SEGUROS,2013 - SEPTIEMBRE,10.0,2,"Apoyo y Asociados Internacionales, Moodys Local PE Clasificadora de Riesgo",A+
RÍMAC SEGUROS,2014 - MARZO,10.0,2,"Apoyo y Asociados Internacionales, Moodys Local PE Clasificadora de Riesgo",A+
RÍMAC SEGUROS,2014 - SEPTIEMBRE,10.0,2,"Apoyo y Asociados Internacionales, Moodys Local PE Clasificadora de Riesgo",A+
RÍMAC SEGUROS,2015 - MARZO,10.0,2,"Apoyo y Asociados Internacionales, Moodys Local PE Clasificadora de Riesgo",A+
RÍMAC SEGUROS,2015 - SEPTIEMBRE,10.0,2,"Apoyo y Asociados Internacionales, Moodys Local PE Clasificadora de Riesgo",A+
RÍMAC SEGUROS,2016 - MARZO,10.0,2,"Apoyo y Asociados Internacionales, Moodys Local PE Clasificadora de Riesgo",A+
RÍMAC SEGUROS,2016 - SEPTIEMBRE,10.0,2,"Apoyo y Asociados Internacionales, Moodys Local PE Clasificadora de Riesgo",A+
RÍMAC SEGUROS,2017 - MARZO,10.0,2,"Apoyo y Asociados Internacionales, Moodys Local PE Clasificadora de Riesgo",A+
RÍMAC SEGUROS,2017 - SEPTIEMBRE,10.0,2,"Apoyo y Asociados Internacionales, Moodys Local PE Clasificadora de Riesgo",A+
RÍMAC SEGUROS,2018 - MARZO,10.0,2,"Apoyo y Asociados Internacionales, Moodys Local PE Clasificadora de Riesgo",A+
RÍMAC SEGUROS,2018 - SEPTIEMBRE,10.0,2,"Apoyo y Asociados Internacionales, Moodys Local PE Clasificadora de Riesgo",A+
RÍMAC SEGUROS,2019 - MARZO,10.0,2,"Apoyo y Asociados Internacionales, Moodys Local PE Clasificadora de Riesgo",A+
RÍMAC SEGUROS,2019 - SEPTIEMBRE,10.0,2,"Apoyo y Asociados Internacionales, Moodys Local PE Clasificadora de Riesgo",A+
RÍMAC SEGUROS,2020 - MARZO,10.0,2,"Apoyo y Asociados Internacionales, Moodys Local PE Clasificadora de Riesgo",A+
RÍMAC SEGUROS,2020 - SEPTIEMBRE,10.0,2,"Apoyo y Asociados Internacionales, Moodys Local PE Clasificadora de Riesgo",A+
RÍMAC SEGUROS,2021 - MARZO,10.0,2,"Apoyo y Asociados Internacionales, Moodys Local PE Clasificadora de Riesgo",A+
RÍMAC SEGUROS,2021 - SEPTIEMBRE,10.0,2,"Apoyo y Asociados Internacionales, Moodys Local PE Clasificadora de Riesgo",A+
RÍMAC SEGUROS,2022 - MARZO,10.0,2,"Apoyo y Asociados Internacionales, Moodys Local PE Clasificadora de Riesgo",A+
RÍMAC SEGUROS,2022 - SEPTIEMBRE,10.0,2,"Apoyo y Asociados Internacionales, Moodys Local PE Clasificadora de Riesgo",A+
RÍMAC SEGUROS,2023 - MARZO,10.0,2,"Apoyo y Asociados Internacionales, Moodys Local PE Clasificadora de Riesgo",A+
RÍMAC SEGUROS,2023 - SEPTIEMBRE,10.0,2,"Apoyo y Asociados Internacionales, Moodys Local PE Clasificadora de Riesgo",A+
RÍMAC SEGUROS,2024 - MARZO,10.0,2,"Apoyo y Asociados Internacionales, Moodys Local PE Clasificadora de Riesgo",A+
RÍMAC SEGUROS,2024 - SEPTIEMBRE,10.0,2,"Apoyo y Asociados Internacionales, Moodys Local PE Clasificadora de Riesgo",A+
RÍMAC SEGUROS,2025 - MARZO,10.0,2,"Apoyo y Asociados Internacionales, Moodys Local PE Clasificadora de Riesgo",A+
RÍMAC SEGUROS,2025 - SEPTIEMBRE,10.0,2,"Apoyo y Asociados Internacionales, Moodys Local PE Clasificadora de Riesgo",A+
RÍMAC SEGUROS,2026 - MARZO,10.0,2,"Apoyo y Asociados Internacionales, Moodys Local PE Clasificadora de Riesgo",A+
SAN CRISTOBAL HUAM,2026 - MARZO,4.0,1,PCR (Pacific Credit Rating),C+
SAN ISIDRO,2026 - MARZO,4.0,1,JCR Latino America,C+
SAN MARTIN DE PORRES,2026 - MARZO,6.0,1,JCR Latino America,B
SAN MIGUEL LTDA,2026 - MARZO,3.0,1,JCR Latino America,C
SANTANDER PERU,2012 - MARZO,9.0,2,"Moodys Local PE Clasificadora de Riesgo, PCR (Pacific Credit Rating)",A
SANTANDER PERU,2012 - SEPTIEMBRE,9.0,2,"Moodys Local PE Clasificadora de Riesgo, PCR (Pacific Credit Rating)",A
SANTANDER PERU,2013 - MARZO,9.0,2,"Moodys Local PE Clasificadora de Riesgo, PCR (Pacific Credit Rating)",A
SANTANDER PERU,2013 - SEPTIEMBRE,9.0,2,"Moodys Local PE Clasificadora de Riesgo, PCR (Pacific Credit Rating)",A
SANTANDER PERU,2014 - MARZO,9.0,2,"Moodys Local PE Clasificadora de Riesgo, PCR (Pacific Credit Rating)",A
SANTANDER PERU,2014 - SEPTIEMBRE,9.0,2,"Moodys Local PE Clasificadora de Riesgo, PCR (Pacific Credit Rating)",A
SANTANDER PERU,2015 - MARZO,9.0,2,"Moodys Local PE Clasificadora de Riesgo, PCR (Pacific Credit Rating)",A
SANTANDER PERU,2015 - SEPTIEMBRE,9.0,2,"Moodys Local PE Clasificadora de Riesgo, PCR (Pacific Credit Rating)",A
SANTANDER PERU,2016 - MARZO,9.0,2,"Moodys Local PE Clasificadora de Riesgo, PCR (Pacific Credit Rating)",A
SANTANDER PERU,2016 - SEPTIEMBRE,9.0,2,"Moodys Local PE Clasificadora de Riesgo, PCR (Pacific Credit Rating)",A
SANTANDER PERU,2017 - MARZO,9.0,2,"Moodys Local PE Clasificadora de Riesgo, PCR (Pacific Credit Rating)",A
SANTANDER PERU,2017 - SEPTIEMBRE,9.333333333333334,3,"Apoyo y Asociados Internacionales, Moodys Local PE Clasificadora de Riesgo, PCR (Pacific Credit Rating)",A
SANTANDER PERU,2018 - MARZO,9.666666666666666,3,"Apoyo y Asociados Internacionales, Moodys Local PE Clasificadora de Riesgo, PCR (Pacific Credit Rating)",A+
SANTANDER PERU,2018 - SEPTIEMBRE,10.0,3,"Apoyo y Asociados Internacionales, Moodys Local PE Clasificadora de Riesgo, PCR (Pacific Credit Rating)",A+
SANTANDER PERU,2019 - MARZO,10.0,3,"Apoyo y Asociados Internacionales, Moodys Local PE Clasificadora de Riesgo, PCR (Pacific Credit Rating)",A+
SANTANDER PERU,2019 - SEPTIEMBRE,10.0,3,"Apoyo y Asociados Internacionales, Moodys Local PE Clasificadora de Riesgo, PCR (Pacific Credit Rating)",A+
SANTANDER PERU,2020 - MARZO,10.0,3,"Apoyo y Asociados Internacionales, Moodys Local PE Clasificadora de Riesgo, PCR (Pacific Credit Rating)",A+
SANTANDER PERU,2020 - SEPTIEMBRE,10.0,3,"Apoyo y Asociados Internacionales, Moodys Local PE Clasificadora de Riesgo, PCR (Pacific Credit Rating)",A+
SANTANDER PERU,2021 - MARZO,10.0,3,"Apoyo y Asociados Internacionales, Moodys Local PE Clasificadora de Riesgo, PCR (Pacific Credit Rating)",A+
SANTANDER PERU,2021 - SEPTIEMBRE,10.0,3,"Apoyo y Asociados Internacionales, Moodys Local PE Clasificadora de Riesgo, PCR (Pacific Credit Rating)",A+
SANTANDER PERU,2022 - MARZO,10.0,3,"Apoyo y Asociados Internacionales, Moodys Local PE Clasificadora de Riesgo, PCR (Pacific Credit Rating)",A+
SANTANDER PERU,2022 - SEPTIEMBRE,10.0,3,"Apoyo y Asociados Internacionales, Moodys Local PE Clasificadora de Riesgo, PCR (Pacific Credit Rating)",A+
SANTANDER PERU,2023 - MARZO,10.0,3,"Apoyo y Asociados Internacionales, Moodys Local PE Clasificadora de Riesgo, PCR (Pacific Credit Rating)",A+
SANTANDER PERU,2023 - SEPTIEMBRE,10.0,3,"Apoyo y Asociados Internacionales, Moodys Local PE Clasificadora de Riesgo, PCR (Pacific Credit Rating)",A+
SANTANDER PERU,2024 - MARZO,10.0,3,"Apoyo y Asociados Internacionales, Moodys Local PE Clasificadora de Riesgo, PCR (Pacific Credit Rating)",A+
SANTANDER PERU,2024 - SEPTIEMBRE,10.0,3,"Apoyo y Asociados Internacionales, Moodys Local PE Clasificadora de Riesgo, PCR (Pacific Credit Rating)",A+
SANTANDER PERU,2025 - MARZO,10.0,3,"Apoyo y Asociados Internacionales, Moodys Local PE Clasificadora de Riesgo, PCR (Pacific Credit Rating)",A+
SANTANDER PERU,2025 - SEPTIEMBRE,10.0,2,"Apoyo y Asociados Internacionales, Moodys Local PE Clasificadora de Riesgo",A+
SANTANDER PERU,2026 - MARZO,10.0,2,"Apoyo y Asociados Internacionales, Moodys Local PE Clasificadora de Riesgo",A+
SCOTIABANK PERU,2012 - MARZO,10.0,2,"Apoyo y Asociados Internacionales, Class y Asociados S.A.",A+
SCOTIABANK PERU,2012 - SEPTIEMBRE,10.0,2,"Apoyo y Asociados Internacionales, Class y Asociados S.A.",A+
SCOTIABANK PERU,2013 - MARZO,10.0,2,"Apoyo y Asociados Internacionales, Class y Asociados S.A.",A+
SCOTIABANK PERU,2013 - SEPTIEMBRE,10.0,2,"Apoyo y Asociados Internacionales, Class y Asociados S.A.",A+
SCOTIABANK PERU,2014 - MARZO,10.0,2,"Apoyo y Asociados Internacionales, Class y Asociados S.A.",A+
SCOTIABANK PERU,2014 - SEPTIEMBRE,10.0,2,"Apoyo y Asociados Internacionales, Class y Asociados S.A.",A+
SCOTIABANK PERU,2015 - MARZO,10.0,2,"Apoyo y Asociados Internacionales, Class y Asociados S.A.",A+
SCOTIABANK PERU,2015 - SEPTIEMBRE,10.0,2,"Apoyo y Asociados Internacionales, Class y Asociados S.A.",A+
SCOTIABANK PERU,2016 - MARZO,10.0,2,"Apoyo y Asociados Internacionales, Class y Asociados S.A.",A+
SCOTIABANK PERU,2016 - SEPTIEMBRE,10.0,2,"Apoyo y Asociados Internacionales, Class y Asociados S.A.",A+
SCOTIABANK PERU,2017 - MARZO,10.0,2,"Apoyo y Asociados Internacionales, Class y Asociados S.A.",A+
SCOTIABANK PERU,2017 - SEPTIEMBRE,10.0,2,"Apoyo y Asociados Internacionales, Class y Asociados S.A.",A+
SCOTIABANK PERU,2018 - MARZO,10.0,2,"Apoyo y Asociados Internacionales, Moodys Local PE Clasificadora de Riesgo",A+
SCOTIABANK PERU,2018 - SEPTIEMBRE,10.0,2,"Apoyo y Asociados Internacionales, Moodys Local PE Clasificadora de Riesgo",A+
SCOTIABANK PERU,2019 - MARZO,10.0,2,"Apoyo y Asociados Internacionales, Moodys Local PE Clasificadora de Riesgo",A+
SCOTIABANK PERU,2019 - SEPTIEMBRE,10.0,2,"Apoyo y Asociados Internacionales, Moodys Local PE Clasificadora de Riesgo",A+
SCOTIABANK PERU,2020 - MARZO,10.0,2,"Apoyo y Asociados Internacionales, Moodys Local PE Clasificadora de Riesgo",A+
SCOTIABANK PERU,2020 - SEPTIEMBRE,10.0,2,"Apoyo y Asociados Internacionales, Moodys Local PE Clasificadora de Riesgo",A+
SCOTIABANK PERU,2021 - MARZO,10.0,2,"Apoyo y Asociados Internacionales, Moodys Local PE Clasificadora de Riesgo",A+
SCOTIABANK PERU,2021 - SEPTIEMBRE,10.0,2,"Apoyo y Asociados Internacionales, Moodys Local PE Clasificadora de Riesgo",A+
SCOTIABANK PERU,2022 - MARZO,10.0,2,"Apoyo y Asociados Internacionales, Moodys Local PE Clasificadora de Riesgo",A+
SCOTIABANK PERU,2022 - SEPTIEMBRE,10.0,2,"Apoyo y Asociados Internacionales, Moodys Local PE Clasificadora de Riesgo",A+
SCOTIABANK PERU,2023 - MARZO,10.0,2,"Apoyo y Asociados Internacionales, Moodys Local PE Clasificadora de Riesgo",A+
SCOTIABANK PERU,2023 - SEPTIEMBRE,10.0,2,"Apoyo y Asociados Internacionales, Moodys Local PE Clasificadora de Riesgo",A+
SCOTIABANK PERU,2024 - MARZO,10.0,2,"Apoyo y Asociados Internacionales, Moodys Local PE Clasificadora de Riesgo",A+
SCOTIABANK PERU,2024 - SEPTIEMBRE,10.0,2,"Apoyo y Asociados Internacionales, Moodys Local PE Clasificadora de Riesgo",A+
SCOTIABANK PERU,2025 - MARZO,10.0,2,"Apoyo y Asociados Internacionales, Moodys Local PE Clasificadora de Riesgo",A+
SCOTIABANK PERU,2025 - SEPTIEMBRE,10.0,2,"Apoyo y Asociados Internacionales, Moodys Local PE Clasificadora de Riesgo",A+
SCOTIABANK PERU,2026 - MARZO,10.0,2,"Apoyo y Asociados Internacionales, Moodys Local PE Clasificadora de Riesgo",A+
SEGUROS SURA,2012 - MARZO,9.0,2,"Class y Asociados S.A., Moodys Local PE Clasificadora de Riesgo",A
SEGUROS SURA,2012 - SEPTIEMBRE,9.0,2,"Class y Asociados S.A., Moodys Local PE Clasificadora de Riesgo",A
SEGUROS SURA,2013 - MARZO,9.0,2,"Class y Asociados S.A., Moodys Local PE Clasificadora de Riesgo",A
SEGUROS SURA,2013 - SEPTIEMBRE,9.0,2,"Class y Asociados S.A., Moodys Local PE Clasificadora de Riesgo",A
SEGUROS SURA,2014 - MARZO,9.0,2,"Class y Asociados S.A., Moodys Local PE Clasificadora de Riesgo",A
SEGUROS SURA,2014 - SEPTIEMBRE,9.0,2,"Class y Asociados S.A., Moodys Local PE Clasificadora de Riesgo",A
SEGUROS SURA,2015 - MARZO,9.0,2,"Class y Asociados S.A., Moodys Local PE Clasificadora de Riesgo",A
SEGUROS SURA,2015 - SEPTIEMBRE,9.0,2,"Class y Asociados S.A., Moodys Local PE Clasificadora de Riesgo",A
SEGUROS SURA,2016 - MARZO,9.0,2,"Class y Asociados S.A., Moodys Local PE Clasificadora de Riesgo",A
SEGUROS SURA,2016 - SEPTIEMBRE,9.0,2,"Class y Asociados S.A., Moodys Local PE Clasificadora de Riesgo",A
SEGUROS SURA,2017 - MARZO,9.0,2,"Class y Asociados S.A., Moodys Local PE Clasificadora de Riesgo",A
SEGUROS SURA,2017 - SEPTIEMBRE,9.0,2,"Class y Asociados S.A., Moodys Local PE Clasificadora de Riesgo",A
SEGUROS SURA,2018 - MARZO,9.0,2,"Class y Asociados S.A., Moodys Local PE Clasificadora de Riesgo",A
SN CRISTO DE BAGAZÁN,2026 - MARZO,6.0,1,JCR Latino America,B
STA ISABEL PERUNORTE,2026 - MARZO,3.0,1,Microrate,C
STA MA MAGDALENA,2026 - MARZO,4.0,1,JCR Latino America,C+
TOTAL SERVICIOS,2024 - SEPTIEMBRE,8.0,1,PCR (Pacific Credit Rating),A-
TOTAL SERVICIOS,2025 - MARZO,8.0,1,PCR (Pacific Credit Rating),A-
TOTAL SERVICIOS,2025 - SEPTIEMBRE,8.0,1,PCR (Pacific Credit Rating),A-
TOTAL SERVICIOS,2026 - MARZO,8.0,1,PCR (Pacific Credit Rating),A-
VIVIR SEGUROS,2014 - SEPTIEMBRE,8.0,2,"Class y Asociados S.A., PCR (Pacific Credit Rating)",A-
VIVIR SEGUROS,2015 - MARZO,8.0,2,"Class y Asociados S.A., PCR (Pacific Credit Rating)",A-
VIVIR SEGUROS,2015 - SEPTIEMBRE,8.0,2,"Class y Asociados S.A., PCR (Pacific Credit Rating)",A-
VIVIR SEGUROS,2016 - MARZO,8.0,2,"Class y Asociados S.A., PCR (Pacific Credit Rating)",A-
VIVIR SEGUROS,2016 - SEPTIEMBRE,8.0,2,"Class y Asociados S.A., PCR (Pacific Credit Rating)",A-
VIVIR SEGUROS,2017 - MARZO,8.0,2,"Class y Asociados S.A., PCR (Pacific Credit Rating)",A-
VIVIR SEGUROS,2017 - SEPTIEMBRE,8.0,2,"Class y Asociados S.A., PCR (Pacific Credit Rating)",A-
VIVIR SEGUROS,2018 - MARZO,8.0,2,"Class y Asociados S.A., PCR (Pacific Credit Rating)",A-
VIVIR SEGUROS,2018 - SEPTIEMBRE,8.0,2,"Class y Asociados S.A., PCR (Pacific Credit Rating)",A-
VIVIR SEGUROS,2019 - MARZO,8.0,2,"Class y Asociados S.A., JCR Latino America",A-
VIVIR SEGUROS,2019 - SEPTIEMBRE,8.0,2,"Class y Asociados S.A., JCR Latino America",A-
VIVIR SEGUROS,2020 - MARZO,8.0,2,"Class y Asociados S.A., JCR Latino America",A-
VIVIR SEGUROS,2020 - SEPTIEMBRE,8.0,2,"Class y Asociados S.A., JCR Latino America",A-
VIVIR SEGUROS,2021 - MARZO,8.0,2,"Class y Asociados S.A., JCR Latino America",A-
VIVIR SEGUROS,2021 - SEPTIEMBRE,8.0,2,"Class y Asociados S.A., JCR Latino America",A-
VIVIR SEGUROS,2022 - MARZO,8.0,2,"Class y Asociados S.A., JCR Latino America",A-
VIVIR SEGUROS,2022 - SEPTIEMBRE,8.0,2,"Class y Asociados S.A., JCR Latino America",A-
VIVIR SEGUROS,2023 - MARZO,8.0,2,"JCR Latino America, Moodys Local PE Clasificadora de Riesgo",A-
VIVIR SEGUROS,2023 - SEPTIEMBRE,8.0,2,"JCR Latino America, Moodys Local PE Clasificadora de Riesgo",A-
VIVIR SEGUROS,2024 - MARZO,8.0,2,"JCR Latino America, Moodys Local PE Clasificadora de Riesgo",A-
VIVIR SEGUROS,2024 - SEPTIEMBRE,8.0,2,"JCR Latino America, Moodys Local PE Clasificadora de Riesgo",A-
VIVIR SEGUROS,2025 - MARZO,8.0,2,"JCR Latino America, Moodys Local PE Clasificadora de Riesgo",A-
VIVIR SEGUROS,2025 - SEPTIEMBRE,8.0,2,"JCR Latino America, Moodys Local PE Clasificadora de Riesgo",A-
VIVIR SEGUROS,2026 - MARZO,8.0,2,"JCR Latino America, Moodys Local PE Clasificadora de Riesgo",A-
