tipo_entidad,entidad,periodo,Apoyo y Asociados Internacionales,JCR Latino America,Microrate,rating_moodys,PCR (Pacific Credit Rating)
Afianzadora y de Garantías,FOGAPI,2012 - MARZO,,,,,9.0
Afianzadora y de Garantías,FOGAPI,2012 - SEPTIEMBRE,,,,,9.0
Afianzadora y de Garantías,FOGAPI,2013 - MARZO,,,,,9.0
Afianzadora y de Garantías,FOGAPI,2013 - SEPTIEMBRE,,,,,9.0
Afianzadora y de Garantías,FOGAPI,2014 - MARZO,,,,,9.0
Afianzadora y de Garantías,FOGAPI,2014 - SEPTIEMBRE,,,,,9.0
Afianzadora y de Garantías,FOGAPI,2015 - MARZO,,,,,9.0
Afianzadora y de Garantías,FOGAPI,2015 - SEPTIEMBRE,,,,,9.0
Afianzadora y de Garantías,FOGAPI,2016 - MARZO,,,,,9.0
Afianzadora y de Garantías,FOGAPI,2016 - SEPTIEMBRE,,,,,9.0
Afianzadora y de Garantías,FOGAPI,2017 - MARZO,,,,,9.0
Afianzadora y de Garantías,FOGAPI,2017 - SEPTIEMBRE,,,,,9.0
Afianzadora y de Garantías,FOGAPI,2018 - MARZO,,,,,9.0
Afianzadora y de Garantías,FOGAPI,2018 - SEPTIEMBRE,,,,,9.0
Afianzadora y de Garantías,FOGAPI,2019 - MARZO,,,,,9.0
Afianzadora y de Garantías,FOGAPI,2019 - SEPTIEMBRE,,,,,9.0
Afianzadora y de Garantías,FOGAPI,2020 - MARZO,,,,,9.0
Afianzadora y de Garantías,FOGAPI,2020 - SEPTIEMBRE,,,,,9.0
Afianzadora y de Garantías,FOGAPI,2021 - MARZO,,,,,9.0
Afianzadora y de Garantías,FOGAPI,2021 - SEPTIEMBRE,,,,,9.0
Afianzadora y de Garantías,FOGAPI,2022 - MARZO,,,,,9.0
Afianzadora y de Garantías,FOGAPI,2022 - SEPTIEMBRE,,,,,9.0
Afianzadora y de Garantías,FOGAPI,2023 - MARZO,,,,,9.0
Afianzadora y de Garantías,FOGAPI,2023 - SEPTIEMBRE,,,,,9.0
Afianzadora y de Garantías,FOGAPI,2024 - MARZO,,,,,9.0
Afianzadora y de Garantías,FOGAPI,2024 - SEPTIEMBRE,,,,,9.0
Afianzadora y de Garantías,FOGAPI,2025 - MARZO,,,,,9.0
Afianzadora y de Garantías,FOGAPI,2025 - SEPTIEMBRE,,,,,9.0
Afianzadora y de Garantías,FOGAPI,2026 - MARZO,,,,,9.0
Afianzadora y de Garantías,FOGAPI,2026 - SEPTIEMBRE,,,,,9.0
Banco,AGROBANCO,2012 - MARZO,7.0,,,,
Banco,AGROBANCO,2012 - SEPTIEMBRE,7.0,,,,
Banco,AGROBANCO,2013 - MARZO,7.0,,,,
Banco,AGROBANCO,2013 - SEPTIEMBRE,7.0,,,,
Banco,AGROBANCO,2014 - MARZO,7.0,,,,
Banco,AGROBANCO,2014 - SEPTIEMBRE,7.0,,,,
Banco,AGROBANCO,2015 - MARZO,7.0,,,,
Banco,AGROBANCO,2015 - SEPTIEMBRE,7.0,,,,
Banco,AGROBANCO,2016 - MARZO,7.0,,,,
Banco,AGROBANCO,2016 - SEPTIEMBRE,7.0,,,,
Banco,AGROBANCO,2017 - MARZO,7.0,,,,
Banco,AGROBANCO,2017 - SEPTIEMBRE,7.0,,,,
Banco,AGROBANCO,2018 - MARZO,7.0,,,,
Banco,AGROBANCO,2018 - SEPTIEMBRE,7.0,,,,
Banco,AGROBANCO,2019 - MARZO,7.0,,,,
Banco,AGROBANCO,2019 - SEPTIEMBRE,7.0,,,,
Banco,AGROBANCO,2020 - MARZO,7.0,,,,
Banco,AGROBANCO,2020 - SEPTIEMBRE,7.0,,,,
Banco,AGROBANCO,2021 - MARZO,7.0,,,,
Banco,AGROBANCO,2021 - SEPTIEMBRE,7.0,,,,
Banco,AGROBANCO,2022 - MARZO,7.0,,,,
Banco,AGROBANCO,2022 - SEPTIEMBRE,7.0,,,,
Banco,AGROBANCO,2023 - MARZO,7.0,,,,
Banco,AGROBANCO,2023 - SEPTIEMBRE,7.0,,,,
Banco,AGROBANCO,2024 - MARZO,7.0,,,,
Banco,AGROBANCO,2024 - SEPTIEMBRE,7.0,,,,
Banco,AGROBANCO,2025 - MARZO,7.0,,,,
Banco,AGROBANCO,2025 - SEPTIEMBRE,7.0,,,,
Banco,AGROBANCO,2026 - MARZO,7.0,,,,
Banco,AGROBANCO,2026 - SEPTIEMBRE,7.0,,,,
Banco,ALFIN BANCO,2012 - MARZO,,8.0,,,7.0
Banco,ALFIN BANCO,2012 - SEPTIEMBRE,,8.0,,,7.0
Banco,ALFIN BANCO,2013 - MARZO,,8.0,,,7.0
Banco,ALFIN BANCO,2013 - SEPTIEMBRE,,8.0,,,7.0
Banco,ALFIN BANCO,2014 - MARZO,,8.0,,,7.0
Banco,ALFIN BANCO,2014 - SEPTIEMBRE,,8.0,,,7.0
Banco,ALFIN BANCO,2015 - MARZO,,8.0,,,7.0
Banco,ALFIN BANCO,2015 - SEPTIEMBRE,,8.0,,,7.0
Banco,ALFIN BANCO,2016 - MARZO,,8.0,,,7.0
Banco,ALFIN BANCO,2016 - SEPTIEMBRE,,8.0,,,7.0
Banco,ALFIN BANCO,2017 - MARZO,,8.0,,,7.0
Banco,ALFIN BANCO,2017 - SEPTIEMBRE,,8.0,,,7.0
Banco,ALFIN BANCO,2018 - MARZO,,8.0,,,7.0
Banco,ALFIN BANCO,2018 - SEPTIEMBRE,,8.0,,,7.0
Banco,ALFIN BANCO,2019 - MARZO,,8.0,,,7.0
Banco,ALFIN BANCO,2019 - SEPTIEMBRE,,8.0,,,7.0
Banco,ALFIN BANCO,2020 - MARZO,,8.0,,,7.0
Banco,ALFIN BANCO,2020 - SEPTIEMBRE,,8.0,,,7.0
Banco,ALFIN BANCO,2021 - MARZO,,8.0,,,7.0
Banco,ALFIN BANCO,2021 - SEPTIEMBRE,,8.0,,,7.0
Banco,ALFIN BANCO,2022 - MARZO,,8.0,,,7.0
Banco,ALFIN BANCO,2022 - SEPTIEMBRE,,8.0,,,7.0
Banco,ALFIN BANCO,2023 - MARZO,,8.0,,,7.0
Banco,ALFIN BANCO,2023 - SEPTIEMBRE,,8.0,,,7.0
Banco,ALFIN BANCO,2024 - MARZO,,8.0,,,7.0
Banco,ALFIN BANCO,2024 - SEPTIEMBRE,,8.0,,,7.0
Banco,ALFIN BANCO,2025 - MARZO,,8.0,,,7.0
Banco,ALFIN BANCO,2025 - SEPTIEMBRE,,8.0,,,7.0
Banco,ALFIN BANCO,2026 - MARZO,,8.0,,,7.0
Banco,ALFIN BANCO,2026 - SEPTIEMBRE,,8.0,,,7.0
Banco,BANBIF,2012 - MARZO,,,,9.0,10.0
Banco,BANBIF,2012 - SEPTIEMBRE,,,,9.0,10.0
Banco,BANBIF,2013 - MARZO,,,,9.0,10.0
Banco,BANBIF,2013 - SEPTIEMBRE,,,,9.0,10.0
Banco,BANBIF,2014 - MARZO,,,,9.0,10.0
Banco,BANBIF,2014 - SEPTIEMBRE,,,,9.0,10.0
Banco,BANBIF,2015 - MARZO,,,,9.0,10.0
Banco,BANBIF,2015 - SEPTIEMBRE,,,,9.0,10.0
Banco,BANBIF,2016 - MARZO,,,,9.0,10.0
Banco,BANBIF,2016 - SEPTIEMBRE,,,,9.0,10.0
Banco,BANBIF,2017 - MARZO,,,,9.0,10.0
Banco,BANBIF,2017 - SEPTIEMBRE,,,,9.0,10.0
Banco,BANBIF,2018 - MARZO,,,,9.0,10.0
Banco,BANBIF,2018 - SEPTIEMBRE,,,,9.0,10.0
Banco,BANBIF,2019 - MARZO,,,,9.0,10.0
Banco,BANBIF,2019 - SEPTIEMBRE,,,,9.0,10.0
Banco,BANBIF,2020 - MARZO,,,,9.0,10.0
Banco,BANBIF,2020 - SEPTIEMBRE,,,,9.0,10.0
Banco,BANBIF,2021 - MARZO,,,,9.0,10.0
Banco,BANBIF,2021 - SEPTIEMBRE,,,,9.0,10.0
Banco,BANBIF,2022 - MARZO,,,,9.0,10.0
Banco,BANBIF,2022 - SEPTIEMBRE,,,,9.0,10.0
Banco,BANBIF,2023 - MARZO,,,,9.0,10.0
Banco,BANBIF,2023 - SEPTIEMBRE,,,,9.0,10.0
Banco,BANBIF,2024 - MARZO,,,,9.0,10.0
Banco,BANBIF,2024 - SEPTIEMBRE,,,,9.0,10.0
Banco,BANBIF,2025 - MARZO,,,,9.0,10.0
Banco,BANBIF,2025 - SEPTIEMBRE,,,,9.0,10.0
Banco,BANBIF,2026 - MARZO,,,,9.0,10.0
Banco,BANBIF,2026 - SEPTIEMBRE,,,,9.0,10.0
Banco,BANCO BCI,2012 - MARZO,9.0,,,9.0,
Banco,BANCO BCI,2012 - SEPTIEMBRE,9.0,,,9.0,
Banco,BANCO BCI,2013 - MARZO,9.0,,,9.0,
Banco,BANCO BCI,2013 - SEPTIEMBRE,9.0,,,9.0,
Banco,BANCO BCI,2014 - MARZO,9.0,,,9.0,
Banco,BANCO BCI,2014 - SEPTIEMBRE,9.0,,,9.0,
Banco,BANCO BCI,2015 - MARZO,9.0,,,9.0,
Banco,BANCO BCI,2015 - SEPTIEMBRE,9.0,,,9.0,
Banco,BANCO BCI,2016 - MARZO,9.0,,,9.0,
Banco,BANCO BCI,2016 - SEPTIEMBRE,9.0,,,9.0,
Banco,BANCO BCI,2017 - MARZO,9.0,,,9.0,
Banco,BANCO BCI,2017 - SEPTIEMBRE,9.0,,,9.0,
Banco,BANCO BCI,2018 - MARZO,9.0,,,9.0,
Banco,BANCO BCI,2018 - SEPTIEMBRE,9.0,,,9.0,
Banco,BANCO BCI,2019 - MARZO,9.0,,,9.0,
Banco,BANCO BCI,2019 - SEPTIEMBRE,9.0,,,9.0,
Banco,BANCO BCI,2020 - MARZO,9.0,,,9.0,
Banco,BANCO BCI,2020 - SEPTIEMBRE,9.0,,,9.0,
Banco,BANCO BCI,2021 - MARZO,9.0,,,9.0,
Banco,BANCO BCI,2021 - SEPTIEMBRE,9.0,,,9.0,
Banco,BANCO BCI,2022 - MARZO,9.0,,,9.0,
Banco,BANCO BCI,2022 - SEPTIEMBRE,9.0,,,9.0,
Banco,BANCO BCI,2023 - MARZO,9.0,,,9.0,
Banco,BANCO BCI,2023 - SEPTIEMBRE,9.0,,,9.0,
Banco,BANCO BCI,2024 - MARZO,9.0,,,9.0,
Banco,BANCO BCI,2024 - SEPTIEMBRE,9.0,,,9.0,
Banco,BANCO BCI,2025 - MARZO,9.0,,,9.0,
Banco,BANCO BCI,2025 - SEPTIEMBRE,9.0,,,9.0,
Banco,BANCO BCI,2026 - MARZO,9.0,,,9.0,
Banco,BANCO BCI,2026 - SEPTIEMBRE,9.0,,,9.0,
Banco,BANCO DE CREDITO,2012 - MARZO,10.0,,,10.0,10.0
Banco,BANCO DE CREDITO,2012 - SEPTIEMBRE,10.0,,,10.0,10.0
Banco,BANCO DE CREDITO,2013 - MARZO,10.0,,,10.0,10.0
Banco,BANCO DE CREDITO,2013 - SEPTIEMBRE,10.0,,,10.0,10.0
Banco,BANCO DE CREDITO,2014 - MARZO,10.0,,,10.0,10.0
Banco,BANCO DE CREDITO,2014 - SEPTIEMBRE,10.0,,,10.0,10.0
Banco,BANCO DE CREDITO,2015 - MARZO,10.0,,,10.0,10.0
Banco,BANCO DE CREDITO,2015 - SEPTIEMBRE,10.0,,,10.0,10.0
Banco,BANCO DE CREDITO,2016 - MARZO,10.0,,,10.0,10.0
Banco,BANCO DE CREDITO,2016 - SEPTIEMBRE,10.0,,,10.0,10.0
Banco,BANCO DE CREDITO,2017 - MARZO,10.0,,,10.0,10.0
Banco,BANCO DE CREDITO,2017 - SEPTIEMBRE,10.0,,,10.0,10.0
Banco,BANCO DE CREDITO,2018 - MARZO,10.0,,,10.0,10.0
Banco,BANCO DE CREDITO,2018 - SEPTIEMBRE,10.0,,,10.0,10.0
Banco,BANCO DE CREDITO,2019 - MARZO,10.0,,,10.0,10.0
Banco,BANCO DE CREDITO,2019 - SEPTIEMBRE,10.0,,,10.0,10.0
Banco,BANCO DE CREDITO,2020 - MARZO,10.0,,,10.0,10.0
Banco,BANCO DE CREDITO,2020 - SEPTIEMBRE,10.0,,,10.0,10.0
Banco,BANCO DE CREDITO,2021 - MARZO,10.0,,,10.0,10.0
Banco,BANCO DE CREDITO,2021 - SEPTIEMBRE,10.0,,,10.0,10.0
Banco,BANCO DE CREDITO,2022 - MARZO,10.0,,,10.0,10.0
Banco,BANCO DE CREDITO,2022 - SEPTIEMBRE,10.0,,,10.0,10.0
Banco,BANCO DE CREDITO,2023 - MARZO,10.0,,,10.0,10.0
Banco,BANCO DE CREDITO,2023 - SEPTIEMBRE,10.0,,,10.0,10.0
Banco,BANCO DE CREDITO,2024 - MARZO,10.0,,,10.0,10.0
Banco,BANCO DE CREDITO,2024 - SEPTIEMBRE,10.0,,,10.0,10.0
Banco,BANCO DE CREDITO,2025 - MARZO,10.0,,,10.0,10.0
Banco,BANCO DE CREDITO,2025 - SEPTIEMBRE,10.0,,,10.0,10.0
Banco,BANCO DE CREDITO,2026 - MARZO,10.0,,,10.0,10.0
Banco,BANCO DE CREDITO,2026 - SEPTIEMBRE,10.0,,,10.0,10.0
Banco,BANCO EFECTIVA,2012 - MARZO,,9.0,,8.0,8.0
Banco,BANCO EFECTIVA,2012 - SEPTIEMBRE,,9.0,,8.0,8.0
Banco,BANCO EFECTIVA,2013 - MARZO,,9.0,,8.0,8.0
Banco,BANCO EFECTIVA,2013 - SEPTIEMBRE,,9.0,,8.0,8.0
Banco,BANCO EFECTIVA,2014 - MARZO,,9.0,,8.0,8.0
Banco,BANCO EFECTIVA,2014 - SEPTIEMBRE,,9.0,,8.0,8.0
Banco,BANCO EFECTIVA,2015 - MARZO,,9.0,,8.0,8.0
Banco,BANCO EFECTIVA,2015 - SEPTIEMBRE,,9.0,,8.0,8.0
Banco,BANCO EFECTIVA,2016 - MARZO,,9.0,,8.0,8.0
Banco,BANCO EFECTIVA,2016 - SEPTIEMBRE,,9.0,,8.0,8.0
Banco,BANCO EFECTIVA,2017 - MARZO,,9.0,,8.0,8.0
Banco,BANCO EFECTIVA,2017 - SEPTIEMBRE,,9.0,,8.0,8.0
Banco,BANCO EFECTIVA,2018 - MARZO,,9.0,,8.0,8.0
Banco,BANCO EFECTIVA,2018 - SEPTIEMBRE,,9.0,,8.0,8.0
Banco,BANCO EFECTIVA,2019 - MARZO,,9.0,,8.0,8.0
Banco,BANCO EFECTIVA,2019 - SEPTIEMBRE,,9.0,,8.0,8.0
Banco,BANCO EFECTIVA,2020 - MARZO,,9.0,,8.0,8.0
Banco,BANCO EFECTIVA,2020 - SEPTIEMBRE,,9.0,,8.0,8.0
Banco,BANCO EFECTIVA,2021 - MARZO,,9.0,,8.0,8.0
Banco,BANCO EFECTIVA,2021 - SEPTIEMBRE,,9.0,,8.0,8.0
Banco,BANCO EFECTIVA,2022 - MARZO,,9.0,,8.0,8.0
Banco,BANCO EFECTIVA,2022 - SEPTIEMBRE,,9.0,,8.0,8.0
Banco,BANCO EFECTIVA,2023 - MARZO,,9.0,,8.0,8.0
Banco,BANCO EFECTIVA,2023 - SEPTIEMBRE,,9.0,,8.0,8.0
Banco,BANCO EFECTIVA,2024 - MARZO,,9.0,,8.0,8.0
Banco,BANCO EFECTIVA,2024 - SEPTIEMBRE,,9.0,,8.0,8.0
Banco,BANCO EFECTIVA,2025 - MARZO,,9.0,,8.0,8.0
Banco,BANCO EFECTIVA,2025 - SEPTIEMBRE,,9.0,,8.0,8.0
Banco,BANCO EFECTIVA,2026 - MARZO,,9.0,,8.0,8.0
Banco,BANCO EFECTIVA,2026 - SEPTIEMBRE,,9.0,,8.0,8.0
Banco,BANCO FALABELLA,2012 - MARZO,9.0,,,8.0,
Banco,BANCO FALABELLA,2012 - SEPTIEMBRE,9.0,,,8.0,
Banco,BANCO FALABELLA,2013 - MARZO,9.0,,,8.0,
Banco,BANCO FALABELLA,2013 - SEPTIEMBRE,9.0,,,8.0,
Banco,BANCO FALABELLA,2014 - MARZO,9.0,,,8.0,
Banco,BANCO FALABELLA,2014 - SEPTIEMBRE,9.0,,,8.0,
Banco,BANCO FALABELLA,2015 - MARZO,9.0,,,8.0,
Banco,BANCO FALABELLA,2015 - SEPTIEMBRE,9.0,,,8.0,
Banco,BANCO FALABELLA,2016 - MARZO,9.0,,,8.0,
Banco,BANCO FALABELLA,2016 - SEPTIEMBRE,9.0,,,8.0,
Banco,BANCO FALABELLA,2017 - MARZO,9.0,,,8.0,
Banco,BANCO FALABELLA,2017 - SEPTIEMBRE,9.0,,,8.0,
Banco,BANCO FALABELLA,2018 - MARZO,9.0,,,8.0,
Banco,BANCO FALABELLA,2018 - SEPTIEMBRE,9.0,,,8.0,
Banco,BANCO FALABELLA,2019 - MARZO,9.0,,,8.0,
Banco,BANCO FALABELLA,2019 - SEPTIEMBRE,9.0,,,8.0,
Banco,BANCO FALABELLA,2020 - MARZO,9.0,,,8.0,
Banco,BANCO FALABELLA,2020 - SEPTIEMBRE,9.0,,,8.0,
Banco,BANCO FALABELLA,2021 - MARZO,9.0,,,8.0,
Banco,BANCO FALABELLA,2021 - SEPTIEMBRE,9.0,,,8.0,
Banco,BANCO FALABELLA,2022 - MARZO,9.0,,,8.0,
Banco,BANCO FALABELLA,2022 - SEPTIEMBRE,9.0,,,8.0,
Banco,BANCO FALABELLA,2023 - MARZO,9.0,,,8.0,
Banco,BANCO FALABELLA,2023 - SEPTIEMBRE,9.0,,,8.0,
Banco,BANCO FALABELLA,2024 - MARZO,9.0,,,8.0,
Banco,BANCO FALABELLA,2024 - SEPTIEMBRE,9.0,,,8.0,
Banco,BANCO FALABELLA,2025 - MARZO,9.0,,,8.0,
Banco,BANCO FALABELLA,2025 - SEPTIEMBRE,9.0,,,8.0,
Banco,BANCO FALABELLA,2026 - MARZO,9.0,,,8.0,
Banco,BANCO FALABELLA,2026 - SEPTIEMBRE,9.0,,,8.0,
Banco,BANCO GNB,2012 - MARZO,,,,9.0,9.0
Banco,BANCO GNB,2012 - SEPTIEMBRE,,,,9.0,9.0
Banco,BANCO GNB,2013 - MARZO,,,,9.0,9.0
Banco,BANCO GNB,2013 - SEPTIEMBRE,,,,9.0,9.0
Banco,BANCO GNB,2014 - MARZO,,,,9.0,9.0
Banco,BANCO GNB,2014 - SEPTIEMBRE,,,,9.0,9.0
Banco,BANCO GNB,2015 - MARZO,,,,9.0,9.0
Banco,BANCO GNB,2015 - SEPTIEMBRE,,,,9.0,9.0
Banco,BANCO GNB,2016 - MARZO,,,,9.0,9.0
Banco,BANCO GNB,2016 - SEPTIEMBRE,,,,9.0,9.0
Banco,BANCO GNB,2017 - MARZO,,,,9.0,9.0
Banco,BANCO GNB,2017 - SEPTIEMBRE,,,,9.0,9.0
Banco,BANCO GNB,2018 - MARZO,,,,9.0,9.0
Banco,BANCO GNB,2018 - SEPTIEMBRE,,,,9.0,9.0
Banco,BANCO GNB,2019 - MARZO,,,,9.0,9.0
Banco,BANCO GNB,2019 - SEPTIEMBRE,,,,9.0,9.0
Banco,BANCO GNB,2020 - MARZO,,,,9.0,9.0
Banco,BANCO GNB,2020 - SEPTIEMBRE,,,,9.0,9.0
Banco,BANCO GNB,2021 - MARZO,,,,9.0,9.0
Banco,BANCO GNB,2021 - SEPTIEMBRE,,,,9.0,9.0
Banco,BANCO GNB,2022 - MARZO,,,,9.0,9.0
Banco,BANCO GNB,2022 - SEPTIEMBRE,,,,9.0,9.0
Banco,BANCO GNB,2023 - MARZO,,,,9.0,9.0
Banco,BANCO GNB,2023 - SEPTIEMBRE,,,,9.0,9.0
Banco,BANCO GNB,2024 - MARZO,,,,9.0,9.0
Banco,BANCO GNB,2024 - SEPTIEMBRE,,,,9.0,9.0
Banco,BANCO GNB,2025 - MARZO,,,,9.0,9.0
Banco,BANCO GNB,2025 - SEPTIEMBRE,,,,9.0,9.0
Banco,BANCO GNB,2026 - MARZO,,,,9.0,9.0
Banco,BANCO GNB,2026 - SEPTIEMBRE,,,,9.0,9.0
Banco,BANCO PICHINCHA,2012 - MARZO,8.0,,,8.0,
Banco,BANCO PICHINCHA,2012 - SEPTIEMBRE,8.0,,,8.0,
Banco,BANCO PICHINCHA,2013 - MARZO,8.0,,,8.0,
Banco,BANCO PICHINCHA,2013 - SEPTIEMBRE,8.0,,,8.0,
Banco,BANCO PICHINCHA,2014 - MARZO,8.0,,,8.0,
Banco,BANCO PICHINCHA,2014 - SEPTIEMBRE,8.0,,,8.0,
Banco,BANCO PICHINCHA,2015 - MARZO,8.0,,,8.0,
Banco,BANCO PICHINCHA,2015 - SEPTIEMBRE,8.0,,,8.0,
Banco,BANCO PICHINCHA,2016 - MARZO,8.0,,,8.0,
Banco,BANCO PICHINCHA,2016 - SEPTIEMBRE,8.0,,,8.0,
Banco,BANCO PICHINCHA,2017 - MARZO,8.0,,,8.0,
Banco,BANCO PICHINCHA,2017 - SEPTIEMBRE,8.0,,,8.0,
Banco,BANCO PICHINCHA,2018 - MARZO,8.0,,,8.0,
Banco,BANCO PICHINCHA,2018 - SEPTIEMBRE,8.0,,,8.0,
Banco,BANCO PICHINCHA,2019 - MARZO,8.0,,,8.0,
Banco,BANCO PICHINCHA,2019 - SEPTIEMBRE,8.0,,,8.0,
Banco,BANCO PICHINCHA,2020 - MARZO,8.0,,,8.0,
Banco,BANCO PICHINCHA,2020 - SEPTIEMBRE,8.0,,,8.0,
Banco,BANCO PICHINCHA,2021 - MARZO,8.0,,,8.0,
Banco,BANCO PICHINCHA,2021 - SEPTIEMBRE,8.0,,,8.0,
Banco,BANCO PICHINCHA,2022 - MARZO,8.0,,,8.0,
Banco,BANCO PICHINCHA,2022 - SEPTIEMBRE,8.0,,,8.0,
Banco,BANCO PICHINCHA,2023 - MARZO,8.0,,,8.0,
Banco,BANCO PICHINCHA,2023 - SEPTIEMBRE,8.0,,,8.0,
Banco,BANCO PICHINCHA,2024 - MARZO,8.0,,,8.0,
Banco,BANCO PICHINCHA,2024 - SEPTIEMBRE,8.0,,,8.0,
Banco,BANCO PICHINCHA,2025 - MARZO,8.0,,,8.0,
Banco,BANCO PICHINCHA,2025 - SEPTIEMBRE,8.0,,,8.0,
Banco,BANCO PICHINCHA,2026 - MARZO,8.0,,,8.0,
Banco,BANCO PICHINCHA,2026 - SEPTIEMBRE,8.0,,,8.0,
Banco,BANCO RIPLEY,2012 - MARZO,,,,7.0,7.0
Banco,BANCO RIPLEY,2012 - SEPTIEMBRE,,,,7.0,7.0
Banco,BANCO RIPLEY,2013 - MARZO,,,,7.0,7.0
Banco,BANCO RIPLEY,2013 - SEPTIEMBRE,,,,7.0,7.0
Banco,BANCO RIPLEY,2014 - MARZO,,,,7.0,7.0
Banco,BANCO RIPLEY,2014 - SEPTIEMBRE,,,,7.0,7.0
Banco,BANCO RIPLEY,2015 - MARZO,,,,7.0,7.0
Banco,BANCO RIPLEY,2015 - SEPTIEMBRE,,,,7.0,7.0
Banco,BANCO RIPLEY,2016 - MARZO,,,,7.0,7.0
Banco,BANCO RIPLEY,2016 - SEPTIEMBRE,,,,7.0,7.0
Banco,BANCO RIPLEY,2017 - MARZO,,,,7.0,7.0
Banco,BANCO RIPLEY,2017 - SEPTIEMBRE,,,,7.0,7.0
Banco,BANCO RIPLEY,2018 - MARZO,,,,7.0,7.0
Banco,BANCO RIPLEY,2018 - SEPTIEMBRE,,,,7.0,7.0
Banco,BANCO RIPLEY,2019 - MARZO,,,,7.0,7.0
Banco,BANCO RIPLEY,2019 - SEPTIEMBRE,,,,7.0,7.0
Banco,BANCO RIPLEY,2020 - MARZO,,,,7.0,7.0
Banco,BANCO RIPLEY,2020 - SEPTIEMBRE,,,,7.0,7.0
Banco,BANCO RIPLEY,2021 - MARZO,,,,7.0,7.0
Banco,BANCO RIPLEY,2021 - SEPTIEMBRE,,,,7.0,7.0
Banco,BANCO RIPLEY,2022 - MARZO,,,,7.0,7.0
Banco,BANCO RIPLEY,2022 - SEPTIEMBRE,,,,7.0,7.0
Banco,BANCO RIPLEY,2023 - MARZO,,,,7.0,7.0
Banco,BANCO RIPLEY,2023 - SEPTIEMBRE,,,,7.0,7.0
Banco,BANCO RIPLEY,2024 - MARZO,,,,7.0,7.0
Banco,BANCO RIPLEY,2024 - SEPTIEMBRE,,,,7.0,7.0
Banco,BANCO RIPLEY,2025 - MARZO,,,,7.0,7.0
Banco,BANCO RIPLEY,2025 - SEPTIEMBRE,,,,7.0,7.0
Banco,BANCO RIPLEY,2026 - MARZO,,,,7.0,7.0
Banco,BANCO RIPLEY,2026 - SEPTIEMBRE,,,,7.0,7.0
Banco,BANCOM,2012 - MARZO,,,,7.0,7.0
Banco,BANCOM,2012 - SEPTIEMBRE,,,,7.0,7.0
Banco,BANCOM,2013 - MARZO,,,,7.0,7.0
Banco,BANCOM,2013 - SEPTIEMBRE,,,,7.0,7.0
Banco,BANCOM,2014 - MARZO,,,,7.0,7.0
Banco,BANCOM,2014 - SEPTIEMBRE,,,,7.0,7.0
Banco,BANCOM,2015 - MARZO,,,,7.0,7.0
Banco,BANCOM,2015 - SEPTIEMBRE,,,,7.0,7.0
Banco,BANCOM,2016 - MARZO,,,,7.0,7.0
Banco,BANCOM,2016 - SEPTIEMBRE,,,,7.0,7.0
Banco,BANCOM,2017 - MARZO,,,,7.0,7.0
Banco,BANCOM,2017 - SEPTIEMBRE,,,,7.0,7.0
Banco,BANCOM,2018 - MARZO,,,,7.0,7.0
Banco,BANCOM,2018 - SEPTIEMBRE,,,,7.0,7.0
Banco,BANCOM,2019 - MARZO,,,,7.0,7.0
Banco,BANCOM,2019 - SEPTIEMBRE,,,,7.0,7.0
Banco,BANCOM,2020 - MARZO,,,,7.0,7.0
Banco,BANCOM,2020 - SEPTIEMBRE,,,,7.0,7.0
Banco,BANCOM,2021 - MARZO,,,,7.0,7.0
Banco,BANCOM,2021 - SEPTIEMBRE,,,,7.0,7.0
Banco,BANCOM,2022 - MARZO,,,,7.0,7.0
Banco,BANCOM,2022 - SEPTIEMBRE,,,,7.0,7.0
Banco,BANCOM,2023 - MARZO,,,,7.0,7.0
Banco,BANCOM,2023 - SEPTIEMBRE,,,,7.0,7.0
Banco,BANCOM,2024 - MARZO,,,,7.0,7.0
Banco,BANCOM,2024 - SEPTIEMBRE,,,,7.0,7.0
Banco,BANCOM,2025 - MARZO,,,,7.0,7.0
Banco,BANCOM,2025 - SEPTIEMBRE,,,,7.0,7.0
Banco,BANCOM,2026 - MARZO,,,,7.0,7.0
Banco,BANCOM,2026 - SEPTIEMBRE,,,,7.0,7.0
Banco,BANK OF CHINA (PERU),2012 - MARZO,10.0,,,9.0,9.0
Banco,BANK OF CHINA (PERU),2012 - SEPTIEMBRE,10.0,,,9.0,9.0
Banco,BANK OF CHINA (PERU),2013 - MARZO,10.0,,,9.0,9.0
Banco,BANK OF CHINA (PERU),2013 - SEPTIEMBRE,10.0,,,9.0,9.0
Banco,BANK OF CHINA (PERU),2014 - MARZO,10.0,,,9.0,9.0
Banco,BANK OF CHINA (PERU),2014 - SEPTIEMBRE,10.0,,,9.0,9.0
Banco,BANK OF CHINA (PERU),2015 - MARZO,10.0,,,9.0,9.0
Banco,BANK OF CHINA (PERU),2015 - SEPTIEMBRE,10.0,,,9.0,9.0
Banco,BANK OF CHINA (PERU),2016 - MARZO,10.0,,,9.0,9.0
Banco,BANK OF CHINA (PERU),2016 - SEPTIEMBRE,10.0,,,9.0,9.0
Banco,BANK OF CHINA (PERU),2017 - MARZO,10.0,,,9.0,9.0
Banco,BANK OF CHINA (PERU),2017 - SEPTIEMBRE,10.0,,,9.0,9.0
Banco,BANK OF CHINA (PERU),2018 - MARZO,10.0,,,9.0,9.0
Banco,BANK OF CHINA (PERU),2018 - SEPTIEMBRE,10.0,,,9.0,9.0
Banco,BANK OF CHINA (PERU),2019 - MARZO,10.0,,,9.0,9.0
Banco,BANK OF CHINA (PERU),2019 - SEPTIEMBRE,10.0,,,9.0,9.0
Banco,BANK OF CHINA (PERU),2020 - MARZO,10.0,,,9.0,9.0
Banco,BANK OF CHINA (PERU),2020 - SEPTIEMBRE,10.0,,,9.0,9.0
Banco,BANK OF CHINA (PERU),2021 - MARZO,10.0,,,9.0,9.0
Banco,BANK OF CHINA (PERU),2021 - SEPTIEMBRE,10.0,,,9.0,9.0
Banco,BANK OF CHINA (PERU),2022 - MARZO,10.0,,,9.0,9.0
Banco,BANK OF CHINA (PERU),2022 - SEPTIEMBRE,10.0,,,9.0,9.0
Banco,BANK OF CHINA (PERU),2023 - MARZO,10.0,,,9.0,9.0
Banco,BANK OF CHINA (PERU),2023 - SEPTIEMBRE,10.0,,,9.0,9.0
Banco,BANK OF CHINA (PERU),2024 - MARZO,10.0,,,9.0,9.0
Banco,BANK OF CHINA (PERU),2024 - SEPTIEMBRE,10.0,,,9.0,9.0
Banco,BANK OF CHINA (PERU),2025 - MARZO,10.0,,,9.0,9.0
Banco,BANK OF CHINA (PERU),2025 - SEPTIEMBRE,10.0,,,9.0,9.0
Banco,BANK OF CHINA (PERU),2026 - MARZO,10.0,,,9.0,9.0
Banco,BANK OF CHINA (PERU),2026 - SEPTIEMBRE,10.0,,,9.0,9.0
Banco,BBVA,2012 - MARZO,10.0,,,10.0,
Banco,BBVA,2012 - SEPTIEMBRE,10.0,,,10.0,
Banco,BBVA,2013 - MARZO,10.0,,,10.0,
Banco,BBVA,2013 - SEPTIEMBRE,10.0,,,10.0,
Banco,BBVA,2014 - MARZO,10.0,,,10.0,
Banco,BBVA,2014 - SEPTIEMBRE,10.0,,,10.0,
Banco,BBVA,2015 - MARZO,10.0,,,10.0,
Banco,BBVA,2015 - SEPTIEMBRE,10.0,,,10.0,
Banco,BBVA,2016 - MARZO,10.0,,,10.0,
Banco,BBVA,2016 - SEPTIEMBRE,10.0,,,10.0,
Banco,BBVA,2017 - MARZO,10.0,,,10.0,
Banco,BBVA,2017 - SEPTIEMBRE,10.0,,,10.0,
Banco,BBVA,2018 - MARZO,10.0,,,10.0,
Banco,BBVA,2018 - SEPTIEMBRE,10.0,,,10.0,
Banco,BBVA,2019 - MARZO,10.0,,,10.0,
Banco,BBVA,2019 - SEPTIEMBRE,10.0,,,10.0,
Banco,BBVA,2020 - MARZO,10.0,,,10.0,
Banco,BBVA,2020 - SEPTIEMBRE,10.0,,,10.0,
Banco,BBVA,2021 - MARZO,10.0,,,10.0,
Banco,BBVA,2021 - SEPTIEMBRE,10.0,,,10.0,
Banco,BBVA,2022 - MARZO,10.0,,,10.0,
Banco,BBVA,2022 - SEPTIEMBRE,10.0,,,10.0,
Banco,BBVA,2023 - MARZO,10.0,,,10.0,
Banco,BBVA,2023 - SEPTIEMBRE,10.0,,,10.0,
Banco,BBVA,2024 - MARZO,10.0,,,10.0,
Banco,BBVA,2024 - SEPTIEMBRE,10.0,,,10.0,
Banco,BBVA,2025 - MARZO,10.0,,,10.0,
Banco,BBVA,2025 - SEPTIEMBRE,10.0,,,10.0,
Banco,BBVA,2026 - MARZO,10.0,,,10.0,
Banco,BBVA,2026 - SEPTIEMBRE,10.0,,,10.0,
Banco,BN. SANTANDER CONS.,2012 - MARZO,9.0,,,9.0,
Banco,BN. SANTANDER CONS.,2012 - SEPTIEMBRE,9.0,,,9.0,
Banco,BN. SANTANDER CONS.,2013 - MARZO,9.0,,,9.0,
Banco,BN. SANTANDER CONS.,2013 - SEPTIEMBRE,9.0,,,9.0,
Banco,BN. SANTANDER CONS.,2014 - MARZO,9.0,,,9.0,
Banco,BN. SANTANDER CONS.,2014 - SEPTIEMBRE,9.0,,,9.0,
Banco,BN. SANTANDER CONS.,2015 - MARZO,9.0,,,9.0,
Banco,BN. SANTANDER CONS.,2015 - SEPTIEMBRE,9.0,,,9.0,
Banco,BN. SANTANDER CONS.,2016 - MARZO,9.0,,,9.0,
Banco,BN. SANTANDER CONS.,2016 - SEPTIEMBRE,9.0,,,9.0,
Banco,BN. SANTANDER CONS.,2017 - MARZO,9.0,,,9.0,
Banco,BN. SANTANDER CONS.,2017 - SEPTIEMBRE,9.0,,,9.0,
Banco,BN. SANTANDER CONS.,2018 - MARZO,9.0,,,9.0,
Banco,BN. SANTANDER CONS.,2018 - SEPTIEMBRE,9.0,,,9.0,
Banco,BN. SANTANDER CONS.,2019 - MARZO,9.0,,,9.0,
Banco,BN. SANTANDER CONS.,2019 - SEPTIEMBRE,9.0,,,9.0,
Banco,BN. SANTANDER CONS.,2020 - MARZO,9.0,,,9.0,
Banco,BN. SANTANDER CONS.,2020 - SEPTIEMBRE,9.0,,,9.0,
Banco,BN. SANTANDER CONS.,2021 - MARZO,9.0,,,9.0,
Banco,BN. SANTANDER CONS.,2021 - SEPTIEMBRE,9.0,,,9.0,
Banco,BN. SANTANDER CONS.,2022 - MARZO,9.0,,,9.0,
Banco,BN. SANTANDER CONS.,2022 - SEPTIEMBRE,9.0,,,9.0,
Banco,BN. SANTANDER CONS.,2023 - MARZO,9.0,,,9.0,
Banco,BN. SANTANDER CONS.,2023 - SEPTIEMBRE,9.0,,,9.0,
Banco,BN. SANTANDER CONS.,2024 - MARZO,9.0,,,9.0,
Banco,BN. SANTANDER CONS.,2024 - SEPTIEMBRE,9.0,,,9.0,
Banco,BN. SANTANDER CONS.,2025 - MARZO,9.0,,,9.0,
Banco,BN. SANTANDER CONS.,2025 - SEPTIEMBRE,9.0,,,9.0,
Banco,BN. SANTANDER CONS.,2026 - MARZO,9.0,,,9.0,
Banco,BN. SANTANDER CONS.,2026 - SEPTIEMBRE,9.0,,,9.0,
Banco,CITIBANK DEL PERU,2012 - MARZO,10.0,,,,10.0
Banco,CITIBANK DEL PERU,2012 - SEPTIEMBRE,10.0,,,,10.0
Banco,CITIBANK DEL PERU,2013 - MARZO,10.0,,,,10.0
Banco,CITIBANK DEL PERU,2013 - SEPTIEMBRE,10.0,,,,10.0
Banco,CITIBANK DEL PERU,2014 - MARZO,10.0,,,,10.0
Banco,CITIBANK DEL PERU,2014 - SEPTIEMBRE,10.0,,,,10.0
Banco,CITIBANK DEL PERU,2015 - MARZO,10.0,,,,10.0
Banco,CITIBANK DEL PERU,2015 - SEPTIEMBRE,10.0,,,,10.0
Banco,CITIBANK DEL PERU,2016 - MARZO,10.0,,,,10.0
Banco,CITIBANK DEL PERU,2016 - SEPTIEMBRE,10.0,,,,10.0
Banco,CITIBANK DEL PERU,2017 - MARZO,10.0,,,,10.0
Banco,CITIBANK DEL PERU,2017 - SEPTIEMBRE,10.0,,,,10.0
Banco,CITIBANK DEL PERU,2018 - MARZO,10.0,,,,10.0
Banco,CITIBANK DEL PERU,2018 - SEPTIEMBRE,10.0,,,,10.0
Banco,CITIBANK DEL PERU,2019 - MARZO,10.0,,,,10.0
Banco,CITIBANK DEL PERU,2019 - SEPTIEMBRE,10.0,,,,10.0
Banco,CITIBANK DEL PERU,2020 - MARZO,10.0,,,,10.0
Banco,CITIBANK DEL PERU,2020 - SEPTIEMBRE,10.0,,,,10.0
Banco,CITIBANK DEL PERU,2021 - MARZO,10.0,,,,10.0
Banco,CITIBANK DEL PERU,2021 - SEPTIEMBRE,10.0,,,,10.0
Banco,CITIBANK DEL PERU,2022 - MARZO,10.0,,,,10.0
Banco,CITIBANK DEL PERU,2022 - SEPTIEMBRE,10.0,,,,10.0
Banco,CITIBANK DEL PERU,2023 - MARZO,10.0,,,,10.0
Banco,CITIBANK DEL PERU,2023 - SEPTIEMBRE,10.0,,,,10.0
Banco,CITIBANK DEL PERU,2024 - MARZO,10.0,,,,10.0
Banco,CITIBANK DEL PERU,2024 - SEPTIEMBRE,10.0,,,,10.0
Banco,CITIBANK DEL PERU,2025 - MARZO,10.0,,,,10.0
Banco,CITIBANK DEL PERU,2025 - SEPTIEMBRE,10.0,,,,10.0
Banco,CITIBANK DEL PERU,2026 - MARZO,10.0,,,,10.0
Banco,CITIBANK DEL PERU,2026 - SEPTIEMBRE,10.0,,,,10.0
Banco,COFIDE,2012 - MARZO,9.0,,,9.0,
Banco,COFIDE,2012 - SEPTIEMBRE,9.0,,,9.0,
Banco,COFIDE,2013 - MARZO,9.0,,,9.0,
Banco,COFIDE,2013 - SEPTIEMBRE,9.0,,,9.0,
Banco,COFIDE,2014 - MARZO,9.0,,,9.0,
Banco,COFIDE,2014 - SEPTIEMBRE,9.0,,,9.0,
Banco,COFIDE,2015 - MARZO,9.0,,,9.0,
Banco,COFIDE,2015 - SEPTIEMBRE,9.0,,,9.0,
Banco,COFIDE,2016 - MARZO,9.0,,,9.0,
Banco,COFIDE,2016 - SEPTIEMBRE,9.0,,,9.0,
Banco,COFIDE,2017 - MARZO,9.0,,,9.0,
Banco,COFIDE,2017 - SEPTIEMBRE,9.0,,,9.0,
Banco,COFIDE,2018 - MARZO,9.0,,,9.0,
Banco,COFIDE,2018 - SEPTIEMBRE,9.0,,,9.0,
Banco,COFIDE,2019 - MARZO,9.0,,,9.0,
Banco,COFIDE,2019 - SEPTIEMBRE,9.0,,,9.0,
Banco,COFIDE,2020 - MARZO,9.0,,,9.0,
Banco,COFIDE,2020 - SEPTIEMBRE,9.0,,,9.0,
Banco,COFIDE,2021 - MARZO,9.0,,,9.0,
Banco,COFIDE,2021 - SEPTIEMBRE,9.0,,,9.0,
Banco,COFIDE,2022 - MARZO,9.0,,,9.0,
Banco,COFIDE,2022 - SEPTIEMBRE,9.0,,,9.0,
Banco,COFIDE,2023 - MARZO,9.0,,,9.0,
Banco,COFIDE,2023 - SEPTIEMBRE,9.0,,,9.0,
Banco,COFIDE,2024 - MARZO,9.0,,,9.0,
Banco,COFIDE,2024 - SEPTIEMBRE,9.0,,,9.0,
Banco,COFIDE,2025 - MARZO,9.0,,,9.0,
Banco,COFIDE,2025 - SEPTIEMBRE,9.0,,,9.0,
Banco,COFIDE,2026 - MARZO,9.0,,,9.0,
Banco,COFIDE,2026 - SEPTIEMBRE,9.0,,,9.0,
Banco,COMPARTAMOS BANCO,2012 - MARZO,9.0,9.0,,8.0,
Banco,COMPARTAMOS BANCO,2012 - SEPTIEMBRE,9.0,9.0,,8.0,
Banco,COMPARTAMOS BANCO,2013 - MARZO,9.0,9.0,,8.0,
Banco,COMPARTAMOS BANCO,2013 - SEPTIEMBRE,9.0,9.0,,8.0,
Banco,COMPARTAMOS BANCO,2014 - MARZO,9.0,9.0,,8.0,
Banco,COMPARTAMOS BANCO,2014 - SEPTIEMBRE,9.0,9.0,,8.0,
Banco,COMPARTAMOS BANCO,2015 - MARZO,9.0,9.0,,8.0,
Banco,COMPARTAMOS BANCO,2015 - SEPTIEMBRE,9.0,9.0,,8.0,
Banco,COMPARTAMOS BANCO,2016 - MARZO,9.0,9.0,,8.0,
Banco,COMPARTAMOS BANCO,2016 - SEPTIEMBRE,9.0,9.0,,8.0,
Banco,COMPARTAMOS BANCO,2017 - MARZO,9.0,9.0,,8.0,
Banco,COMPARTAMOS BANCO,2017 - SEPTIEMBRE,9.0,9.0,,8.0,
Banco,COMPARTAMOS BANCO,2018 - MARZO,9.0,9.0,,8.0,
Banco,COMPARTAMOS BANCO,2018 - SEPTIEMBRE,9.0,9.0,,8.0,
Banco,COMPARTAMOS BANCO,2019 - MARZO,9.0,9.0,,8.0,
Banco,COMPARTAMOS BANCO,2019 - SEPTIEMBRE,9.0,9.0,,8.0,
Banco,COMPARTAMOS BANCO,2020 - MARZO,9.0,9.0,,8.0,
Banco,COMPARTAMOS BANCO,2020 - SEPTIEMBRE,9.0,9.0,,8.0,
Banco,COMPARTAMOS BANCO,2021 - MARZO,9.0,9.0,,8.0,
Banco,COMPARTAMOS BANCO,2021 - SEPTIEMBRE,9.0,9.0,,8.0,
Banco,COMPARTAMOS BANCO,2022 - MARZO,9.0,9.0,,8.0,
Banco,COMPARTAMOS BANCO,2022 - SEPTIEMBRE,9.0,9.0,,8.0,
Banco,COMPARTAMOS BANCO,2023 - MARZO,9.0,9.0,,8.0,
Banco,COMPARTAMOS BANCO,2023 - SEPTIEMBRE,9.0,9.0,,8.0,
Banco,COMPARTAMOS BANCO,2024 - MARZO,9.0,9.0,,8.0,
Banco,COMPARTAMOS BANCO,2024 - SEPTIEMBRE,9.0,9.0,,8.0,
Banco,COMPARTAMOS BANCO,2025 - MARZO,9.0,9.0,,8.0,
Banco,COMPARTAMOS BANCO,2025 - SEPTIEMBRE,9.0,9.0,,8.0,
Banco,COMPARTAMOS BANCO,2026 - MARZO,9.0,9.0,,8.0,
Banco,COMPARTAMOS BANCO,2026 - SEPTIEMBRE,9.0,9.0,,8.0,
Banco,ICBC PERU BANK S.A.,2012 - MARZO,10.0,,,9.0,9.0
Banco,ICBC PERU BANK S.A.,2012 - SEPTIEMBRE,10.0,,,9.0,9.0
Banco,ICBC PERU BANK S.A.,2013 - MARZO,10.0,,,9.0,9.0
Banco,ICBC PERU BANK S.A.,2013 - SEPTIEMBRE,10.0,,,9.0,9.0
Banco,ICBC PERU BANK S.A.,2014 - MARZO,10.0,,,9.0,9.0
Banco,ICBC PERU BANK S.A.,2014 - SEPTIEMBRE,10.0,,,9.0,9.0
Banco,ICBC PERU BANK S.A.,2015 - MARZO,10.0,,,9.0,9.0
Banco,ICBC PERU BANK S.A.,2015 - SEPTIEMBRE,10.0,,,9.0,9.0
Banco,ICBC PERU BANK S.A.,2016 - MARZO,10.0,,,9.0,9.0
Banco,ICBC PERU BANK S.A.,2016 - SEPTIEMBRE,10.0,,,9.0,9.0
Banco,ICBC PERU BANK S.A.,2017 - MARZO,10.0,,,9.0,9.0
Banco,ICBC PERU BANK S.A.,2017 - SEPTIEMBRE,10.0,,,9.0,9.0
Banco,ICBC PERU BANK S.A.,2018 - MARZO,10.0,,,9.0,9.0
Banco,ICBC PERU BANK S.A.,2018 - SEPTIEMBRE,10.0,,,9.0,9.0
Banco,ICBC PERU BANK S.A.,2019 - MARZO,10.0,,,9.0,9.0
Banco,ICBC PERU BANK S.A.,2019 - SEPTIEMBRE,10.0,,,9.0,9.0
Banco,ICBC PERU BANK S.A.,2020 - MARZO,10.0,,,9.0,9.0
Banco,ICBC PERU BANK S.A.,2020 - SEPTIEMBRE,10.0,,,9.0,9.0
Banco,ICBC PERU BANK S.A.,2021 - MARZO,10.0,,,9.0,9.0
Banco,ICBC PERU BANK S.A.,2021 - SEPTIEMBRE,10.0,,,9.0,9.0
Banco,ICBC PERU BANK S.A.,2022 - MARZO,10.0,,,9.0,9.0
Banco,ICBC PERU BANK S.A.,2022 - SEPTIEMBRE,10.0,,,9.0,9.0
Banco,ICBC PERU BANK S.A.,2023 - MARZO,10.0,,,9.0,9.0
Banco,ICBC PERU BANK S.A.,2023 - SEPTIEMBRE,10.0,,,9.0,9.0
Banco,ICBC PERU BANK S.A.,2024 - MARZO,10.0,,,9.0,9.0
Banco,ICBC PERU BANK S.A.,2024 - SEPTIEMBRE,10.0,,,9.0,9.0
Banco,ICBC PERU BANK S.A.,2025 - MARZO,10.0,,,9.0,9.0
Banco,ICBC PERU BANK S.A.,2025 - SEPTIEMBRE,10.0,,,9.0,9.0
Banco,ICBC PERU BANK S.A.,2026 - MARZO,10.0,,,9.0,9.0
Banco,ICBC PERU BANK S.A.,2026 - SEPTIEMBRE,10.0,,,9.0,9.0
Banco,INTERBANK,2012 - MARZO,10.0,,,10.0,
Banco,INTERBANK,2012 - SEPTIEMBRE,10.0,,,10.0,
Banco,INTERBANK,2013 - MARZO,10.0,,,10.0,
Banco,INTERBANK,2013 - SEPTIEMBRE,10.0,,,10.0,
Banco,INTERBANK,2014 - MARZO,10.0,,,10.0,
Banco,INTERBANK,2014 - SEPTIEMBRE,10.0,,,10.0,
Banco,INTERBANK,2015 - MARZO,10.0,,,10.0,
Banco,INTERBANK,2015 - SEPTIEMBRE,10.0,,,10.0,
Banco,INTERBANK,2016 - MARZO,10.0,,,10.0,
Banco,INTERBANK,2016 - SEPTIEMBRE,10.0,,,10.0,
Banco,INTERBANK,2017 - MARZO,10.0,,,10.0,
Banco,INTERBANK,2017 - SEPTIEMBRE,10.0,,,10.0,
Banco,INTERBANK,2018 - MARZO,10.0,,,10.0,
Banco,INTERBANK,2018 - SEPTIEMBRE,10.0,,,10.0,
Banco,INTERBANK,2019 - MARZO,10.0,,,10.0,
Banco,INTERBANK,2019 - SEPTIEMBRE,10.0,,,10.0,
Banco,INTERBANK,2020 - MARZO,10.0,,,10.0,
Banco,INTERBANK,2020 - SEPTIEMBRE,10.0,,,10.0,
Banco,INTERBANK,2021 - MARZO,10.0,,,10.0,
Banco,INTERBANK,2021 - SEPTIEMBRE,10.0,,,10.0,
Banco,INTERBANK,2022 - MARZO,10.0,,,10.0,
Banco,INTERBANK,2022 - SEPTIEMBRE,10.0,,,10.0,
Banco,INTERBANK,2023 - MARZO,10.0,,,10.0,
Banco,INTERBANK,2023 - SEPTIEMBRE,10.0,,,10.0,
Banco,INTERBANK,2024 - MARZO,10.0,,,10.0,
Banco,INTERBANK,2024 - SEPTIEMBRE,10.0,,,10.0,
Banco,INTERBANK,2025 - MARZO,10.0,,,10.0,
Banco,INTERBANK,2025 - SEPTIEMBRE,10.0,,,10.0,
Banco,INTERBANK,2026 - MARZO,10.0,,,10.0,
Banco,INTERBANK,2026 - SEPTIEMBRE,10.0,,,10.0,
Banco,MIBANCO,2012 - MARZO,9.0,,,9.0,
Banco,MIBANCO,2012 - SEPTIEMBRE,9.0,,,9.0,
Banco,MIBANCO,2013 - MARZO,9.0,,,9.0,
Banco,MIBANCO,2013 - SEPTIEMBRE,9.0,,,9.0,
Banco,MIBANCO,2014 - MARZO,9.0,,,9.0,
Banco,MIBANCO,2014 - SEPTIEMBRE,9.0,,,9.0,
Banco,MIBANCO,2015 - MARZO,9.0,,,9.0,
Banco,MIBANCO,2015 - SEPTIEMBRE,9.0,,,9.0,
Banco,MIBANCO,2016 - MARZO,9.0,,,9.0,
Banco,MIBANCO,2016 - SEPTIEMBRE,9.0,,,9.0,
Banco,MIBANCO,2017 - MARZO,9.0,,,9.0,
Banco,MIBANCO,2017 - SEPTIEMBRE,9.0,,,9.0,
Banco,MIBANCO,2018 - MARZO,9.0,,,9.0,
Banco,MIBANCO,2018 - SEPTIEMBRE,9.0,,,9.0,
Banco,MIBANCO,2019 - MARZO,9.0,,,9.0,
Banco,MIBANCO,2019 - SEPTIEMBRE,9.0,,,9.0,
Banco,MIBANCO,2020 - MARZO,9.0,,,9.0,
Banco,MIBANCO,2020 - SEPTIEMBRE,9.0,,,9.0,
Banco,MIBANCO,2021 - MARZO,9.0,,,9.0,
Banco,MIBANCO,2021 - SEPTIEMBRE,9.0,,,9.0,
Banco,MIBANCO,2022 - MARZO,9.0,,,9.0,
Banco,MIBANCO,2022 - SEPTIEMBRE,9.0,,,9.0,
Banco,MIBANCO,2023 - MARZO,9.0,,,9.0,
Banco,MIBANCO,2023 - SEPTIEMBRE,9.0,,,9.0,
Banco,MIBANCO,2024 - MARZO,9.0,,,9.0,
Banco,MIBANCO,2024 - SEPTIEMBRE,9.0,,,9.0,
Banco,MIBANCO,2025 - MARZO,9.0,,,9.0,
Banco,MIBANCO,2025 - SEPTIEMBRE,9.0,,,9.0,
Banco,MIBANCO,2026 - MARZO,9.0,,,9.0,
Banco,MIBANCO,2026 - SEPTIEMBRE,9.0,,,9.0,
Banco,NACION,2012 - MARZO,9.0,,,9.0,
Banco,NACION,2012 - SEPTIEMBRE,9.0,,,9.0,
Banco,NACION,2013 - MARZO,9.0,,,9.0,
Banco,NACION,2013 - SEPTIEMBRE,9.0,,,9.0,
Banco,NACION,2014 - MARZO,9.0,,,9.0,
Banco,NACION,2014 - SEPTIEMBRE,9.0,,,9.0,
Banco,NACION,2015 - MARZO,9.0,,,9.0,
Banco,NACION,2015 - SEPTIEMBRE,9.0,,,9.0,
Banco,NACION,2016 - MARZO,9.0,,,9.0,
Banco,NACION,2016 - SEPTIEMBRE,9.0,,,9.0,
Banco,NACION,2017 - MARZO,9.0,,,9.0,
Banco,NACION,2017 - SEPTIEMBRE,9.0,,,9.0,
Banco,NACION,2018 - MARZO,9.0,,,9.0,
Banco,NACION,2018 - SEPTIEMBRE,9.0,,,9.0,
Banco,NACION,2019 - MARZO,9.0,,,9.0,
Banco,NACION,2019 - SEPTIEMBRE,9.0,,,9.0,
Banco,NACION,2020 - MARZO,9.0,,,9.0,
Banco,NACION,2020 - SEPTIEMBRE,9.0,,,9.0,
Banco,NACION,2021 - MARZO,9.0,,,9.0,
Banco,NACION,2021 - SEPTIEMBRE,9.0,,,9.0,
Banco,NACION,2022 - MARZO,9.0,,,9.0,
Banco,NACION,2022 - SEPTIEMBRE,9.0,,,9.0,
Banco,NACION,2023 - MARZO,9.0,,,9.0,
Banco,NACION,2023 - SEPTIEMBRE,9.0,,,9.0,
Banco,NACION,2024 - MARZO,9.0,,,9.0,
Banco,NACION,2024 - SEPTIEMBRE,9.0,,,9.0,
Banco,NACION,2025 - MARZO,9.0,,,9.0,
Banco,NACION,2025 - SEPTIEMBRE,9.0,,,9.0,
Banco,NACION,2026 - MARZO,9.0,,,9.0,
Banco,NACION,2026 - SEPTIEMBRE,9.0,,,9.0,
Banco,SANTANDER PERU,2012 - MARZO,10.0,,,10.0,
Banco,SANTANDER PERU,2012 - SEPTIEMBRE,10.0,,,10.0,
Banco,SANTANDER PERU,2013 - MARZO,10.0,,,10.0,
Banco,SANTANDER PERU,2013 - SEPTIEMBRE,10.0,,,10.0,
Banco,SANTANDER PERU,2014 - MARZO,10.0,,,10.0,
Banco,SANTANDER PERU,2014 - SEPTIEMBRE,10.0,,,10.0,
Banco,SANTANDER PERU,2015 - MARZO,10.0,,,10.0,
Banco,SANTANDER PERU,2015 - SEPTIEMBRE,10.0,,,10.0,
Banco,SANTANDER PERU,2016 - MARZO,10.0,,,10.0,
Banco,SANTANDER PERU,2016 - SEPTIEMBRE,10.0,,,10.0,
Banco,SANTANDER PERU,2017 - MARZO,10.0,,,10.0,
Banco,SANTANDER PERU,2017 - SEPTIEMBRE,10.0,,,10.0,
Banco,SANTANDER PERU,2018 - MARZO,10.0,,,10.0,
Banco,SANTANDER PERU,2018 - SEPTIEMBRE,10.0,,,10.0,
Banco,SANTANDER PERU,2019 - MARZO,10.0,,,10.0,
Banco,SANTANDER PERU,2019 - SEPTIEMBRE,10.0,,,10.0,
Banco,SANTANDER PERU,2020 - MARZO,10.0,,,10.0,
Banco,SANTANDER PERU,2020 - SEPTIEMBRE,10.0,,,10.0,
Banco,SANTANDER PERU,2021 - MARZO,10.0,,,10.0,
Banco,SANTANDER PERU,2021 - SEPTIEMBRE,10.0,,,10.0,
Banco,SANTANDER PERU,2022 - MARZO,10.0,,,10.0,
Banco,SANTANDER PERU,2022 - SEPTIEMBRE,10.0,,,10.0,
Banco,SANTANDER PERU,2023 - MARZO,10.0,,,10.0,
Banco,SANTANDER PERU,2023 - SEPTIEMBRE,10.0,,,10.0,
Banco,SANTANDER PERU,2024 - MARZO,10.0,,,10.0,
Banco,SANTANDER PERU,2024 - SEPTIEMBRE,10.0,,,10.0,
Banco,SANTANDER PERU,2025 - MARZO,10.0,,,10.0,
Banco,SANTANDER PERU,2025 - SEPTIEMBRE,10.0,,,10.0,
Banco,SANTANDER PERU,2026 - MARZO,10.0,,,10.0,
Banco,SANTANDER PERU,2026 - SEPTIEMBRE,10.0,,,10.0,
Banco,SCOTIABANK PERU,2012 - MARZO,10.0,,,10.0,
Banco,SCOTIABANK PERU,2012 - SEPTIEMBRE,10.0,,,10.0,
Banco,SCOTIABANK PERU,2013 - MARZO,10.0,,,10.0,
Banco,SCOTIABANK PERU,2013 - SEPTIEMBRE,10.0,,,10.0,
Banco,SCOTIABANK PERU,2014 - MARZO,10.0,,,10.0,
Banco,SCOTIABANK PERU,2014 - SEPTIEMBRE,10.0,,,10.0,
Banco,SCOTIABANK PERU,2015 - MARZO,10.0,,,10.0,
Banco,SCOTIABANK PERU,2015 - SEPTIEMBRE,10.0,,,10.0,
Banco,SCOTIABANK PERU,2016 - MARZO,10.0,,,10.0,
Banco,SCOTIABANK PERU,2016 - SEPTIEMBRE,10.0,,,10.0,
Banco,SCOTIABANK PERU,2017 - MARZO,10.0,,,10.0,
Banco,SCOTIABANK PERU,2017 - SEPTIEMBRE,10.0,,,10.0,
Banco,SCOTIABANK PERU,2018 - MARZO,10.0,,,10.0,
Banco,SCOTIABANK PERU,2018 - SEPTIEMBRE,10.0,,,10.0,
Banco,SCOTIABANK PERU,2019 - MARZO,10.0,,,10.0,
Banco,SCOTIABANK PERU,2019 - SEPTIEMBRE,10.0,,,10.0,
Banco,SCOTIABANK PERU,2020 - MARZO,10.0,,,10.0,
Banco,SCOTIABANK PERU,2020 - SEPTIEMBRE,10.0,,,10.0,
Banco,SCOTIABANK PERU,2021 - MARZO,10.0,,,10.0,
Banco,SCOTIABANK PERU,2021 - SEPTIEMBRE,10.0,,,10.0,
Banco,SCOTIABANK PERU,2022 - MARZO,10.0,,,10.0,
Banco,SCOTIABANK PERU,2022 - SEPTIEMBRE,10.0,,,10.0,
Banco,SCOTIABANK PERU,2023 - MARZO,10.0,,,10.0,
Banco,SCOTIABANK PERU,2023 - SEPTIEMBRE,10.0,,,10.0,
Banco,SCOTIABANK PERU,2024 - MARZO,10.0,,,10.0,
Banco,SCOTIABANK PERU,2024 - SEPTIEMBRE,10.0,,,10.0,
Banco,SCOTIABANK PERU,2025 - MARZO,10.0,,,10.0,
Banco,SCOTIABANK PERU,2025 - SEPTIEMBRE,10.0,,,10.0,
Banco,SCOTIABANK PERU,2026 - MARZO,10.0,,,10.0,
Banco,SCOTIABANK PERU,2026 - SEPTIEMBRE,10.0,,,10.0,
Caja Municipal de Ahorro y Crédito,CMAC AREQUIPA,2012 - MARZO,,8.0,,,8.0
Caja Municipal de Ahorro y Crédito,CMAC AREQUIPA,2012 - SEPTIEMBRE,,8.0,,,8.0
Caja Municipal de Ahorro y Crédito,CMAC AREQUIPA,2013 - MARZO,,8.0,,,8.0
Caja Municipal de Ahorro y Crédito,CMAC AREQUIPA,2013 - SEPTIEMBRE,,8.0,,,8.0
Caja Municipal de Ahorro y Crédito,CMAC AREQUIPA,2014 - MARZO,,8.0,,,8.0
Caja Municipal de Ahorro y Crédito,CMAC AREQUIPA,2014 - SEPTIEMBRE,,8.0,,,8.0
Caja Municipal de Ahorro y Crédito,CMAC AREQUIPA,2015 - MARZO,,8.0,,,8.0
Caja Municipal de Ahorro y Crédito,CMAC AREQUIPA,2015 - SEPTIEMBRE,,8.0,,,8.0
Caja Municipal de Ahorro y Crédito,CMAC AREQUIPA,2016 - MARZO,,8.0,,,8.0
Caja Municipal de Ahorro y Crédito,CMAC AREQUIPA,2016 - SEPTIEMBRE,,8.0,,,8.0
Caja Municipal de Ahorro y Crédito,CMAC AREQUIPA,2017 - MARZO,,8.0,,,8.0
Caja Municipal de Ahorro y Crédito,CMAC AREQUIPA,2017 - SEPTIEMBRE,,8.0,,,8.0
Caja Municipal de Ahorro y Crédito,CMAC AREQUIPA,2018 - MARZO,,8.0,,,8.0
Caja Municipal de Ahorro y Crédito,CMAC AREQUIPA,2018 - SEPTIEMBRE,,8.0,,,8.0
Caja Municipal de Ahorro y Crédito,CMAC AREQUIPA,2019 - MARZO,,8.0,,,8.0
Caja Municipal de Ahorro y Crédito,CMAC AREQUIPA,2019 - SEPTIEMBRE,,8.0,,,8.0
Caja Municipal de Ahorro y Crédito,CMAC AREQUIPA,2020 - MARZO,,8.0,,,8.0
Caja Municipal de Ahorro y Crédito,CMAC AREQUIPA,2020 - SEPTIEMBRE,,8.0,,,8.0
Caja Municipal de Ahorro y Crédito,CMAC AREQUIPA,2021 - MARZO,,8.0,,,8.0
Caja Municipal de Ahorro y Crédito,CMAC AREQUIPA,2021 - SEPTIEMBRE,,8.0,,,8.0
Caja Municipal de Ahorro y Crédito,CMAC AREQUIPA,2022 - MARZO,,8.0,,,8.0
Caja Municipal de Ahorro y Crédito,CMAC AREQUIPA,2022 - SEPTIEMBRE,,8.0,,,8.0
Caja Municipal de Ahorro y Crédito,CMAC AREQUIPA,2023 - MARZO,,8.0,,,8.0
Caja Municipal de Ahorro y Crédito,CMAC AREQUIPA,2023 - SEPTIEMBRE,,8.0,,,8.0
Caja Municipal de Ahorro y Crédito,CMAC AREQUIPA,2024 - MARZO,,8.0,,,8.0
Caja Municipal de Ahorro y Crédito,CMAC AREQUIPA,2024 - SEPTIEMBRE,,8.0,,,8.0
Caja Municipal de Ahorro y Crédito,CMAC AREQUIPA,2025 - MARZO,,8.0,,,8.0
Caja Municipal de Ahorro y Crédito,CMAC AREQUIPA,2025 - SEPTIEMBRE,,8.0,,,8.0
Caja Municipal de Ahorro y Crédito,CMAC AREQUIPA,2026 - MARZO,,8.0,,,8.0
Caja Municipal de Ahorro y Crédito,CMAC AREQUIPA,2026 - SEPTIEMBRE,,8.0,,,8.0
Caja Municipal de Ahorro y Crédito,CMAC CUSCO,2012 - MARZO,8.0,8.0,,,8.0
Caja Municipal de Ahorro y Crédito,CMAC CUSCO,2012 - SEPTIEMBRE,8.0,8.0,,,8.0
Caja Municipal de Ahorro y Crédito,CMAC CUSCO,2013 - MARZO,8.0,8.0,,,8.0
Caja Municipal de Ahorro y Crédito,CMAC CUSCO,2013 - SEPTIEMBRE,8.0,8.0,,,8.0
Caja Municipal de Ahorro y Crédito,CMAC CUSCO,2014 - MARZO,8.0,8.0,,,8.0
Caja Municipal de Ahorro y Crédito,CMAC CUSCO,2014 - SEPTIEMBRE,8.0,8.0,,,8.0
Caja Municipal de Ahorro y Crédito,CMAC CUSCO,2015 - MARZO,8.0,8.0,,,8.0
Caja Municipal de Ahorro y Crédito,CMAC CUSCO,2015 - SEPTIEMBRE,8.0,8.0,,,8.0
Caja Municipal de Ahorro y Crédito,CMAC CUSCO,2016 - MARZO,8.0,8.0,,,8.0
Caja Municipal de Ahorro y Crédito,CMAC CUSCO,2016 - SEPTIEMBRE,8.0,8.0,,,8.0
Caja Municipal de Ahorro y Crédito,CMAC CUSCO,2017 - MARZO,8.0,8.0,,,8.0
Caja Municipal de Ahorro y Crédito,CMAC CUSCO,2017 - SEPTIEMBRE,8.0,8.0,,,8.0
Caja Municipal de Ahorro y Crédito,CMAC CUSCO,2018 - MARZO,8.0,8.0,,,8.0
Caja Municipal de Ahorro y Crédito,CMAC CUSCO,2018 - SEPTIEMBRE,8.0,8.0,,,8.0
Caja Municipal de Ahorro y Crédito,CMAC CUSCO,2019 - MARZO,8.0,8.0,,,8.0
Caja Municipal de Ahorro y Crédito,CMAC CUSCO,2019 - SEPTIEMBRE,8.0,8.0,,,8.0
Caja Municipal de Ahorro y Crédito,CMAC CUSCO,2020 - MARZO,8.0,8.0,,,8.0
Caja Municipal de Ahorro y Crédito,CMAC CUSCO,2020 - SEPTIEMBRE,8.0,8.0,,,8.0
Caja Municipal de Ahorro y Crédito,CMAC CUSCO,2021 - MARZO,8.0,8.0,,,8.0
Caja Municipal de Ahorro y Crédito,CMAC CUSCO,2021 - SEPTIEMBRE,8.0,8.0,,,8.0
Caja Municipal de Ahorro y Crédito,CMAC CUSCO,2022 - MARZO,8.0,8.0,,,8.0
Caja Municipal de Ahorro y Crédito,CMAC CUSCO,2022 - SEPTIEMBRE,8.0,8.0,,,8.0
Caja Municipal de Ahorro y Crédito,CMAC CUSCO,2023 - MARZO,8.0,8.0,,,8.0
Caja Municipal de Ahorro y Crédito,CMAC CUSCO,2023 - SEPTIEMBRE,8.0,8.0,,,8.0
Caja Municipal de Ahorro y Crédito,CMAC CUSCO,2024 - MARZO,8.0,8.0,,,8.0
Caja Municipal de Ahorro y Crédito,CMAC CUSCO,2024 - SEPTIEMBRE,8.0,8.0,,,8.0
Caja Municipal de Ahorro y Crédito,CMAC CUSCO,2025 - MARZO,8.0,8.0,,,8.0
Caja Municipal de Ahorro y Crédito,CMAC CUSCO,2025 - SEPTIEMBRE,8.0,8.0,,,8.0
Caja Municipal de Ahorro y Crédito,CMAC CUSCO,2026 - MARZO,8.0,8.0,,,8.0
Caja Municipal de Ahorro y Crédito,CMAC CUSCO,2026 - SEPTIEMBRE,8.0,8.0,,,8.0
Caja Municipal de Ahorro y Crédito,CMAC DEL SANTA,2012 - MARZO,2.0,,1.0,,
Caja Municipal de Ahorro y Crédito,CMAC DEL SANTA,2012 - SEPTIEMBRE,2.0,,1.0,,
Caja Municipal de Ahorro y Crédito,CMAC DEL SANTA,2013 - MARZO,2.0,,1.0,,
Caja Municipal de Ahorro y Crédito,CMAC DEL SANTA,2013 - SEPTIEMBRE,2.0,,1.0,,
Caja Municipal de Ahorro y Crédito,CMAC DEL SANTA,2014 - MARZO,2.0,,1.0,,
Caja Municipal de Ahorro y Crédito,CMAC DEL SANTA,2014 - SEPTIEMBRE,2.0,,1.0,,
Caja Municipal de Ahorro y Crédito,CMAC DEL SANTA,2015 - MARZO,2.0,,1.0,,
Caja Municipal de Ahorro y Crédito,CMAC DEL SANTA,2015 - SEPTIEMBRE,2.0,,1.0,,
Caja Municipal de Ahorro y Crédito,CMAC DEL SANTA,2016 - MARZO,2.0,,1.0,,
Caja Municipal de Ahorro y Crédito,CMAC DEL SANTA,2016 - SEPTIEMBRE,2.0,,1.0,,
Caja Municipal de Ahorro y Crédito,CMAC DEL SANTA,2017 - MARZO,2.0,,1.0,,
Caja Municipal de Ahorro y Crédito,CMAC DEL SANTA,2017 - SEPTIEMBRE,2.0,,1.0,,
Caja Municipal de Ahorro y Crédito,CMAC DEL SANTA,2018 - MARZO,2.0,,1.0,,
Caja Municipal de Ahorro y Crédito,CMAC DEL SANTA,2018 - SEPTIEMBRE,2.0,,1.0,,
Caja Municipal de Ahorro y Crédito,CMAC DEL SANTA,2019 - MARZO,2.0,,1.0,,
Caja Municipal de Ahorro y Crédito,CMAC DEL SANTA,2019 - SEPTIEMBRE,2.0,,1.0,,
Caja Municipal de Ahorro y Crédito,CMAC DEL SANTA,2020 - MARZO,2.0,,1.0,,
Caja Municipal de Ahorro y Crédito,CMAC DEL SANTA,2020 - SEPTIEMBRE,2.0,,1.0,,
Caja Municipal de Ahorro y Crédito,CMAC DEL SANTA,2021 - MARZO,2.0,,1.0,,
Caja Municipal de Ahorro y Crédito,CMAC DEL SANTA,2021 - SEPTIEMBRE,2.0,,1.0,,
Caja Municipal de Ahorro y Crédito,CMAC DEL SANTA,2022 - MARZO,2.0,,1.0,,
Caja Municipal de Ahorro y Crédito,CMAC DEL SANTA,2022 - SEPTIEMBRE,2.0,,1.0,,
Caja Municipal de Ahorro y Crédito,CMAC DEL SANTA,2023 - MARZO,2.0,,1.0,,
Caja Municipal de Ahorro y Crédito,CMAC DEL SANTA,2023 - SEPTIEMBRE,2.0,,1.0,,
Caja Municipal de Ahorro y Crédito,CMAC DEL SANTA,2024 - MARZO,2.0,,1.0,,
Caja Municipal de Ahorro y Crédito,CMAC DEL SANTA,2024 - SEPTIEMBRE,2.0,,1.0,,
Caja Municipal de Ahorro y Crédito,CMAC DEL SANTA,2025 - MARZO,2.0,,1.0,,
Caja Municipal de Ahorro y Crédito,CMAC DEL SANTA,2025 - SEPTIEMBRE,2.0,,1.0,,
Caja Municipal de Ahorro y Crédito,CMAC DEL SANTA,2026 - MARZO,2.0,,1.0,,
Caja Municipal de Ahorro y Crédito,CMAC DEL SANTA,2026 - SEPTIEMBRE,2.0,,1.0,,
Caja Municipal de Ahorro y Crédito,CMAC HUANCAYO,2012 - MARZO,,8.0,,7.0,8.0
Caja Municipal de Ahorro y Crédito,CMAC HUANCAYO,2012 - SEPTIEMBRE,,8.0,,7.0,8.0
Caja Municipal de Ahorro y Crédito,CMAC HUANCAYO,2013 - MARZO,,8.0,,7.0,8.0
Caja Municipal de Ahorro y Crédito,CMAC HUANCAYO,2013 - SEPTIEMBRE,,8.0,,7.0,8.0
Caja Municipal de Ahorro y Crédito,CMAC HUANCAYO,2014 - MARZO,,8.0,,7.0,8.0
Caja Municipal de Ahorro y Crédito,CMAC HUANCAYO,2014 - SEPTIEMBRE,,8.0,,7.0,8.0
Caja Municipal de Ahorro y Crédito,CMAC HUANCAYO,2015 - MARZO,,8.0,,7.0,8.0
Caja Municipal de Ahorro y Crédito,CMAC HUANCAYO,2015 - SEPTIEMBRE,,8.0,,7.0,8.0
Caja Municipal de Ahorro y Crédito,CMAC HUANCAYO,2016 - MARZO,,8.0,,7.0,8.0
Caja Municipal de Ahorro y Crédito,CMAC HUANCAYO,2016 - SEPTIEMBRE,,8.0,,7.0,8.0
Caja Municipal de Ahorro y Crédito,CMAC HUANCAYO,2017 - MARZO,,8.0,,7.0,8.0
Caja Municipal de Ahorro y Crédito,CMAC HUANCAYO,2017 - SEPTIEMBRE,,8.0,,7.0,8.0
Caja Municipal de Ahorro y Crédito,CMAC HUANCAYO,2018 - MARZO,,8.0,,7.0,8.0
Caja Municipal de Ahorro y Crédito,CMAC HUANCAYO,2018 - SEPTIEMBRE,,8.0,,7.0,8.0
Caja Municipal de Ahorro y Crédito,CMAC HUANCAYO,2019 - MARZO,,8.0,,7.0,8.0
Caja Municipal de Ahorro y Crédito,CMAC HUANCAYO,2019 - SEPTIEMBRE,,8.0,,7.0,8.0
Caja Municipal de Ahorro y Crédito,CMAC HUANCAYO,2020 - MARZO,,8.0,,7.0,8.0
Caja Municipal de Ahorro y Crédito,CMAC HUANCAYO,2020 - SEPTIEMBRE,,8.0,,7.0,8.0
Caja Municipal de Ahorro y Crédito,CMAC HUANCAYO,2021 - MARZO,,8.0,,7.0,8.0
Caja Municipal de Ahorro y Crédito,CMAC HUANCAYO,2021 - SEPTIEMBRE,,8.0,,7.0,8.0
Caja Municipal de Ahorro y Crédito,CMAC HUANCAYO,2022 - MARZO,,8.0,,7.0,8.0
Caja Municipal de Ahorro y Crédito,CMAC HUANCAYO,2022 - SEPTIEMBRE,,8.0,,7.0,8.0
Caja Municipal de Ahorro y Crédito,CMAC HUANCAYO,2023 - MARZO,,8.0,,7.0,8.0
Caja Municipal de Ahorro y Crédito,CMAC HUANCAYO,2023 - SEPTIEMBRE,,8.0,,7.0,8.0
Caja Municipal de Ahorro y Crédito,CMAC HUANCAYO,2024 - MARZO,,8.0,,7.0,8.0
Caja Municipal de Ahorro y Crédito,CMAC HUANCAYO,2024 - SEPTIEMBRE,,8.0,,7.0,8.0
Caja Municipal de Ahorro y Crédito,CMAC HUANCAYO,2025 - MARZO,,8.0,,7.0,8.0
Caja Municipal de Ahorro y Crédito,CMAC HUANCAYO,2025 - SEPTIEMBRE,,8.0,,7.0,8.0
Caja Municipal de Ahorro y Crédito,CMAC HUANCAYO,2026 - MARZO,,8.0,,7.0,8.0
Caja Municipal de Ahorro y Crédito,CMAC HUANCAYO,2026 - SEPTIEMBRE,,8.0,,7.0,8.0
Caja Municipal de Ahorro y Crédito,CMAC ICA,2012 - MARZO,,7.0,,,7.0
Caja Municipal de Ahorro y Crédito,CMAC ICA,2012 - SEPTIEMBRE,,7.0,,,7.0
Caja Municipal de Ahorro y Crédito,CMAC ICA,2013 - MARZO,,7.0,,,7.0
Caja Municipal de Ahorro y Crédito,CMAC ICA,2013 - SEPTIEMBRE,,7.0,,,7.0
Caja Municipal de Ahorro y Crédito,CMAC ICA,2014 - MARZO,,7.0,,,7.0
Caja Municipal de Ahorro y Crédito,CMAC ICA,2014 - SEPTIEMBRE,,7.0,,,7.0
Caja Municipal de Ahorro y Crédito,CMAC ICA,2015 - MARZO,,7.0,,,7.0
Caja Municipal de Ahorro y Crédito,CMAC ICA,2015 - SEPTIEMBRE,,7.0,,,7.0
Caja Municipal de Ahorro y Crédito,CMAC ICA,2016 - MARZO,,7.0,,,7.0
Caja Municipal de Ahorro y Crédito,CMAC ICA,2016 - SEPTIEMBRE,,7.0,,,7.0
Caja Municipal de Ahorro y Crédito,CMAC ICA,2017 - MARZO,,7.0,,,7.0
Caja Municipal de Ahorro y Crédito,CMAC ICA,2017 - SEPTIEMBRE,,7.0,,,7.0
Caja Municipal de Ahorro y Crédito,CMAC ICA,2018 - MARZO,,7.0,,,7.0
Caja Municipal de Ahorro y Crédito,CMAC ICA,2018 - SEPTIEMBRE,,7.0,,,7.0
Caja Municipal de Ahorro y Crédito,CMAC ICA,2019 - MARZO,,7.0,,,7.0
Caja Municipal de Ahorro y Crédito,CMAC ICA,2019 - SEPTIEMBRE,,7.0,,,7.0
Caja Municipal de Ahorro y Crédito,CMAC ICA,2020 - MARZO,,7.0,,,7.0
Caja Municipal de Ahorro y Crédito,CMAC ICA,2020 - SEPTIEMBRE,,7.0,,,7.0
Caja Municipal de Ahorro y Crédito,CMAC ICA,2021 - MARZO,,7.0,,,7.0
Caja Municipal de Ahorro y Crédito,CMAC ICA,2021 - SEPTIEMBRE,,7.0,,,7.0
Caja Municipal de Ahorro y Crédito,CMAC ICA,2022 - MARZO,,7.0,,,7.0
Caja Municipal de Ahorro y Crédito,CMAC ICA,2022 - SEPTIEMBRE,,7.0,,,7.0
Caja Municipal de Ahorro y Crédito,CMAC ICA,2023 - MARZO,,7.0,,,7.0
Caja Municipal de Ahorro y Crédito,CMAC ICA,2023 - SEPTIEMBRE,,7.0,,,7.0
Caja Municipal de Ahorro y Crédito,CMAC ICA,2024 - MARZO,,7.0,,,7.0
Caja Municipal de Ahorro y Crédito,CMAC ICA,2024 - SEPTIEMBRE,,7.0,,,7.0
Caja Municipal de Ahorro y Crédito,CMAC ICA,2025 - MARZO,,7.0,,,7.0
Caja Municipal de Ahorro y Crédito,CMAC ICA,2025 - SEPTIEMBRE,,7.0,,,7.0
Caja Municipal de Ahorro y Crédito,CMAC ICA,2026 - MARZO,,7.0,,,7.0
Caja Municipal de Ahorro y Crédito,CMAC ICA,2026 - SEPTIEMBRE,,7.0,,,7.0
Caja Municipal de Ahorro y Crédito,CMAC MAYNAS,2012 - MARZO,5.0,,,5.0,
Caja Municipal de Ahorro y Crédito,CMAC MAYNAS,2012 - SEPTIEMBRE,5.0,,,5.0,
Caja Municipal de Ahorro y Crédito,CMAC MAYNAS,2013 - MARZO,5.0,,,5.0,
Caja Municipal de Ahorro y Crédito,CMAC MAYNAS,2013 - SEPTIEMBRE,5.0,,,5.0,
Caja Municipal de Ahorro y Crédito,CMAC MAYNAS,2014 - MARZO,5.0,,,5.0,
Caja Municipal de Ahorro y Crédito,CMAC MAYNAS,2014 - SEPTIEMBRE,5.0,,,5.0,
Caja Municipal de Ahorro y Crédito,CMAC MAYNAS,2015 - MARZO,5.0,,,5.0,
Caja Municipal de Ahorro y Crédito,CMAC MAYNAS,2015 - SEPTIEMBRE,5.0,,,5.0,
Caja Municipal de Ahorro y Crédito,CMAC MAYNAS,2016 - MARZO,5.0,,,5.0,
Caja Municipal de Ahorro y Crédito,CMAC MAYNAS,2016 - SEPTIEMBRE,5.0,,,5.0,
Caja Municipal de Ahorro y Crédito,CMAC MAYNAS,2017 - MARZO,5.0,,,5.0,
Caja Municipal de Ahorro y Crédito,CMAC MAYNAS,2017 - SEPTIEMBRE,5.0,,,5.0,
Caja Municipal de Ahorro y Crédito,CMAC MAYNAS,2018 - MARZO,5.0,,,5.0,
Caja Municipal de Ahorro y Crédito,CMAC MAYNAS,2018 - SEPTIEMBRE,5.0,,,5.0,
Caja Municipal de Ahorro y Crédito,CMAC MAYNAS,2019 - MARZO,5.0,,,5.0,
Caja Municipal de Ahorro y Crédito,CMAC MAYNAS,2019 - SEPTIEMBRE,5.0,,,5.0,
Caja Municipal de Ahorro y Crédito,CMAC MAYNAS,2020 - MARZO,5.0,,,5.0,
Caja Municipal de Ahorro y Crédito,CMAC MAYNAS,2020 - SEPTIEMBRE,5.0,,,5.0,
Caja Municipal de Ahorro y Crédito,CMAC MAYNAS,2021 - MARZO,5.0,,,5.0,
Caja Municipal de Ahorro y Crédito,CMAC MAYNAS,2021 - SEPTIEMBRE,5.0,,,5.0,
Caja Municipal de Ahorro y Crédito,CMAC MAYNAS,2022 - MARZO,5.0,,,5.0,
Caja Municipal de Ahorro y Crédito,CMAC MAYNAS,2022 - SEPTIEMBRE,5.0,,,5.0,
Caja Municipal de Ahorro y Crédito,CMAC MAYNAS,2023 - MARZO,5.0,,,5.0,
Caja Municipal de Ahorro y Crédito,CMAC MAYNAS,2023 - SEPTIEMBRE,5.0,,,5.0,
Caja Municipal de Ahorro y Crédito,CMAC MAYNAS,2024 - MARZO,5.0,,,5.0,
Caja Municipal de Ahorro y Crédito,CMAC MAYNAS,2024 - SEPTIEMBRE,5.0,,,5.0,
Caja Municipal de Ahorro y Crédito,CMAC MAYNAS,2025 - MARZO,5.0,,,5.0,
Caja Municipal de Ahorro y Crédito,CMAC MAYNAS,2025 - SEPTIEMBRE,5.0,,,5.0,
Caja Municipal de Ahorro y Crédito,CMAC MAYNAS,2026 - MARZO,5.0,,,5.0,
Caja Municipal de Ahorro y Crédito,CMAC MAYNAS,2026 - SEPTIEMBRE,5.0,,,5.0,
Caja Municipal de Ahorro y Crédito,CMAC PAITA,2012 - MARZO,3.0,,3.0,,
Caja Municipal de Ahorro y Crédito,CMAC PAITA,2012 - SEPTIEMBRE,3.0,,3.0,,
Caja Municipal de Ahorro y Crédito,CMAC PAITA,2013 - MARZO,3.0,,3.0,,
Caja Municipal de Ahorro y Crédito,CMAC PAITA,2013 - SEPTIEMBRE,3.0,,3.0,,
Caja Municipal de Ahorro y Crédito,CMAC PAITA,2014 - MARZO,3.0,,3.0,,
Caja Municipal de Ahorro y Crédito,CMAC PAITA,2014 - SEPTIEMBRE,3.0,,3.0,,
Caja Municipal de Ahorro y Crédito,CMAC PAITA,2015 - MARZO,3.0,,3.0,,
Caja Municipal de Ahorro y Crédito,CMAC PAITA,2015 - SEPTIEMBRE,3.0,,3.0,,
Caja Municipal de Ahorro y Crédito,CMAC PAITA,2016 - MARZO,3.0,,3.0,,
Caja Municipal de Ahorro y Crédito,CMAC PAITA,2016 - SEPTIEMBRE,3.0,,3.0,,
Caja Municipal de Ahorro y Crédito,CMAC PAITA,2017 - MARZO,3.0,,3.0,,
Caja Municipal de Ahorro y Crédito,CMAC PAITA,2017 - SEPTIEMBRE,3.0,,3.0,,
Caja Municipal de Ahorro y Crédito,CMAC PAITA,2018 - MARZO,3.0,,3.0,,
Caja Municipal de Ahorro y Crédito,CMAC PAITA,2018 - SEPTIEMBRE,3.0,,3.0,,
Caja Municipal de Ahorro y Crédito,CMAC PAITA,2019 - MARZO,3.0,,3.0,,
Caja Municipal de Ahorro y Crédito,CMAC PAITA,2019 - SEPTIEMBRE,3.0,,3.0,,
Caja Municipal de Ahorro y Crédito,CMAC PAITA,2020 - MARZO,3.0,,3.0,,
Caja Municipal de Ahorro y Crédito,CMAC PAITA,2020 - SEPTIEMBRE,3.0,,3.0,,
Caja Municipal de Ahorro y Crédito,CMAC PAITA,2021 - MARZO,3.0,,3.0,,
Caja Municipal de Ahorro y Crédito,CMAC PAITA,2021 - SEPTIEMBRE,3.0,,3.0,,
Caja Municipal de Ahorro y Crédito,CMAC PAITA,2022 - MARZO,3.0,,3.0,,
Caja Municipal de Ahorro y Crédito,CMAC PAITA,2022 - SEPTIEMBRE,3.0,,3.0,,
Caja Municipal de Ahorro y Crédito,CMAC PAITA,2023 - MARZO,3.0,,3.0,,
Caja Municipal de Ahorro y Crédito,CMAC PAITA,2023 - SEPTIEMBRE,3.0,,3.0,,
Caja Municipal de Ahorro y Crédito,CMAC PAITA,2024 - MARZO,3.0,,3.0,,
Caja Municipal de Ahorro y Crédito,CMAC PAITA,2024 - SEPTIEMBRE,3.0,,3.0,,
Caja Municipal de Ahorro y Crédito,CMAC PAITA,2025 - MARZO,3.0,,3.0,,
Caja Municipal de Ahorro y Crédito,CMAC PAITA,2025 - SEPTIEMBRE,3.0,,3.0,,
Caja Municipal de Ahorro y Crédito,CMAC PAITA,2026 - MARZO,3.0,,3.0,,
Caja Municipal de Ahorro y Crédito,CMAC PAITA,2026 - SEPTIEMBRE,3.0,,3.0,,
Caja Municipal de Ahorro y Crédito,CMAC PIURA,2012 - MARZO,,,6.0,6.0,
Caja Municipal de Ahorro y Crédito,CMAC PIURA,2012 - SEPTIEMBRE,,,6.0,6.0,
Caja Municipal de Ahorro y Crédito,CMAC PIURA,2013 - MARZO,,,6.0,6.0,
Caja Municipal de Ahorro y Crédito,CMAC PIURA,2013 - SEPTIEMBRE,,,6.0,6.0,
Caja Municipal de Ahorro y Crédito,CMAC PIURA,2014 - MARZO,,,6.0,6.0,
Caja Municipal de Ahorro y Crédito,CMAC PIURA,2014 - SEPTIEMBRE,,,6.0,6.0,
Caja Municipal de Ahorro y Crédito,CMAC PIURA,2015 - MARZO,,,6.0,6.0,
Caja Municipal de Ahorro y Crédito,CMAC PIURA,2015 - SEPTIEMBRE,,,6.0,6.0,
Caja Municipal de Ahorro y Crédito,CMAC PIURA,2016 - MARZO,,,6.0,6.0,
Caja Municipal de Ahorro y Crédito,CMAC PIURA,2016 - SEPTIEMBRE,,,6.0,6.0,
Caja Municipal de Ahorro y Crédito,CMAC PIURA,2017 - MARZO,,,6.0,6.0,
Caja Municipal de Ahorro y Crédito,CMAC PIURA,2017 - SEPTIEMBRE,,,6.0,6.0,
Caja Municipal de Ahorro y Crédito,CMAC PIURA,2018 - MARZO,,,6.0,6.0,
Caja Municipal de Ahorro y Crédito,CMAC PIURA,2018 - SEPTIEMBRE,,,6.0,6.0,
Caja Municipal de Ahorro y Crédito,CMAC PIURA,2019 - MARZO,,,6.0,6.0,
Caja Municipal de Ahorro y Crédito,CMAC PIURA,2019 - SEPTIEMBRE,,,6.0,6.0,
Caja Municipal de Ahorro y Crédito,CMAC PIURA,2020 - MARZO,,,6.0,6.0,
Caja Municipal de Ahorro y Crédito,CMAC PIURA,2020 - SEPTIEMBRE,,,6.0,6.0,
Caja Municipal de Ahorro y Crédito,CMAC PIURA,2021 - MARZO,,,6.0,6.0,
Caja Municipal de Ahorro y Crédito,CMAC PIURA,2021 - SEPTIEMBRE,,,6.0,6.0,
Caja Municipal de Ahorro y Crédito,CMAC PIURA,2022 - MARZO,,,6.0,6.0,
Caja Municipal de Ahorro y Crédito,CMAC PIURA,2022 - SEPTIEMBRE,,,6.0,6.0,
Caja Municipal de Ahorro y Crédito,CMAC PIURA,2023 - MARZO,,,6.0,6.0,
Caja Municipal de Ahorro y Crédito,CMAC PIURA,2023 - SEPTIEMBRE,,,6.0,6.0,
Caja Municipal de Ahorro y Crédito,CMAC PIURA,2024 - MARZO,,,6.0,6.0,
Caja Municipal de Ahorro y Crédito,CMAC PIURA,2024 - SEPTIEMBRE,,,6.0,6.0,
Caja Municipal de Ahorro y Crédito,CMAC PIURA,2025 - MARZO,,,6.0,6.0,
Caja Municipal de Ahorro y Crédito,CMAC PIURA,2025 - SEPTIEMBRE,,,6.0,6.0,
Caja Municipal de Ahorro y Crédito,CMAC PIURA,2026 - MARZO,,,6.0,6.0,
Caja Municipal de Ahorro y Crédito,CMAC PIURA,2026 - SEPTIEMBRE,,,6.0,6.0,
Caja Municipal de Ahorro y Crédito,CMAC TACNA,2012 - MARZO,,3.0,,3.0,
Caja Municipal de Ahorro y Crédito,CMAC TACNA,2012 - SEPTIEMBRE,,3.0,,3.0,
Caja Municipal de Ahorro y Crédito,CMAC TACNA,2013 - MARZO,,3.0,,3.0,
Caja Municipal de Ahorro y Crédito,CMAC TACNA,2013 - SEPTIEMBRE,,3.0,,3.0,
Caja Municipal de Ahorro y Crédito,CMAC TACNA,2014 - MARZO,,3.0,,3.0,
Caja Municipal de Ahorro y Crédito,CMAC TACNA,2014 - SEPTIEMBRE,,3.0,,3.0,
Caja Municipal de Ahorro y Crédito,CMAC TACNA,2015 - MARZO,,3.0,,3.0,
Caja Municipal de Ahorro y Crédito,CMAC TACNA,2015 - SEPTIEMBRE,,3.0,,3.0,
Caja Municipal de Ahorro y Crédito,CMAC TACNA,2016 - MARZO,,3.0,,3.0,
Caja Municipal de Ahorro y Crédito,CMAC TACNA,2016 - SEPTIEMBRE,,3.0,,3.0,
Caja Municipal de Ahorro y Crédito,CMAC TACNA,2017 - MARZO,,3.0,,3.0,
Caja Municipal de Ahorro y Crédito,CMAC TACNA,2017 - SEPTIEMBRE,,3.0,,3.0,
Caja Municipal de Ahorro y Crédito,CMAC TACNA,2018 - MARZO,,3.0,,3.0,
Caja Municipal de Ahorro y Crédito,CMAC TACNA,2018 - SEPTIEMBRE,,3.0,,3.0,
Caja Municipal de Ahorro y Crédito,CMAC TACNA,2019 - MARZO,,3.0,,3.0,
Caja Municipal de Ahorro y Crédito,CMAC TACNA,2019 - SEPTIEMBRE,,3.0,,3.0,
Caja Municipal de Ahorro y Crédito,CMAC TACNA,2020 - MARZO,,3.0,,3.0,
Caja Municipal de Ahorro y Crédito,CMAC TACNA,2020 - SEPTIEMBRE,,3.0,,3.0,
Caja Municipal de Ahorro y Crédito,CMAC TACNA,2021 - MARZO,,3.0,,3.0,
Caja Municipal de Ahorro y Crédito,CMAC TACNA,2021 - SEPTIEMBRE,,3.0,,3.0,
Caja Municipal de Ahorro y Crédito,CMAC TACNA,2022 - MARZO,,3.0,,3.0,
Caja Municipal de Ahorro y Crédito,CMAC TACNA,2022 - SEPTIEMBRE,,3.0,,3.0,
Caja Municipal de Ahorro y Crédito,CMAC TACNA,2023 - MARZO,,3.0,,3.0,
Caja Municipal de Ahorro y Crédito,CMAC TACNA,2023 - SEPTIEMBRE,,3.0,,3.0,
Caja Municipal de Ahorro y Crédito,CMAC TACNA,2024 - MARZO,,3.0,,3.0,
Caja Municipal de Ahorro y Crédito,CMAC TACNA,2024 - SEPTIEMBRE,,3.0,,3.0,
Caja Municipal de Ahorro y Crédito,CMAC TACNA,2025 - MARZO,,3.0,,3.0,
Caja Municipal de Ahorro y Crédito,CMAC TACNA,2025 - SEPTIEMBRE,,3.0,,3.0,
Caja Municipal de Ahorro y Crédito,CMAC TACNA,2026 - MARZO,,3.0,,3.0,
Caja Municipal de Ahorro y Crédito,CMAC TACNA,2026 - SEPTIEMBRE,,3.0,,3.0,
Caja Municipal de Ahorro y Crédito,CMAC TRUJILLO,2012 - MARZO,7.0,,,7.0,
Caja Municipal de Ahorro y Crédito,CMAC TRUJILLO,2012 - SEPTIEMBRE,7.0,,,7.0,
Caja Municipal de Ahorro y Crédito,CMAC TRUJILLO,2013 - MARZO,7.0,,,7.0,
Caja Municipal de Ahorro y Crédito,CMAC TRUJILLO,2013 - SEPTIEMBRE,7.0,,,7.0,
Caja Municipal de Ahorro y Crédito,CMAC TRUJILLO,2014 - MARZO,7.0,,,7.0,
Caja Municipal de Ahorro y Crédito,CMAC TRUJILLO,2014 - SEPTIEMBRE,7.0,,,7.0,
Caja Municipal de Ahorro y Crédito,CMAC TRUJILLO,2015 - MARZO,7.0,,,7.0,
Caja Municipal de Ahorro y Crédito,CMAC TRUJILLO,2015 - SEPTIEMBRE,7.0,,,7.0,
Caja Municipal de Ahorro y Crédito,CMAC TRUJILLO,2016 - MARZO,7.0,,,7.0,
Caja Municipal de Ahorro y Crédito,CMAC TRUJILLO,2016 - SEPTIEMBRE,7.0,,,7.0,
Caja Municipal de Ahorro y Crédito,CMAC TRUJILLO,2017 - MARZO,7.0,,,7.0,
Caja Municipal de Ahorro y Crédito,CMAC TRUJILLO,2017 - SEPTIEMBRE,7.0,,,7.0,
Caja Municipal de Ahorro y Crédito,CMAC TRUJILLO,2018 - MARZO,7.0,,,7.0,
Caja Municipal de Ahorro y Crédito,CMAC TRUJILLO,2018 - SEPTIEMBRE,7.0,,,7.0,
Caja Municipal de Ahorro y Crédito,CMAC TRUJILLO,2019 - MARZO,7.0,,,7.0,
Caja Municipal de Ahorro y Crédito,CMAC TRUJILLO,2019 - SEPTIEMBRE,7.0,,,7.0,
Caja Municipal de Ahorro y Crédito,CMAC TRUJILLO,2020 - MARZO,7.0,,,7.0,
Caja Municipal de Ahorro y Crédito,CMAC TRUJILLO,2020 - SEPTIEMBRE,7.0,,,7.0,
Caja Municipal de Ahorro y Crédito,CMAC TRUJILLO,2021 - MARZO,7.0,,,7.0,
Caja Municipal de Ahorro y Crédito,CMAC TRUJILLO,2021 - SEPTIEMBRE,7.0,,,7.0,
Caja Municipal de Ahorro y Crédito,CMAC TRUJILLO,2022 - MARZO,7.0,,,7.0,
Caja Municipal de Ahorro y Crédito,CMAC TRUJILLO,2022 - SEPTIEMBRE,7.0,,,7.0,
Caja Municipal de Ahorro y Crédito,CMAC TRUJILLO,2023 - MARZO,7.0,,,7.0,
Caja Municipal de Ahorro y Crédito,CMAC TRUJILLO,2023 - SEPTIEMBRE,7.0,,,7.0,
Caja Municipal de Ahorro y Crédito,CMAC TRUJILLO,2024 - MARZO,7.0,,,7.0,
Caja Municipal de Ahorro y Crédito,CMAC TRUJILLO,2024 - SEPTIEMBRE,7.0,,,7.0,
Caja Municipal de Ahorro y Crédito,CMAC TRUJILLO,2025 - MARZO,7.0,,,7.0,
Caja Municipal de Ahorro y Crédito,CMAC TRUJILLO,2025 - SEPTIEMBRE,7.0,,,7.0,
Caja Municipal de Ahorro y Crédito,CMAC TRUJILLO,2026 - MARZO,7.0,,,7.0,
Caja Municipal de Ahorro y Crédito,CMAC TRUJILLO,2026 - SEPTIEMBRE,7.0,,,7.0,
Caja Municipal de Ahorro y Crédito,CMCP LIMA,2012 - MARZO,,4.0,4.0,,
Caja Municipal de Ahorro y Crédito,CMCP LIMA,2012 - SEPTIEMBRE,,4.0,4.0,,
Caja Municipal de Ahorro y Crédito,CMCP LIMA,2013 - MARZO,,4.0,4.0,,
Caja Municipal de Ahorro y Crédito,CMCP LIMA,2013 - SEPTIEMBRE,,4.0,4.0,,
Caja Municipal de Ahorro y Crédito,CMCP LIMA,2014 - MARZO,,4.0,4.0,,
Caja Municipal de Ahorro y Crédito,CMCP LIMA,2014 - SEPTIEMBRE,,4.0,4.0,,
Caja Municipal de Ahorro y Crédito,CMCP LIMA,2015 - MARZO,,4.0,4.0,,
Caja Municipal de Ahorro y Crédito,CMCP LIMA,2015 - SEPTIEMBRE,,4.0,4.0,,
Caja Municipal de Ahorro y Crédito,CMCP LIMA,2016 - MARZO,,4.0,4.0,,
Caja Municipal de Ahorro y Crédito,CMCP LIMA,2016 - SEPTIEMBRE,,4.0,4.0,,
Caja Municipal de Ahorro y Crédito,CMCP LIMA,2017 - MARZO,,4.0,4.0,,
Caja Municipal de Ahorro y Crédito,CMCP LIMA,2017 - SEPTIEMBRE,,4.0,4.0,,
Caja Municipal de Ahorro y Crédito,CMCP LIMA,2018 - MARZO,,4.0,4.0,,
Caja Municipal de Ahorro y Crédito,CMCP LIMA,2018 - SEPTIEMBRE,,4.0,4.0,,
Caja Municipal de Ahorro y Crédito,CMCP LIMA,2019 - MARZO,,4.0,4.0,,
Caja Municipal de Ahorro y Crédito,CMCP LIMA,2019 - SEPTIEMBRE,,4.0,4.0,,
Caja Municipal de Ahorro y Crédito,CMCP LIMA,2020 - MARZO,,4.0,4.0,,
Caja Municipal de Ahorro y Crédito,CMCP LIMA,2020 - SEPTIEMBRE,,4.0,4.0,,
Caja Municipal de Ahorro y Crédito,CMCP LIMA,2021 - MARZO,,4.0,4.0,,
Caja Municipal de Ahorro y Crédito,CMCP LIMA,2021 - SEPTIEMBRE,,4.0,4.0,,
Caja Municipal de Ahorro y Crédito,CMCP LIMA,2022 - MARZO,,4.0,4.0,,
Caja Municipal de Ahorro y Crédito,CMCP LIMA,2022 - SEPTIEMBRE,,4.0,4.0,,
Caja Municipal de Ahorro y Crédito,CMCP LIMA,2023 - MARZO,,4.0,4.0,,
Caja Municipal de Ahorro y Crédito,CMCP LIMA,2023 - SEPTIEMBRE,,4.0,4.0,,
Caja Municipal de Ahorro y Crédito,CMCP LIMA,2024 - MARZO,,4.0,4.0,,
Caja Municipal de Ahorro y Crédito,CMCP LIMA,2024 - SEPTIEMBRE,,4.0,4.0,,
Caja Municipal de Ahorro y Crédito,CMCP LIMA,2025 - MARZO,,4.0,4.0,,
Caja Municipal de Ahorro y Crédito,CMCP LIMA,2025 - SEPTIEMBRE,,4.0,4.0,,
Caja Municipal de Ahorro y Crédito,CMCP LIMA,2026 - MARZO,,4.0,4.0,,
Caja Municipal de Ahorro y Crédito,CMCP LIMA,2026 - SEPTIEMBRE,,4.0,4.0,,
Caja Rural de Ahorro y Crédito,CRAC CENCOSUD SCOTIA,2012 - MARZO,8.0,,,8.0,
Caja Rural de Ahorro y Crédito,CRAC CENCOSUD SCOTIA,2012 - SEPTIEMBRE,8.0,,,8.0,
Caja Rural de Ahorro y Crédito,CRAC CENCOSUD SCOTIA,2013 - MARZO,8.0,,,8.0,
Caja Rural de Ahorro y Crédito,CRAC CENCOSUD SCOTIA,2013 - SEPTIEMBRE,8.0,,,8.0,
Caja Rural de Ahorro y Crédito,CRAC CENCOSUD SCOTIA,2014 - MARZO,8.0,,,8.0,
Caja Rural de Ahorro y Crédito,CRAC CENCOSUD SCOTIA,2014 - SEPTIEMBRE,8.0,,,8.0,
Caja Rural de Ahorro y Crédito,CRAC CENCOSUD SCOTIA,2015 - MARZO,8.0,,,8.0,
Caja Rural de Ahorro y Crédito,CRAC CENCOSUD SCOTIA,2015 - SEPTIEMBRE,8.0,,,8.0,
Caja Rural de Ahorro y Crédito,CRAC CENCOSUD SCOTIA,2016 - MARZO,8.0,,,8.0,
Caja Rural de Ahorro y Crédito,CRAC CENCOSUD SCOTIA,2016 - SEPTIEMBRE,8.0,,,8.0,
Caja Rural de Ahorro y Crédito,CRAC CENCOSUD SCOTIA,2017 - MARZO,8.0,,,8.0,
Caja Rural de Ahorro y Crédito,CRAC CENCOSUD SCOTIA,2017 - SEPTIEMBRE,8.0,,,8.0,
Caja Rural de Ahorro y Crédito,CRAC CENCOSUD SCOTIA,2018 - MARZO,8.0,,,8.0,
Caja Rural de Ahorro y Crédito,CRAC CENCOSUD SCOTIA,2018 - SEPTIEMBRE,8.0,,,8.0,
Caja Rural de Ahorro y Crédito,CRAC CENCOSUD SCOTIA,2019 - MARZO,8.0,,,8.0,
Caja Rural de Ahorro y Crédito,CRAC CENCOSUD SCOTIA,2019 - SEPTIEMBRE,8.0,,,8.0,
Caja Rural de Ahorro y Crédito,CRAC CENCOSUD SCOTIA,2020 - MARZO,8.0,,,8.0,
Caja Rural de Ahorro y Crédito,CRAC CENCOSUD SCOTIA,2020 - SEPTIEMBRE,8.0,,,8.0,
Caja Rural de Ahorro y Crédito,CRAC CENCOSUD SCOTIA,2021 - MARZO,8.0,,,8.0,
Caja Rural de Ahorro y Crédito,CRAC CENCOSUD SCOTIA,2021 - SEPTIEMBRE,8.0,,,8.0,
Caja Rural de Ahorro y Crédito,CRAC CENCOSUD SCOTIA,2022 - MARZO,8.0,,,8.0,
Caja Rural de Ahorro y Crédito,CRAC CENCOSUD SCOTIA,2022 - SEPTIEMBRE,8.0,,,8.0,
Caja Rural de Ahorro y Crédito,CRAC CENCOSUD SCOTIA,2023 - MARZO,8.0,,,8.0,
Caja Rural de Ahorro y Crédito,CRAC CENCOSUD SCOTIA,2023 - SEPTIEMBRE,8.0,,,8.0,
Caja Rural de Ahorro y Crédito,CRAC CENCOSUD SCOTIA,2024 - MARZO,8.0,,,8.0,
Caja Rural de Ahorro y Crédito,CRAC CENCOSUD SCOTIA,2024 - SEPTIEMBRE,8.0,,,8.0,
Caja Rural de Ahorro y Crédito,CRAC CENCOSUD SCOTIA,2025 - MARZO,8.0,,,8.0,
Caja Rural de Ahorro y Crédito,CRAC CENCOSUD SCOTIA,2025 - SEPTIEMBRE,8.0,,,8.0,
Caja Rural de Ahorro y Crédito,CRAC CENCOSUD SCOTIA,2026 - MARZO,8.0,,,8.0,
Caja Rural de Ahorro y Crédito,CRAC CENCOSUD SCOTIA,2026 - SEPTIEMBRE,8.0,,,8.0,
Caja Rural de Ahorro y Crédito,CRAC DEL CENTRO,2012 - MARZO,,1.0,,,0.0
Caja Rural de Ahorro y Crédito,CRAC DEL CENTRO,2012 - SEPTIEMBRE,,1.0,,,0.0
Caja Rural de Ahorro y Crédito,CRAC DEL CENTRO,2013 - MARZO,,1.0,,,0.0
Caja Rural de Ahorro y Crédito,CRAC DEL CENTRO,2013 - SEPTIEMBRE,,1.0,,,0.0
Caja Rural de Ahorro y Crédito,CRAC DEL CENTRO,2014 - MARZO,,1.0,,,0.0
Caja Rural de Ahorro y Crédito,CRAC DEL CENTRO,2014 - SEPTIEMBRE,,1.0,,,0.0
Caja Rural de Ahorro y Crédito,CRAC DEL CENTRO,2015 - MARZO,,1.0,,,0.0
Caja Rural de Ahorro y Crédito,CRAC DEL CENTRO,2015 - SEPTIEMBRE,,1.0,,,0.0
Caja Rural de Ahorro y Crédito,CRAC DEL CENTRO,2016 - MARZO,,1.0,,,0.0
Caja Rural de Ahorro y Crédito,CRAC DEL CENTRO,2016 - SEPTIEMBRE,,1.0,,,0.0
Caja Rural de Ahorro y Crédito,CRAC DEL CENTRO,2017 - MARZO,,1.0,,,0.0
Caja Rural de Ahorro y Crédito,CRAC DEL CENTRO,2017 - SEPTIEMBRE,,1.0,,,0.0
Caja Rural de Ahorro y Crédito,CRAC DEL CENTRO,2018 - MARZO,,1.0,,,0.0
Caja Rural de Ahorro y Crédito,CRAC DEL CENTRO,2018 - SEPTIEMBRE,,1.0,,,0.0
Caja Rural de Ahorro y Crédito,CRAC DEL CENTRO,2019 - MARZO,,1.0,,,0.0
Caja Rural de Ahorro y Crédito,CRAC DEL CENTRO,2019 - SEPTIEMBRE,,1.0,,,0.0
Caja Rural de Ahorro y Crédito,CRAC DEL CENTRO,2020 - MARZO,,1.0,,,0.0
Caja Rural de Ahorro y Crédito,CRAC DEL CENTRO,2020 - SEPTIEMBRE,,1.0,,,0.0
Caja Rural de Ahorro y Crédito,CRAC DEL CENTRO,2021 - MARZO,,1.0,,,0.0
Caja Rural de Ahorro y Crédito,CRAC DEL CENTRO,2021 - SEPTIEMBRE,,1.0,,,0.0
Caja Rural de Ahorro y Crédito,CRAC DEL CENTRO,2022 - MARZO,,1.0,,,0.0
Caja Rural de Ahorro y Crédito,CRAC DEL CENTRO,2022 - SEPTIEMBRE,,1.0,,,0.0
Caja Rural de Ahorro y Crédito,CRAC DEL CENTRO,2023 - MARZO,,1.0,,,0.0
Caja Rural de Ahorro y Crédito,CRAC DEL CENTRO,2023 - SEPTIEMBRE,,1.0,,,0.0
Caja Rural de Ahorro y Crédito,CRAC DEL CENTRO,2024 - MARZO,,1.0,,,0.0
Caja Rural de Ahorro y Crédito,CRAC DEL CENTRO,2024 - SEPTIEMBRE,,1.0,,,0.0
Caja Rural de Ahorro y Crédito,CRAC DEL CENTRO,2025 - MARZO,,1.0,,,0.0
Caja Rural de Ahorro y Crédito,CRAC DEL CENTRO,2025 - SEPTIEMBRE,,1.0,,,0.0
Caja Rural de Ahorro y Crédito,CRAC DEL CENTRO,2026 - MARZO,,1.0,,,0.0
Caja Rural de Ahorro y Crédito,CRAC DEL CENTRO,2026 - SEPTIEMBRE,,1.0,,,0.0
Caja Rural de Ahorro y Crédito,CRAC INCASUR,2012 - MARZO,2.0,,,2.0,
Caja Rural de Ahorro y Crédito,CRAC INCASUR,2012 - SEPTIEMBRE,2.0,,,2.0,
Caja Rural de Ahorro y Crédito,CRAC INCASUR,2013 - MARZO,2.0,,,2.0,
Caja Rural de Ahorro y Crédito,CRAC INCASUR,2013 - SEPTIEMBRE,2.0,,,2.0,
Caja Rural de Ahorro y Crédito,CRAC INCASUR,2014 - MARZO,2.0,,,2.0,
Caja Rural de Ahorro y Crédito,CRAC INCASUR,2014 - SEPTIEMBRE,2.0,,,2.0,
Caja Rural de Ahorro y Crédito,CRAC INCASUR,2015 - MARZO,2.0,,,2.0,
Caja Rural de Ahorro y Crédito,CRAC INCASUR,2015 - SEPTIEMBRE,2.0,,,2.0,
Caja Rural de Ahorro y Crédito,CRAC INCASUR,2016 - MARZO,2.0,,,2.0,
Caja Rural de Ahorro y Crédito,CRAC INCASUR,2016 - SEPTIEMBRE,2.0,,,2.0,
Caja Rural de Ahorro y Crédito,CRAC INCASUR,2017 - MARZO,2.0,,,2.0,
Caja Rural de Ahorro y Crédito,CRAC INCASUR,2017 - SEPTIEMBRE,2.0,,,2.0,
Caja Rural de Ahorro y Crédito,CRAC INCASUR,2018 - MARZO,2.0,,,2.0,
Caja Rural de Ahorro y Crédito,CRAC INCASUR,2018 - SEPTIEMBRE,2.0,,,2.0,
Caja Rural de Ahorro y Crédito,CRAC INCASUR,2019 - MARZO,2.0,,,2.0,
Caja Rural de Ahorro y Crédito,CRAC INCASUR,2019 - SEPTIEMBRE,2.0,,,2.0,
Caja Rural de Ahorro y Crédito,CRAC INCASUR,2020 - MARZO,2.0,,,2.0,
Caja Rural de Ahorro y Crédito,CRAC INCASUR,2020 - SEPTIEMBRE,2.0,,,2.0,
Caja Rural de Ahorro y Crédito,CRAC INCASUR,2021 - MARZO,2.0,,,2.0,
Caja Rural de Ahorro y Crédito,CRAC INCASUR,2021 - SEPTIEMBRE,2.0,,,2.0,
Caja Rural de Ahorro y Crédito,CRAC INCASUR,2022 - MARZO,2.0,,,2.0,
Caja Rural de Ahorro y Crédito,CRAC INCASUR,2022 - SEPTIEMBRE,2.0,,,2.0,
Caja Rural de Ahorro y Crédito,CRAC INCASUR,2023 - MARZO,2.0,,,2.0,
Caja Rural de Ahorro y Crédito,CRAC INCASUR,2023 - SEPTIEMBRE,2.0,,,2.0,
Caja Rural de Ahorro y Crédito,CRAC INCASUR,2024 - MARZO,2.0,,,2.0,
Caja Rural de Ahorro y Crédito,CRAC INCASUR,2024 - SEPTIEMBRE,2.0,,,2.0,
Caja Rural de Ahorro y Crédito,CRAC INCASUR,2025 - MARZO,2.0,,,2.0,
Caja Rural de Ahorro y Crédito,CRAC INCASUR,2025 - SEPTIEMBRE,2.0,,,2.0,
Caja Rural de Ahorro y Crédito,CRAC INCASUR,2026 - MARZO,2.0,,,2.0,
Caja Rural de Ahorro y Crédito,CRAC INCASUR,2026 - SEPTIEMBRE,2.0,,,2.0,
Caja Rural de Ahorro y Crédito,CRAC LOS ANDES,2012 - MARZO,,5.0,4.0,,
Caja Rural de Ahorro y Crédito,CRAC LOS ANDES,2012 - SEPTIEMBRE,,5.0,4.0,,
Caja Rural de Ahorro y Crédito,CRAC LOS ANDES,2013 - MARZO,,5.0,4.0,,
Caja Rural de Ahorro y Crédito,CRAC LOS ANDES,2013 - SEPTIEMBRE,,5.0,4.0,,
Caja Rural de Ahorro y Crédito,CRAC LOS ANDES,2014 - MARZO,,5.0,4.0,,
Caja Rural de Ahorro y Crédito,CRAC LOS ANDES,2014 - SEPTIEMBRE,,5.0,4.0,,
Caja Rural de Ahorro y Crédito,CRAC LOS ANDES,2015 - MARZO,,5.0,4.0,,
Caja Rural de Ahorro y Crédito,CRAC LOS ANDES,2015 - SEPTIEMBRE,,5.0,4.0,,
Caja Rural de Ahorro y Crédito,CRAC LOS ANDES,2016 - MARZO,,5.0,4.0,,
Caja Rural de Ahorro y Crédito,CRAC LOS ANDES,2016 - SEPTIEMBRE,,5.0,4.0,,
Caja Rural de Ahorro y Crédito,CRAC LOS ANDES,2017 - MARZO,,5.0,4.0,,
Caja Rural de Ahorro y Crédito,CRAC LOS ANDES,2017 - SEPTIEMBRE,,5.0,4.0,,
Caja Rural de Ahorro y Crédito,CRAC LOS ANDES,2018 - MARZO,,5.0,4.0,,
Caja Rural de Ahorro y Crédito,CRAC LOS ANDES,2018 - SEPTIEMBRE,,5.0,4.0,,
Caja Rural de Ahorro y Crédito,CRAC LOS ANDES,2019 - MARZO,,5.0,4.0,,
Caja Rural de Ahorro y Crédito,CRAC LOS ANDES,2019 - SEPTIEMBRE,,5.0,4.0,,
Caja Rural de Ahorro y Crédito,CRAC LOS ANDES,2020 - MARZO,,5.0,4.0,,
Caja Rural de Ahorro y Crédito,CRAC LOS ANDES,2020 - SEPTIEMBRE,,5.0,4.0,,
Caja Rural de Ahorro y Crédito,CRAC LOS ANDES,2021 - MARZO,,5.0,4.0,,
Caja Rural de Ahorro y Crédito,CRAC LOS ANDES,2021 - SEPTIEMBRE,,5.0,4.0,,
Caja Rural de Ahorro y Crédito,CRAC LOS ANDES,2022 - MARZO,,5.0,4.0,,
Caja Rural de Ahorro y Crédito,CRAC LOS ANDES,2022 - SEPTIEMBRE,,5.0,4.0,,
Caja Rural de Ahorro y Crédito,CRAC LOS ANDES,2023 - MARZO,,5.0,4.0,,
Caja Rural de Ahorro y Crédito,CRAC LOS ANDES,2023 - SEPTIEMBRE,,5.0,4.0,,
Caja Rural de Ahorro y Crédito,CRAC LOS ANDES,2024 - MARZO,,5.0,4.0,,
Caja Rural de Ahorro y Crédito,CRAC LOS ANDES,2024 - SEPTIEMBRE,,5.0,4.0,,
Caja Rural de Ahorro y Crédito,CRAC LOS ANDES,2025 - MARZO,,5.0,4.0,,
Caja Rural de Ahorro y Crédito,CRAC LOS ANDES,2025 - SEPTIEMBRE,,5.0,4.0,,
Caja Rural de Ahorro y Crédito,CRAC LOS ANDES,2026 - MARZO,,5.0,4.0,,
Caja Rural de Ahorro y Crédito,CRAC LOS ANDES,2026 - SEPTIEMBRE,,5.0,4.0,,
Caja Rural de Ahorro y Crédito,CRAC PRYMERA,2012 - MARZO,3.0,3.0,,,
Caja Rural de Ahorro y Crédito,CRAC PRYMERA,2012 - SEPTIEMBRE,3.0,3.0,,,
Caja Rural de Ahorro y Crédito,CRAC PRYMERA,2013 - MARZO,3.0,3.0,,,
Caja Rural de Ahorro y Crédito,CRAC PRYMERA,2013 - SEPTIEMBRE,3.0,3.0,,,
Caja Rural de Ahorro y Crédito,CRAC PRYMERA,2014 - MARZO,3.0,3.0,,,
Caja Rural de Ahorro y Crédito,CRAC PRYMERA,2014 - SEPTIEMBRE,3.0,3.0,,,
Caja Rural de Ahorro y Crédito,CRAC PRYMERA,2015 - MARZO,3.0,3.0,,,
Caja Rural de Ahorro y Crédito,CRAC PRYMERA,2015 - SEPTIEMBRE,3.0,3.0,,,
Caja Rural de Ahorro y Crédito,CRAC PRYMERA,2016 - MARZO,3.0,3.0,,,
Caja Rural de Ahorro y Crédito,CRAC PRYMERA,2016 - SEPTIEMBRE,3.0,3.0,,,
Caja Rural de Ahorro y Crédito,CRAC PRYMERA,2017 - MARZO,3.0,3.0,,,
Caja Rural de Ahorro y Crédito,CRAC PRYMERA,2017 - SEPTIEMBRE,3.0,3.0,,,
Caja Rural de Ahorro y Crédito,CRAC PRYMERA,2018 - MARZO,3.0,3.0,,,
Caja Rural de Ahorro y Crédito,CRAC PRYMERA,2018 - SEPTIEMBRE,3.0,3.0,,,
Caja Rural de Ahorro y Crédito,CRAC PRYMERA,2019 - MARZO,3.0,3.0,,,
Caja Rural de Ahorro y Crédito,CRAC PRYMERA,2019 - SEPTIEMBRE,3.0,3.0,,,
Caja Rural de Ahorro y Crédito,CRAC PRYMERA,2020 - MARZO,3.0,3.0,,,
Caja Rural de Ahorro y Crédito,CRAC PRYMERA,2020 - SEPTIEMBRE,3.0,3.0,,,
Caja Rural de Ahorro y Crédito,CRAC PRYMERA,2021 - MARZO,3.0,3.0,,,
Caja Rural de Ahorro y Crédito,CRAC PRYMERA,2021 - SEPTIEMBRE,3.0,3.0,,,
Caja Rural de Ahorro y Crédito,CRAC PRYMERA,2022 - MARZO,3.0,3.0,,,
Caja Rural de Ahorro y Crédito,CRAC PRYMERA,2022 - SEPTIEMBRE,3.0,3.0,,,
Caja Rural de Ahorro y Crédito,CRAC PRYMERA,2023 - MARZO,3.0,3.0,,,
Caja Rural de Ahorro y Crédito,CRAC PRYMERA,2023 - SEPTIEMBRE,3.0,3.0,,,
Caja Rural de Ahorro y Crédito,CRAC PRYMERA,2024 - MARZO,3.0,3.0,,,
Caja Rural de Ahorro y Crédito,CRAC PRYMERA,2024 - SEPTIEMBRE,3.0,3.0,,,
Caja Rural de Ahorro y Crédito,CRAC PRYMERA,2025 - MARZO,3.0,3.0,,,
Caja Rural de Ahorro y Crédito,CRAC PRYMERA,2025 - SEPTIEMBRE,3.0,3.0,,,
Caja Rural de Ahorro y Crédito,CRAC PRYMERA,2026 - MARZO,3.0,3.0,,,
Caja Rural de Ahorro y Crédito,CRAC PRYMERA,2026 - SEPTIEMBRE,3.0,3.0,,,
Cooperativa de Ahorro y Crédito - Nivel 2 A,SAN MIGUEL LTDA,2012 - MARZO,,3.0,,,
Cooperativa de Ahorro y Crédito - Nivel 2 A,SAN MIGUEL LTDA,2012 - SEPTIEMBRE,,3.0,,,
Cooperativa de Ahorro y Crédito - Nivel 2 A,SAN MIGUEL LTDA,2013 - MARZO,,3.0,,,
Cooperativa de Ahorro y Crédito - Nivel 2 A,SAN MIGUEL LTDA,2013 - SEPTIEMBRE,,3.0,,,
Cooperativa de Ahorro y Crédito - Nivel 2 A,SAN MIGUEL LTDA,2014 - MARZO,,3.0,,,
Cooperativa de Ahorro y Crédito - Nivel 2 A,SAN MIGUEL LTDA,2014 - SEPTIEMBRE,,3.0,,,
Cooperativa de Ahorro y Crédito - Nivel 2 A,SAN MIGUEL LTDA,2015 - MARZO,,3.0,,,
Cooperativa de Ahorro y Crédito - Nivel 2 A,SAN MIGUEL LTDA,2015 - SEPTIEMBRE,,3.0,,,
Cooperativa de Ahorro y Crédito - Nivel 2 A,SAN MIGUEL LTDA,2016 - MARZO,,3.0,,,
Cooperativa de Ahorro y Crédito - Nivel 2 A,SAN MIGUEL LTDA,2016 - SEPTIEMBRE,,3.0,,,
Cooperativa de Ahorro y Crédito - Nivel 2 A,SAN MIGUEL LTDA,2017 - MARZO,,3.0,,,
Cooperativa de Ahorro y Crédito - Nivel 2 A,SAN MIGUEL LTDA,2017 - SEPTIEMBRE,,3.0,,,
Cooperativa de Ahorro y Crédito - Nivel 2 A,SAN MIGUEL LTDA,2018 - MARZO,,3.0,,,
Cooperativa de Ahorro y Crédito - Nivel 2 A,SAN MIGUEL LTDA,2018 - SEPTIEMBRE,,3.0,,,
Cooperativa de Ahorro y Crédito - Nivel 2 A,SAN MIGUEL LTDA,2019 - MARZO,,3.0,,,
Cooperativa de Ahorro y Crédito - Nivel 2 A,SAN MIGUEL LTDA,2019 - SEPTIEMBRE,,3.0,,,
Cooperativa de Ahorro y Crédito - Nivel 2 A,SAN MIGUEL LTDA,2020 - MARZO,,3.0,,,
Cooperativa de Ahorro y Crédito - Nivel 2 A,SAN MIGUEL LTDA,2020 - SEPTIEMBRE,,3.0,,,
Cooperativa de Ahorro y Crédito - Nivel 2 A,SAN MIGUEL LTDA,2021 - MARZO,,3.0,,,
Cooperativa de Ahorro y Crédito - Nivel 2 A,SAN MIGUEL LTDA,2021 - SEPTIEMBRE,,3.0,,,
Cooperativa de Ahorro y Crédito - Nivel 2 A,SAN MIGUEL LTDA,2022 - MARZO,,3.0,,,
Cooperativa de Ahorro y Crédito - Nivel 2 A,SAN MIGUEL LTDA,2022 - SEPTIEMBRE,,3.0,,,
Cooperativa de Ahorro y Crédito - Nivel 2 A,SAN MIGUEL LTDA,2023 - MARZO,,3.0,,,
Cooperativa de Ahorro y Crédito - Nivel 2 A,SAN MIGUEL LTDA,2023 - SEPTIEMBRE,,3.0,,,
Cooperativa de Ahorro y Crédito - Nivel 2 A,SAN MIGUEL LTDA,2024 - MARZO,,3.0,,,
Cooperativa de Ahorro y Crédito - Nivel 2 A,SAN MIGUEL LTDA,2024 - SEPTIEMBRE,,3.0,,,
Cooperativa de Ahorro y Crédito - Nivel 2 A,SAN MIGUEL LTDA,2025 - MARZO,,3.0,,,
Cooperativa de Ahorro y Crédito - Nivel 2 A,SAN MIGUEL LTDA,2025 - SEPTIEMBRE,,3.0,,,
Cooperativa de Ahorro y Crédito - Nivel 2 A,SAN MIGUEL LTDA,2026 - MARZO,,3.0,,,
Cooperativa de Ahorro y Crédito - Nivel 2 A,SAN MIGUEL LTDA,2026 - SEPTIEMBRE,,3.0,,,
Cooperativa de Ahorro y Crédito - Nivel 2 A,STA ISABEL PERUNORTE,2012 - MARZO,,,3.0,,
Cooperativa de Ahorro y Crédito - Nivel 2 A,STA ISABEL PERUNORTE,2012 - SEPTIEMBRE,,,3.0,,
Cooperativa de Ahorro y Crédito - Nivel 2 A,STA ISABEL PERUNORTE,2013 - MARZO,,,3.0,,
Cooperativa de Ahorro y Crédito - Nivel 2 A,STA ISABEL PERUNORTE,2013 - SEPTIEMBRE,,,3.0,,
Cooperativa de Ahorro y Crédito - Nivel 2 A,STA ISABEL PERUNORTE,2014 - MARZO,,,3.0,,
Cooperativa de Ahorro y Crédito - Nivel 2 A,STA ISABEL PERUNORTE,2014 - SEPTIEMBRE,,,3.0,,
Cooperativa de Ahorro y Crédito - Nivel 2 A,STA ISABEL PERUNORTE,2015 - MARZO,,,3.0,,
Cooperativa de Ahorro y Crédito - Nivel 2 A,STA ISABEL PERUNORTE,2015 - SEPTIEMBRE,,,3.0,,
Cooperativa de Ahorro y Crédito - Nivel 2 A,STA ISABEL PERUNORTE,2016 - MARZO,,,3.0,,
Cooperativa de Ahorro y Crédito - Nivel 2 A,STA ISABEL PERUNORTE,2016 - SEPTIEMBRE,,,3.0,,
Cooperativa de Ahorro y Crédito - Nivel 2 A,STA ISABEL PERUNORTE,2017 - MARZO,,,3.0,,
Cooperativa de Ahorro y Crédito - Nivel 2 A,STA ISABEL PERUNORTE,2017 - SEPTIEMBRE,,,3.0,,
Cooperativa de Ahorro y Crédito - Nivel 2 A,STA ISABEL PERUNORTE,2018 - MARZO,,,3.0,,
Cooperativa de Ahorro y Crédito - Nivel 2 A,STA ISABEL PERUNORTE,2018 - SEPTIEMBRE,,,3.0,,
Cooperativa de Ahorro y Crédito - Nivel 2 A,STA ISABEL PERUNORTE,2019 - MARZO,,,3.0,,
Cooperativa de Ahorro y Crédito - Nivel 2 A,STA ISABEL PERUNORTE,2019 - SEPTIEMBRE,,,3.0,,
Cooperativa de Ahorro y Crédito - Nivel 2 A,STA ISABEL PERUNORTE,2020 - MARZO,,,3.0,,
Cooperativa de Ahorro y Crédito - Nivel 2 A,STA ISABEL PERUNORTE,2020 - SEPTIEMBRE,,,3.0,,
Cooperativa de Ahorro y Crédito - Nivel 2 A,STA ISABEL PERUNORTE,2021 - MARZO,,,3.0,,
Cooperativa de Ahorro y Crédito - Nivel 2 A,STA ISABEL PERUNORTE,2021 - SEPTIEMBRE,,,3.0,,
Cooperativa de Ahorro y Crédito - Nivel 2 A,STA ISABEL PERUNORTE,2022 - MARZO,,,3.0,,
Cooperativa de Ahorro y Crédito - Nivel 2 A,STA ISABEL PERUNORTE,2022 - SEPTIEMBRE,,,3.0,,
Cooperativa de Ahorro y Crédito - Nivel 2 A,STA ISABEL PERUNORTE,2023 - MARZO,,,3.0,,
Cooperativa de Ahorro y Crédito - Nivel 2 A,STA ISABEL PERUNORTE,2023 - SEPTIEMBRE,,,3.0,,
Cooperativa de Ahorro y Crédito - Nivel 2 A,STA ISABEL PERUNORTE,2024 - MARZO,,,3.0,,
Cooperativa de Ahorro y Crédito - Nivel 2 A,STA ISABEL PERUNORTE,2024 - SEPTIEMBRE,,,3.0,,
Cooperativa de Ahorro y Crédito - Nivel 2 A,STA ISABEL PERUNORTE,2025 - MARZO,,,3.0,,
Cooperativa de Ahorro y Crédito - Nivel 2 A,STA ISABEL PERUNORTE,2025 - SEPTIEMBRE,,,3.0,,
Cooperativa de Ahorro y Crédito - Nivel 2 A,STA ISABEL PERUNORTE,2026 - MARZO,,,3.0,,
Cooperativa de Ahorro y Crédito - Nivel 2 A,STA ISABEL PERUNORTE,2026 - SEPTIEMBRE,,,3.0,,
Cooperativa de Ahorro y Crédito - Nivel 2 B,EFIDE,2012 - MARZO,,6.0,,,
Cooperativa de Ahorro y Crédito - Nivel 2 B,EFIDE,2012 - SEPTIEMBRE,,6.0,,,
Cooperativa de Ahorro y Crédito - Nivel 2 B,EFIDE,2013 - MARZO,,6.0,,,
Cooperativa de Ahorro y Crédito - Nivel 2 B,EFIDE,2013 - SEPTIEMBRE,,6.0,,,
Cooperativa de Ahorro y Crédito - Nivel 2 B,EFIDE,2014 - MARZO,,6.0,,,
Cooperativa de Ahorro y Crédito - Nivel 2 B,EFIDE,2014 - SEPTIEMBRE,,6.0,,,
Cooperativa de Ahorro y Crédito - Nivel 2 B,EFIDE,2015 - MARZO,,6.0,,,
Cooperativa de Ahorro y Crédito - Nivel 2 B,EFIDE,2015 - SEPTIEMBRE,,6.0,,,
Cooperativa de Ahorro y Crédito - Nivel 2 B,EFIDE,2016 - MARZO,,6.0,,,
Cooperativa de Ahorro y Crédito - Nivel 2 B,EFIDE,2016 - SEPTIEMBRE,,6.0,,,
Cooperativa de Ahorro y Crédito - Nivel 2 B,EFIDE,2017 - MARZO,,6.0,,,
Cooperativa de Ahorro y Crédito - Nivel 2 B,EFIDE,2017 - SEPTIEMBRE,,6.0,,,
Cooperativa de Ahorro y Crédito - Nivel 2 B,EFIDE,2018 - MARZO,,6.0,,,
Cooperativa de Ahorro y Crédito - Nivel 2 B,EFIDE,2018 - SEPTIEMBRE,,6.0,,,
Cooperativa de Ahorro y Crédito - Nivel 2 B,EFIDE,2019 - MARZO,,6.0,,,
Cooperativa de Ahorro y Crédito - Nivel 2 B,EFIDE,2019 - SEPTIEMBRE,,6.0,,,
Cooperativa de Ahorro y Crédito - Nivel 2 B,EFIDE,2020 - MARZO,,6.0,,,
Cooperativa de Ahorro y Crédito - Nivel 2 B,EFIDE,2020 - SEPTIEMBRE,,6.0,,,
Cooperativa de Ahorro y Crédito - Nivel 2 B,EFIDE,2021 - MARZO,,6.0,,,
Cooperativa de Ahorro y Crédito - Nivel 2 B,EFIDE,2021 - SEPTIEMBRE,,6.0,,,
Cooperativa de Ahorro y Crédito - Nivel 2 B,EFIDE,2022 - MARZO,,6.0,,,
Cooperativa de Ahorro y Crédito - Nivel 2 B,EFIDE,2022 - SEPTIEMBRE,,6.0,,,
Cooperativa de Ahorro y Crédito - Nivel 2 B,EFIDE,2023 - MARZO,,6.0,,,
Cooperativa de Ahorro y Crédito - Nivel 2 B,EFIDE,2023 - SEPTIEMBRE,,6.0,,,
Cooperativa de Ahorro y Crédito - Nivel 2 B,EFIDE,2024 - MARZO,,6.0,,,
Cooperativa de Ahorro y Crédito - Nivel 2 B,EFIDE,2024 - SEPTIEMBRE,,6.0,,,
Cooperativa de Ahorro y Crédito - Nivel 2 B,EFIDE,2025 - MARZO,,6.0,,,
Cooperativa de Ahorro y Crédito - Nivel 2 B,EFIDE,2025 - SEPTIEMBRE,,6.0,,,
Cooperativa de Ahorro y Crédito - Nivel 2 B,EFIDE,2026 - MARZO,,6.0,,,
Cooperativa de Ahorro y Crédito - Nivel 2 B,EFIDE,2026 - SEPTIEMBRE,,6.0,,,
Cooperativa de Ahorro y Crédito - Nivel 2 B,KORI,2012 - MARZO,,,4.0,,
Cooperativa de Ahorro y Crédito - Nivel 2 B,KORI,2012 - SEPTIEMBRE,,,4.0,,
Cooperativa de Ahorro y Crédito - Nivel 2 B,KORI,2013 - MARZO,,,4.0,,
Cooperativa de Ahorro y Crédito - Nivel 2 B,KORI,2013 - SEPTIEMBRE,,,4.0,,
Cooperativa de Ahorro y Crédito - Nivel 2 B,KORI,2014 - MARZO,,,4.0,,
Cooperativa de Ahorro y Crédito - Nivel 2 B,KORI,2014 - SEPTIEMBRE,,,4.0,,
Cooperativa de Ahorro y Crédito - Nivel 2 B,KORI,2015 - MARZO,,,4.0,,
Cooperativa de Ahorro y Crédito - Nivel 2 B,KORI,2015 - SEPTIEMBRE,,,4.0,,
Cooperativa de Ahorro y Crédito - Nivel 2 B,KORI,2016 - MARZO,,,4.0,,
Cooperativa de Ahorro y Crédito - Nivel 2 B,KORI,2016 - SEPTIEMBRE,,,4.0,,
Cooperativa de Ahorro y Crédito - Nivel 2 B,KORI,2017 - MARZO,,,4.0,,
Cooperativa de Ahorro y Crédito - Nivel 2 B,KORI,2017 - SEPTIEMBRE,,,4.0,,
Cooperativa de Ahorro y Crédito - Nivel 2 B,KORI,2018 - MARZO,,,4.0,,
Cooperativa de Ahorro y Crédito - Nivel 2 B,KORI,2018 - SEPTIEMBRE,,,4.0,,
Cooperativa de Ahorro y Crédito - Nivel 2 B,KORI,2019 - MARZO,,,4.0,,
Cooperativa de Ahorro y Crédito - Nivel 2 B,KORI,2019 - SEPTIEMBRE,,,4.0,,
Cooperativa de Ahorro y Crédito - Nivel 2 B,KORI,2020 - MARZO,,,4.0,,
Cooperativa de Ahorro y Crédito - Nivel 2 B,KORI,2020 - SEPTIEMBRE,,,4.0,,
Cooperativa de Ahorro y Crédito - Nivel 2 B,KORI,2021 - MARZO,,,4.0,,
Cooperativa de Ahorro y Crédito - Nivel 2 B,KORI,2021 - SEPTIEMBRE,,,4.0,,
Cooperativa de Ahorro y Crédito - Nivel 2 B,KORI,2022 - MARZO,,,4.0,,
Cooperativa de Ahorro y Crédito - Nivel 2 B,KORI,2022 - SEPTIEMBRE,,,4.0,,
Cooperativa de Ahorro y Crédito - Nivel 2 B,KORI,2023 - MARZO,,,4.0,,
Cooperativa de Ahorro y Crédito - Nivel 2 B,KORI,2023 - SEPTIEMBRE,,,4.0,,
Cooperativa de Ahorro y Crédito - Nivel 2 B,KORI,2024 - MARZO,,,4.0,,
Cooperativa de Ahorro y Crédito - Nivel 2 B,KORI,2024 - SEPTIEMBRE,,,4.0,,
Cooperativa de Ahorro y Crédito - Nivel 2 B,KORI,2025 - MARZO,,,4.0,,
Cooperativa de Ahorro y Crédito - Nivel 2 B,KORI,2025 - SEPTIEMBRE,,,4.0,,
Cooperativa de Ahorro y Crédito - Nivel 2 B,KORI,2026 - MARZO,,,4.0,,
Cooperativa de Ahorro y Crédito - Nivel 2 B,KORI,2026 - SEPTIEMBRE,,,4.0,,
Cooperativa de Ahorro y Crédito - Nivel 2 B,SAN ISIDRO,2012 - MARZO,,4.0,,,
Cooperativa de Ahorro y Crédito - Nivel 2 B,SAN ISIDRO,2012 - SEPTIEMBRE,,4.0,,,
Cooperativa de Ahorro y Crédito - Nivel 2 B,SAN ISIDRO,2013 - MARZO,,4.0,,,
Cooperativa de Ahorro y Crédito - Nivel 2 B,SAN ISIDRO,2013 - SEPTIEMBRE,,4.0,,,
Cooperativa de Ahorro y Crédito - Nivel 2 B,SAN ISIDRO,2014 - MARZO,,4.0,,,
Cooperativa de Ahorro y Crédito - Nivel 2 B,SAN ISIDRO,2014 - SEPTIEMBRE,,4.0,,,
Cooperativa de Ahorro y Crédito - Nivel 2 B,SAN ISIDRO,2015 - MARZO,,4.0,,,
Cooperativa de Ahorro y Crédito - Nivel 2 B,SAN ISIDRO,2015 - SEPTIEMBRE,,4.0,,,
Cooperativa de Ahorro y Crédito - Nivel 2 B,SAN ISIDRO,2016 - MARZO,,4.0,,,
Cooperativa de Ahorro y Crédito - Nivel 2 B,SAN ISIDRO,2016 - SEPTIEMBRE,,4.0,,,
Cooperativa de Ahorro y Crédito - Nivel 2 B,SAN ISIDRO,2017 - MARZO,,4.0,,,
Cooperativa de Ahorro y Crédito - Nivel 2 B,SAN ISIDRO,2017 - SEPTIEMBRE,,4.0,,,
Cooperativa de Ahorro y Crédito - Nivel 2 B,SAN ISIDRO,2018 - MARZO,,4.0,,,
Cooperativa de Ahorro y Crédito - Nivel 2 B,SAN ISIDRO,2018 - SEPTIEMBRE,,4.0,,,
Cooperativa de Ahorro y Crédito - Nivel 2 B,SAN ISIDRO,2019 - MARZO,,4.0,,,
Cooperativa de Ahorro y Crédito - Nivel 2 B,SAN ISIDRO,2019 - SEPTIEMBRE,,4.0,,,
Cooperativa de Ahorro y Crédito - Nivel 2 B,SAN ISIDRO,2020 - MARZO,,4.0,,,
Cooperativa de Ahorro y Crédito - Nivel 2 B,SAN ISIDRO,2020 - SEPTIEMBRE,,4.0,,,
Cooperativa de Ahorro y Crédito - Nivel 2 B,SAN ISIDRO,2021 - MARZO,,4.0,,,
Cooperativa de Ahorro y Crédito - Nivel 2 B,SAN ISIDRO,2021 - SEPTIEMBRE,,4.0,,,
Cooperativa de Ahorro y Crédito - Nivel 2 B,SAN ISIDRO,2022 - MARZO,,4.0,,,
Cooperativa de Ahorro y Crédito - Nivel 2 B,SAN ISIDRO,2022 - SEPTIEMBRE,,4.0,,,
Cooperativa de Ahorro y Crédito - Nivel 2 B,SAN ISIDRO,2023 - MARZO,,4.0,,,
Cooperativa de Ahorro y Crédito - Nivel 2 B,SAN ISIDRO,2023 - SEPTIEMBRE,,4.0,,,
Cooperativa de Ahorro y Crédito - Nivel 2 B,SAN ISIDRO,2024 - MARZO,,4.0,,,
Cooperativa de Ahorro y Crédito - Nivel 2 B,SAN ISIDRO,2024 - SEPTIEMBRE,,4.0,,,
Cooperativa de Ahorro y Crédito - Nivel 2 B,SAN ISIDRO,2025 - MARZO,,4.0,,,
Cooperativa de Ahorro y Crédito - Nivel 2 B,SAN ISIDRO,2025 - SEPTIEMBRE,,4.0,,,
Cooperativa de Ahorro y Crédito - Nivel 2 B,SAN ISIDRO,2026 - MARZO,,4.0,,,
Cooperativa de Ahorro y Crédito - Nivel 2 B,SAN ISIDRO,2026 - SEPTIEMBRE,,4.0,,,
Cooperativa de Ahorro y Crédito - Nivel 3,CENTRAL  SOLIDEZ,2012 - MARZO,,2.0,,,
Cooperativa de Ahorro y Crédito - Nivel 3,CENTRAL  SOLIDEZ,2012 - SEPTIEMBRE,,2.0,,,
Cooperativa de Ahorro y Crédito - Nivel 3,CENTRAL  SOLIDEZ,2013 - MARZO,,2.0,,,
Cooperativa de Ahorro y Crédito - Nivel 3,CENTRAL  SOLIDEZ,2013 - SEPTIEMBRE,,2.0,,,
Cooperativa de Ahorro y Crédito - Nivel 3,CENTRAL  SOLIDEZ,2014 - MARZO,,2.0,,,
Cooperativa de Ahorro y Crédito - Nivel 3,CENTRAL  SOLIDEZ,2014 - SEPTIEMBRE,,2.0,,,
Cooperativa de Ahorro y Crédito - Nivel 3,CENTRAL  SOLIDEZ,2015 - MARZO,,2.0,,,
Cooperativa de Ahorro y Crédito - Nivel 3,CENTRAL  SOLIDEZ,2015 - SEPTIEMBRE,,2.0,,,
Cooperativa de Ahorro y Crédito - Nivel 3,CENTRAL  SOLIDEZ,2016 - MARZO,,2.0,,,
Cooperativa de Ahorro y Crédito - Nivel 3,CENTRAL  SOLIDEZ,2016 - SEPTIEMBRE,,2.0,,,
Cooperativa de Ahorro y Crédito - Nivel 3,CENTRAL  SOLIDEZ,2017 - MARZO,,2.0,,,
Cooperativa de Ahorro y Crédito - Nivel 3,CENTRAL  SOLIDEZ,2017 - SEPTIEMBRE,,2.0,,,
Cooperativa de Ahorro y Crédito - Nivel 3,CENTRAL  SOLIDEZ,2018 - MARZO,,2.0,,,
Cooperativa de Ahorro y Crédito - Nivel 3,CENTRAL  SOLIDEZ,2018 - SEPTIEMBRE,,2.0,,,
Cooperativa de Ahorro y Crédito - Nivel 3,CENTRAL  SOLIDEZ,2019 - MARZO,,2.0,,,
Cooperativa de Ahorro y Crédito - Nivel 3,CENTRAL  SOLIDEZ,2019 - SEPTIEMBRE,,2.0,,,
Cooperativa de Ahorro y Crédito - Nivel 3,CENTRAL  SOLIDEZ,2020 - MARZO,,2.0,,,
Cooperativa de Ahorro y Crédito - Nivel 3,CENTRAL  SOLIDEZ,2020 - SEPTIEMBRE,,2.0,,,
Cooperativa de Ahorro y Crédito - Nivel 3,CENTRAL  SOLIDEZ,2021 - MARZO,,2.0,,,
Cooperativa de Ahorro y Crédito - Nivel 3,CENTRAL  SOLIDEZ,2021 - SEPTIEMBRE,,2.0,,,
Cooperativa de Ahorro y Crédito - Nivel 3,CENTRAL  SOLIDEZ,2022 - MARZO,,2.0,,,
Cooperativa de Ahorro y Crédito - Nivel 3,CENTRAL  SOLIDEZ,2022 - SEPTIEMBRE,,2.0,,,
Cooperativa de Ahorro y Crédito - Nivel 3,CENTRAL  SOLIDEZ,2023 - MARZO,,2.0,,,
Cooperativa de Ahorro y Crédito - Nivel 3,CENTRAL  SOLIDEZ,2023 - SEPTIEMBRE,,2.0,,,
Cooperativa de Ahorro y Crédito - Nivel 3,CENTRAL  SOLIDEZ,2024 - MARZO,,2.0,,,
Cooperativa de Ahorro y Crédito - Nivel 3,CENTRAL  SOLIDEZ,2024 - SEPTIEMBRE,,2.0,,,
Cooperativa de Ahorro y Crédito - Nivel 3,CENTRAL  SOLIDEZ,2025 - MARZO,,2.0,,,
Cooperativa de Ahorro y Crédito - Nivel 3,CENTRAL  SOLIDEZ,2025 - SEPTIEMBRE,,2.0,,,
Cooperativa de Ahorro y Crédito - Nivel 3,CENTRAL  SOLIDEZ,2026 - MARZO,,2.0,,,
Cooperativa de Ahorro y Crédito - Nivel 3,CENTRAL  SOLIDEZ,2026 - SEPTIEMBRE,,2.0,,,
Cooperativa de Ahorro y Crédito - Nivel 3,CENTRAL CIDERURAL,2012 - MARZO,,3.0,,,
Cooperativa de Ahorro y Crédito - Nivel 3,CENTRAL CIDERURAL,2012 - SEPTIEMBRE,,3.0,,,
Cooperativa de Ahorro y Crédito - Nivel 3,CENTRAL CIDERURAL,2013 - MARZO,,3.0,,,
Cooperativa de Ahorro y Crédito - Nivel 3,CENTRAL CIDERURAL,2013 - SEPTIEMBRE,,3.0,,,
Cooperativa de Ahorro y Crédito - Nivel 3,CENTRAL CIDERURAL,2014 - MARZO,,3.0,,,
Cooperativa de Ahorro y Crédito - Nivel 3,CENTRAL CIDERURAL,2014 - SEPTIEMBRE,,3.0,,,
Cooperativa de Ahorro y Crédito - Nivel 3,CENTRAL CIDERURAL,2015 - MARZO,,3.0,,,
Cooperativa de Ahorro y Crédito - Nivel 3,CENTRAL CIDERURAL,2015 - SEPTIEMBRE,,3.0,,,
Cooperativa de Ahorro y Crédito - Nivel 3,CENTRAL CIDERURAL,2016 - MARZO,,3.0,,,
Cooperativa de Ahorro y Crédito - Nivel 3,CENTRAL CIDERURAL,2016 - SEPTIEMBRE,,3.0,,,
Cooperativa de Ahorro y Crédito - Nivel 3,CENTRAL CIDERURAL,2017 - MARZO,,3.0,,,
Cooperativa de Ahorro y Crédito - Nivel 3,CENTRAL CIDERURAL,2017 - SEPTIEMBRE,,3.0,,,
Cooperativa de Ahorro y Crédito - Nivel 3,CENTRAL CIDERURAL,2018 - MARZO,,3.0,,,
Cooperativa de Ahorro y Crédito - Nivel 3,CENTRAL CIDERURAL,2018 - SEPTIEMBRE,,3.0,,,
Cooperativa de Ahorro y Crédito - Nivel 3,CENTRAL CIDERURAL,2019 - MARZO,,3.0,,,
Cooperativa de Ahorro y Crédito - Nivel 3,CENTRAL CIDERURAL,2019 - SEPTIEMBRE,,3.0,,,
Cooperativa de Ahorro y Crédito - Nivel 3,CENTRAL CIDERURAL,2020 - MARZO,,3.0,,,
Cooperativa de Ahorro y Crédito - Nivel 3,CENTRAL CIDERURAL,2020 - SEPTIEMBRE,,3.0,,,
Cooperativa de Ahorro y Crédito - Nivel 3,CENTRAL CIDERURAL,2021 - MARZO,,3.0,,,
Cooperativa de Ahorro y Crédito - Nivel 3,CENTRAL CIDERURAL,2021 - SEPTIEMBRE,,3.0,,,
Cooperativa de Ahorro y Crédito - Nivel 3,CENTRAL CIDERURAL,2022 - MARZO,,3.0,,,
Cooperativa de Ahorro y Crédito - Nivel 3,CENTRAL CIDERURAL,2022 - SEPTIEMBRE,,3.0,,,
Cooperativa de Ahorro y Crédito - Nivel 3,CENTRAL CIDERURAL,2023 - MARZO,,3.0,,,
Cooperativa de Ahorro y Crédito - Nivel 3,CENTRAL CIDERURAL,2023 - SEPTIEMBRE,,3.0,,,
Cooperativa de Ahorro y Crédito - Nivel 3,CENTRAL CIDERURAL,2024 - MARZO,,3.0,,,
Cooperativa de Ahorro y Crédito - Nivel 3,CENTRAL CIDERURAL,2024 - SEPTIEMBRE,,3.0,,,
Cooperativa de Ahorro y Crédito - Nivel 3,CENTRAL CIDERURAL,2025 - MARZO,,3.0,,,
Cooperativa de Ahorro y Crédito - Nivel 3,CENTRAL CIDERURAL,2025 - SEPTIEMBRE,,3.0,,,
Cooperativa de Ahorro y Crédito - Nivel 3,CENTRAL CIDERURAL,2026 - MARZO,,3.0,,,
Cooperativa de Ahorro y Crédito - Nivel 3,CENTRAL CIDERURAL,2026 - SEPTIEMBRE,,3.0,,,
Cooperativa de Ahorro y Crédito - Nivel 3,LOS ANDES COTARUSI,2012 - MARZO,,5.0,,,
Cooperativa de Ahorro y Crédito - Nivel 3,LOS ANDES COTARUSI,2012 - SEPTIEMBRE,,5.0,,,
Cooperativa de Ahorro y Crédito - Nivel 3,LOS ANDES COTARUSI,2013 - MARZO,,5.0,,,
Cooperativa de Ahorro y Crédito - Nivel 3,LOS ANDES COTARUSI,2013 - SEPTIEMBRE,,5.0,,,
Cooperativa de Ahorro y Crédito - Nivel 3,LOS ANDES COTARUSI,2014 - MARZO,,5.0,,,
Cooperativa de Ahorro y Crédito - Nivel 3,LOS ANDES COTARUSI,2014 - SEPTIEMBRE,,5.0,,,
Cooperativa de Ahorro y Crédito - Nivel 3,LOS ANDES COTARUSI,2015 - MARZO,,5.0,,,
Cooperativa de Ahorro y Crédito - Nivel 3,LOS ANDES COTARUSI,2015 - SEPTIEMBRE,,5.0,,,
Cooperativa de Ahorro y Crédito - Nivel 3,LOS ANDES COTARUSI,2016 - MARZO,,5.0,,,
Cooperativa de Ahorro y Crédito - Nivel 3,LOS ANDES COTARUSI,2016 - SEPTIEMBRE,,5.0,,,
Cooperativa de Ahorro y Crédito - Nivel 3,LOS ANDES COTARUSI,2017 - MARZO,,5.0,,,
Cooperativa de Ahorro y Crédito - Nivel 3,LOS ANDES COTARUSI,2017 - SEPTIEMBRE,,5.0,,,
Cooperativa de Ahorro y Crédito - Nivel 3,LOS ANDES COTARUSI,2018 - MARZO,,5.0,,,
Cooperativa de Ahorro y Crédito - Nivel 3,LOS ANDES COTARUSI,2018 - SEPTIEMBRE,,5.0,,,
Cooperativa de Ahorro y Crédito - Nivel 3,LOS ANDES COTARUSI,2019 - MARZO,,5.0,,,
Cooperativa de Ahorro y Crédito - Nivel 3,LOS ANDES COTARUSI,2019 - SEPTIEMBRE,,5.0,,,
Cooperativa de Ahorro y Crédito - Nivel 3,LOS ANDES COTARUSI,2020 - MARZO,,5.0,,,
Cooperativa de Ahorro y Crédito - Nivel 3,LOS ANDES COTARUSI,2020 - SEPTIEMBRE,,5.0,,,
Cooperativa de Ahorro y Crédito - Nivel 3,LOS ANDES COTARUSI,2021 - MARZO,,5.0,,,
Cooperativa de Ahorro y Crédito - Nivel 3,LOS ANDES COTARUSI,2021 - SEPTIEMBRE,,5.0,,,
Cooperativa de Ahorro y Crédito - Nivel 3,LOS ANDES COTARUSI,2022 - MARZO,,5.0,,,
Cooperativa de Ahorro y Crédito - Nivel 3,LOS ANDES COTARUSI,2022 - SEPTIEMBRE,,5.0,,,
Cooperativa de Ahorro y Crédito - Nivel 3,LOS ANDES COTARUSI,2023 - MARZO,,5.0,,,
Cooperativa de Ahorro y Crédito - Nivel 3,LOS ANDES COTARUSI,2023 - SEPTIEMBRE,,5.0,,,
Cooperativa de Ahorro y Crédito - Nivel 3,LOS ANDES COTARUSI,2024 - MARZO,,5.0,,,
Cooperativa de Ahorro y Crédito - Nivel 3,LOS ANDES COTARUSI,2024 - SEPTIEMBRE,,5.0,,,
Cooperativa de Ahorro y Crédito - Nivel 3,LOS ANDES COTARUSI,2025 - MARZO,,5.0,,,
Cooperativa de Ahorro y Crédito - Nivel 3,LOS ANDES COTARUSI,2025 - SEPTIEMBRE,,5.0,,,
Cooperativa de Ahorro y Crédito - Nivel 3,LOS ANDES COTARUSI,2026 - MARZO,,5.0,,,
Cooperativa de Ahorro y Crédito - Nivel 3,LOS ANDES COTARUSI,2026 - SEPTIEMBRE,,5.0,,,
Cooperativa de Ahorro y Crédito - Nivel 3,SAN CRISTOBAL HUAM,2012 - MARZO,,,,,4.0
Cooperativa de Ahorro y Crédito - Nivel 3,SAN CRISTOBAL HUAM,2012 - SEPTIEMBRE,,,,,4.0
Cooperativa de Ahorro y Crédito - Nivel 3,SAN CRISTOBAL HUAM,2013 - MARZO,,,,,4.0
Cooperativa de Ahorro y Crédito - Nivel 3,SAN CRISTOBAL HUAM,2013 - SEPTIEMBRE,,,,,4.0
Cooperativa de Ahorro y Crédito - Nivel 3,SAN CRISTOBAL HUAM,2014 - MARZO,,,,,4.0
Cooperativa de Ahorro y Crédito - Nivel 3,SAN CRISTOBAL HUAM,2014 - SEPTIEMBRE,,,,,4.0
Cooperativa de Ahorro y Crédito - Nivel 3,SAN CRISTOBAL HUAM,2015 - MARZO,,,,,4.0
Cooperativa de Ahorro y Crédito - Nivel 3,SAN CRISTOBAL HUAM,2015 - SEPTIEMBRE,,,,,4.0
Cooperativa de Ahorro y Crédito - Nivel 3,SAN CRISTOBAL HUAM,2016 - MARZO,,,,,4.0
Cooperativa de Ahorro y Crédito - Nivel 3,SAN CRISTOBAL HUAM,2016 - SEPTIEMBRE,,,,,4.0
Cooperativa de Ahorro y Crédito - Nivel 3,SAN CRISTOBAL HUAM,2017 - MARZO,,,,,4.0
Cooperativa de Ahorro y Crédito - Nivel 3,SAN CRISTOBAL HUAM,2017 - SEPTIEMBRE,,,,,4.0
Cooperativa de Ahorro y Crédito - Nivel 3,SAN CRISTOBAL HUAM,2018 - MARZO,,,,,4.0
Cooperativa de Ahorro y Crédito - Nivel 3,SAN CRISTOBAL HUAM,2018 - SEPTIEMBRE,,,,,4.0
Cooperativa de Ahorro y Crédito - Nivel 3,SAN CRISTOBAL HUAM,2019 - MARZO,,,,,4.0
Cooperativa de Ahorro y Crédito - Nivel 3,SAN CRISTOBAL HUAM,2019 - SEPTIEMBRE,,,,,4.0
Cooperativa de Ahorro y Crédito - Nivel 3,SAN CRISTOBAL HUAM,2020 - MARZO,,,,,4.0
Cooperativa de Ahorro y Crédito - Nivel 3,SAN CRISTOBAL HUAM,2020 - SEPTIEMBRE,,,,,4.0
Cooperativa de Ahorro y Crédito - Nivel 3,SAN CRISTOBAL HUAM,2021 - MARZO,,,,,4.0
Cooperativa de Ahorro y Crédito - Nivel 3,SAN CRISTOBAL HUAM,2021 - SEPTIEMBRE,,,,,4.0
Cooperativa de Ahorro y Crédito - Nivel 3,SAN CRISTOBAL HUAM,2022 - MARZO,,,,,4.0
Cooperativa de Ahorro y Crédito - Nivel 3,SAN CRISTOBAL HUAM,2022 - SEPTIEMBRE,,,,,4.0
Cooperativa de Ahorro y Crédito - Nivel 3,SAN CRISTOBAL HUAM,2023 - MARZO,,,,,4.0
Cooperativa de Ahorro y Crédito - Nivel 3,SAN CRISTOBAL HUAM,2023 - SEPTIEMBRE,,,,,4.0
Cooperativa de Ahorro y Crédito - Nivel 3,SAN CRISTOBAL HUAM,2024 - MARZO,,,,,4.0
Cooperativa de Ahorro y Crédito - Nivel 3,SAN CRISTOBAL HUAM,2024 - SEPTIEMBRE,,,,,4.0
Cooperativa de Ahorro y Crédito - Nivel 3,SAN CRISTOBAL HUAM,2025 - MARZO,,,,,4.0
Cooperativa de Ahorro y Crédito - Nivel 3,SAN CRISTOBAL HUAM,2025 - SEPTIEMBRE,,,,,4.0
Cooperativa de Ahorro y Crédito - Nivel 3,SAN CRISTOBAL HUAM,2026 - MARZO,,,,,4.0
Cooperativa de Ahorro y Crédito - Nivel 3,SAN CRISTOBAL HUAM,2026 - SEPTIEMBRE,,,,,4.0
Cooperativa de Ahorro y Crédito - Nivel 3,SAN MARTIN DE PORRES,2012 - MARZO,,6.0,,,
Cooperativa de Ahorro y Crédito - Nivel 3,SAN MARTIN DE PORRES,2012 - SEPTIEMBRE,,6.0,,,
Cooperativa de Ahorro y Crédito - Nivel 3,SAN MARTIN DE PORRES,2013 - MARZO,,6.0,,,
Cooperativa de Ahorro y Crédito - Nivel 3,SAN MARTIN DE PORRES,2013 - SEPTIEMBRE,,6.0,,,
Cooperativa de Ahorro y Crédito - Nivel 3,SAN MARTIN DE PORRES,2014 - MARZO,,6.0,,,
Cooperativa de Ahorro y Crédito - Nivel 3,SAN MARTIN DE PORRES,2014 - SEPTIEMBRE,,6.0,,,
Cooperativa de Ahorro y Crédito - Nivel 3,SAN MARTIN DE PORRES,2015 - MARZO,,6.0,,,
Cooperativa de Ahorro y Crédito - Nivel 3,SAN MARTIN DE PORRES,2015 - SEPTIEMBRE,,6.0,,,
Cooperativa de Ahorro y Crédito - Nivel 3,SAN MARTIN DE PORRES,2016 - MARZO,,6.0,,,
Cooperativa de Ahorro y Crédito - Nivel 3,SAN MARTIN DE PORRES,2016 - SEPTIEMBRE,,6.0,,,
Cooperativa de Ahorro y Crédito - Nivel 3,SAN MARTIN DE PORRES,2017 - MARZO,,6.0,,,
Cooperativa de Ahorro y Crédito - Nivel 3,SAN MARTIN DE PORRES,2017 - SEPTIEMBRE,,6.0,,,
Cooperativa de Ahorro y Crédito - Nivel 3,SAN MARTIN DE PORRES,2018 - MARZO,,6.0,,,
Cooperativa de Ahorro y Crédito - Nivel 3,SAN MARTIN DE PORRES,2018 - SEPTIEMBRE,,6.0,,,
Cooperativa de Ahorro y Crédito - Nivel 3,SAN MARTIN DE PORRES,2019 - MARZO,,6.0,,,
Cooperativa de Ahorro y Crédito - Nivel 3,SAN MARTIN DE PORRES,2019 - SEPTIEMBRE,,6.0,,,
Cooperativa de Ahorro y Crédito - Nivel 3,SAN MARTIN DE PORRES,2020 - MARZO,,6.0,,,
Cooperativa de Ahorro y Crédito - Nivel 3,SAN MARTIN DE PORRES,2020 - SEPTIEMBRE,,6.0,,,
Cooperativa de Ahorro y Crédito - Nivel 3,SAN MARTIN DE PORRES,2021 - MARZO,,6.0,,,
Cooperativa de Ahorro y Crédito - Nivel 3,SAN MARTIN DE PORRES,2021 - SEPTIEMBRE,,6.0,,,
Cooperativa de Ahorro y Crédito - Nivel 3,SAN MARTIN DE PORRES,2022 - MARZO,,6.0,,,
Cooperativa de Ahorro y Crédito - Nivel 3,SAN MARTIN DE PORRES,2022 - SEPTIEMBRE,,6.0,,,
Cooperativa de Ahorro y Crédito - Nivel 3,SAN MARTIN DE PORRES,2023 - MARZO,,6.0,,,
Cooperativa de Ahorro y Crédito - Nivel 3,SAN MARTIN DE PORRES,2023 - SEPTIEMBRE,,6.0,,,
Cooperativa de Ahorro y Crédito - Nivel 3,SAN MARTIN DE PORRES,2024 - MARZO,,6.0,,,
Cooperativa de Ahorro y Crédito - Nivel 3,SAN MARTIN DE PORRES,2024 - SEPTIEMBRE,,6.0,,,
Cooperativa de Ahorro y Crédito - Nivel 3,SAN MARTIN DE PORRES,2025 - MARZO,,6.0,,,
Cooperativa de Ahorro y Crédito - Nivel 3,SAN MARTIN DE PORRES,2025 - SEPTIEMBRE,,6.0,,,
Cooperativa de Ahorro y Crédito - Nivel 3,SAN MARTIN DE PORRES,2026 - MARZO,,6.0,,,
Cooperativa de Ahorro y Crédito - Nivel 3,SAN MARTIN DE PORRES,2026 - SEPTIEMBRE,,6.0,,,
Cooperativa de Ahorro y Crédito - Nivel 3,SN CRISTO DE BAGAZÁN,2012 - MARZO,,6.0,,,
Cooperativa de Ahorro y Crédito - Nivel 3,SN CRISTO DE BAGAZÁN,2012 - SEPTIEMBRE,,6.0,,,
Cooperativa de Ahorro y Crédito - Nivel 3,SN CRISTO DE BAGAZÁN,2013 - MARZO,,6.0,,,
Cooperativa de Ahorro y Crédito - Nivel 3,SN CRISTO DE BAGAZÁN,2013 - SEPTIEMBRE,,6.0,,,
Cooperativa de Ahorro y Crédito - Nivel 3,SN CRISTO DE BAGAZÁN,2014 - MARZO,,6.0,,,
Cooperativa de Ahorro y Crédito - Nivel 3,SN CRISTO DE BAGAZÁN,2014 - SEPTIEMBRE,,6.0,,,
Cooperativa de Ahorro y Crédito - Nivel 3,SN CRISTO DE BAGAZÁN,2015 - MARZO,,6.0,,,
Cooperativa de Ahorro y Crédito - Nivel 3,SN CRISTO DE BAGAZÁN,2015 - SEPTIEMBRE,,6.0,,,
Cooperativa de Ahorro y Crédito - Nivel 3,SN CRISTO DE BAGAZÁN,2016 - MARZO,,6.0,,,
Cooperativa de Ahorro y Crédito - Nivel 3,SN CRISTO DE BAGAZÁN,2016 - SEPTIEMBRE,,6.0,,,
Cooperativa de Ahorro y Crédito - Nivel 3,SN CRISTO DE BAGAZÁN,2017 - MARZO,,6.0,,,
Cooperativa de Ahorro y Crédito - Nivel 3,SN CRISTO DE BAGAZÁN,2017 - SEPTIEMBRE,,6.0,,,
Cooperativa de Ahorro y Crédito - Nivel 3,SN CRISTO DE BAGAZÁN,2018 - MARZO,,6.0,,,
Cooperativa de Ahorro y Crédito - Nivel 3,SN CRISTO DE BAGAZÁN,2018 - SEPTIEMBRE,,6.0,,,
Cooperativa de Ahorro y Crédito - Nivel 3,SN CRISTO DE BAGAZÁN,2019 - MARZO,,6.0,,,
Cooperativa de Ahorro y Crédito - Nivel 3,SN CRISTO DE BAGAZÁN,2019 - SEPTIEMBRE,,6.0,,,
Cooperativa de Ahorro y Crédito - Nivel 3,SN CRISTO DE BAGAZÁN,2020 - MARZO,,6.0,,,
Cooperativa de Ahorro y Crédito - Nivel 3,SN CRISTO DE BAGAZÁN,2020 - SEPTIEMBRE,,6.0,,,
Cooperativa de Ahorro y Crédito - Nivel 3,SN CRISTO DE BAGAZÁN,2021 - MARZO,,6.0,,,
Cooperativa de Ahorro y Crédito - Nivel 3,SN CRISTO DE BAGAZÁN,2021 - SEPTIEMBRE,,6.0,,,
Cooperativa de Ahorro y Crédito - Nivel 3,SN CRISTO DE BAGAZÁN,2022 - MARZO,,6.0,,,
Cooperativa de Ahorro y Crédito - Nivel 3,SN CRISTO DE BAGAZÁN,2022 - SEPTIEMBRE,,6.0,,,
Cooperativa de Ahorro y Crédito - Nivel 3,SN CRISTO DE BAGAZÁN,2023 - MARZO,,6.0,,,
Cooperativa de Ahorro y Crédito - Nivel 3,SN CRISTO DE BAGAZÁN,2023 - SEPTIEMBRE,,6.0,,,
Cooperativa de Ahorro y Crédito - Nivel 3,SN CRISTO DE BAGAZÁN,2024 - MARZO,,6.0,,,
Cooperativa de Ahorro y Crédito - Nivel 3,SN CRISTO DE BAGAZÁN,2024 - SEPTIEMBRE,,6.0,,,
Cooperativa de Ahorro y Crédito - Nivel 3,SN CRISTO DE BAGAZÁN,2025 - MARZO,,6.0,,,
Cooperativa de Ahorro y Crédito - Nivel 3,SN CRISTO DE BAGAZÁN,2025 - SEPTIEMBRE,,6.0,,,
Cooperativa de Ahorro y Crédito - Nivel 3,SN CRISTO DE BAGAZÁN,2026 - MARZO,,6.0,,,
Cooperativa de Ahorro y Crédito - Nivel 3,SN CRISTO DE BAGAZÁN,2026 - SEPTIEMBRE,,6.0,,,
Cooperativa de Ahorro y Crédito - Nivel 3,STA MA MAGDALENA,2012 - MARZO,,4.0,,,
Cooperativa de Ahorro y Crédito - Nivel 3,STA MA MAGDALENA,2012 - SEPTIEMBRE,,4.0,,,
Cooperativa de Ahorro y Crédito - Nivel 3,STA MA MAGDALENA,2013 - MARZO,,4.0,,,
Cooperativa de Ahorro y Crédito - Nivel 3,STA MA MAGDALENA,2013 - SEPTIEMBRE,,4.0,,,
Cooperativa de Ahorro y Crédito - Nivel 3,STA MA MAGDALENA,2014 - MARZO,,4.0,,,
Cooperativa de Ahorro y Crédito - Nivel 3,STA MA MAGDALENA,2014 - SEPTIEMBRE,,4.0,,,
Cooperativa de Ahorro y Crédito - Nivel 3,STA MA MAGDALENA,2015 - MARZO,,4.0,,,
Cooperativa de Ahorro y Crédito - Nivel 3,STA MA MAGDALENA,2015 - SEPTIEMBRE,,4.0,,,
Cooperativa de Ahorro y Crédito - Nivel 3,STA MA MAGDALENA,2016 - MARZO,,4.0,,,
Cooperativa de Ahorro y Crédito - Nivel 3,STA MA MAGDALENA,2016 - SEPTIEMBRE,,4.0,,,
Cooperativa de Ahorro y Crédito - Nivel 3,STA MA MAGDALENA,2017 - MARZO,,4.0,,,
Cooperativa de Ahorro y Crédito - Nivel 3,STA MA MAGDALENA,2017 - SEPTIEMBRE,,4.0,,,
Cooperativa de Ahorro y Crédito - Nivel 3,STA MA MAGDALENA,2018 - MARZO,,4.0,,,
Cooperativa de Ahorro y Crédito - Nivel 3,STA MA MAGDALENA,2018 - SEPTIEMBRE,,4.0,,,
Cooperativa de Ahorro y Crédito - Nivel 3,STA MA MAGDALENA,2019 - MARZO,,4.0,,,
Cooperativa de Ahorro y Crédito - Nivel 3,STA MA MAGDALENA,2019 - SEPTIEMBRE,,4.0,,,
Cooperativa de Ahorro y Crédito - Nivel 3,STA MA MAGDALENA,2020 - MARZO,,4.0,,,
Cooperativa de Ahorro y Crédito - Nivel 3,STA MA MAGDALENA,2020 - SEPTIEMBRE,,4.0,,,
Cooperativa de Ahorro y Crédito - Nivel 3,STA MA MAGDALENA,2021 - MARZO,,4.0,,,
Cooperativa de Ahorro y Crédito - Nivel 3,STA MA MAGDALENA,2021 - SEPTIEMBRE,,4.0,,,
Cooperativa de Ahorro y Crédito - Nivel 3,STA MA MAGDALENA,2022 - MARZO,,4.0,,,
Cooperativa de Ahorro y Crédito - Nivel 3,STA MA MAGDALENA,2022 - SEPTIEMBRE,,4.0,,,
Cooperativa de Ahorro y Crédito - Nivel 3,STA MA MAGDALENA,2023 - MARZO,,4.0,,,
Cooperativa de Ahorro y Crédito - Nivel 3,STA MA MAGDALENA,2023 - SEPTIEMBRE,,4.0,,,
Cooperativa de Ahorro y Crédito - Nivel 3,STA MA MAGDALENA,2024 - MARZO,,4.0,,,
Cooperativa de Ahorro y Crédito - Nivel 3,STA MA MAGDALENA,2024 - SEPTIEMBRE,,4.0,,,
Cooperativa de Ahorro y Crédito - Nivel 3,STA MA MAGDALENA,2025 - MARZO,,4.0,,,
Cooperativa de Ahorro y Crédito - Nivel 3,STA MA MAGDALENA,2025 - SEPTIEMBRE,,4.0,,,
Cooperativa de Ahorro y Crédito - Nivel 3,STA MA MAGDALENA,2026 - MARZO,,4.0,,,
Cooperativa de Ahorro y Crédito - Nivel 3,STA MA MAGDALENA,2026 - SEPTIEMBRE,,4.0,,,
Empresa de Créditos,EMP.CRED.SANTANDER,2012 - MARZO,9.0,,,8.0,
Empresa de Créditos,EMP.CRED.SANTANDER,2012 - SEPTIEMBRE,9.0,,,8.0,
Empresa de Créditos,EMP.CRED.SANTANDER,2013 - MARZO,9.0,,,8.0,
Empresa de Créditos,EMP.CRED.SANTANDER,2013 - SEPTIEMBRE,9.0,,,8.0,
Empresa de Créditos,EMP.CRED.SANTANDER,2014 - MARZO,9.0,,,8.0,
Empresa de Créditos,EMP.CRED.SANTANDER,2014 - SEPTIEMBRE,9.0,,,8.0,
Empresa de Créditos,EMP.CRED.SANTANDER,2015 - MARZO,9.0,,,8.0,
Empresa de Créditos,EMP.CRED.SANTANDER,2015 - SEPTIEMBRE,9.0,,,8.0,
Empresa de Créditos,EMP.CRED.SANTANDER,2016 - MARZO,9.0,,,8.0,
Empresa de Créditos,EMP.CRED.SANTANDER,2016 - SEPTIEMBRE,9.0,,,8.0,
Empresa de Créditos,EMP.CRED.SANTANDER,2017 - MARZO,9.0,,,8.0,
Empresa de Créditos,EMP.CRED.SANTANDER,2017 - SEPTIEMBRE,9.0,,,8.0,
Empresa de Créditos,EMP.CRED.SANTANDER,2018 - MARZO,9.0,,,8.0,
Empresa de Créditos,EMP.CRED.SANTANDER,2018 - SEPTIEMBRE,9.0,,,8.0,
Empresa de Créditos,EMP.CRED.SANTANDER,2019 - MARZO,9.0,,,8.0,
Empresa de Créditos,EMP.CRED.SANTANDER,2019 - SEPTIEMBRE,9.0,,,8.0,
Empresa de Créditos,EMP.CRED.SANTANDER,2020 - MARZO,9.0,,,8.0,
Empresa de Créditos,EMP.CRED.SANTANDER,2020 - SEPTIEMBRE,9.0,,,8.0,
Empresa de Créditos,EMP.CRED.SANTANDER,2021 - MARZO,9.0,,,8.0,
Empresa de Créditos,EMP.CRED.SANTANDER,2021 - SEPTIEMBRE,9.0,,,8.0,
Empresa de Créditos,EMP.CRED.SANTANDER,2022 - MARZO,9.0,,,8.0,
Empresa de Créditos,EMP.CRED.SANTANDER,2022 - SEPTIEMBRE,9.0,,,8.0,
Empresa de Créditos,EMP.CRED.SANTANDER,2023 - MARZO,9.0,,,8.0,
Empresa de Créditos,EMP.CRED.SANTANDER,2023 - SEPTIEMBRE,9.0,,,8.0,
Empresa de Créditos,EMP.CRED.SANTANDER,2024 - MARZO,9.0,,,8.0,
Empresa de Créditos,EMP.CRED.SANTANDER,2024 - SEPTIEMBRE,9.0,,,8.0,
Empresa de Créditos,EMP.CRED.SANTANDER,2025 - MARZO,9.0,,,8.0,
Empresa de Créditos,EMP.CRED.SANTANDER,2025 - SEPTIEMBRE,9.0,,,8.0,
Empresa de Créditos,EMP.CRED.SANTANDER,2026 - MARZO,9.0,,,8.0,
Empresa de Créditos,EMP.CRED.SANTANDER,2026 - SEPTIEMBRE,9.0,,,8.0,
Empresa de Créditos,EMP.CRED.VIVELA,2012 - MARZO,,,,,7.0
Empresa de Créditos,EMP.CRED.VIVELA,2012 - SEPTIEMBRE,,,,,7.0
Empresa de Créditos,EMP.CRED.VIVELA,2013 - MARZO,,,,,7.0
Empresa de Créditos,EMP.CRED.VIVELA,2013 - SEPTIEMBRE,,,,,7.0
Empresa de Créditos,EMP.CRED.VIVELA,2014 - MARZO,,,,,7.0
Empresa de Créditos,EMP.CRED.VIVELA,2014 - SEPTIEMBRE,,,,,7.0
Empresa de Créditos,EMP.CRED.VIVELA,2015 - MARZO,,,,,7.0
Empresa de Créditos,EMP.CRED.VIVELA,2015 - SEPTIEMBRE,,,,,7.0
Empresa de Créditos,EMP.CRED.VIVELA,2016 - MARZO,,,,,7.0
Empresa de Créditos,EMP.CRED.VIVELA,2016 - SEPTIEMBRE,,,,,7.0
Empresa de Créditos,EMP.CRED.VIVELA,2017 - MARZO,,,,,7.0
Empresa de Créditos,EMP.CRED.VIVELA,2017 - SEPTIEMBRE,,,,,7.0
Empresa de Créditos,EMP.CRED.VIVELA,2018 - MARZO,,,,,7.0
Empresa de Créditos,EMP.CRED.VIVELA,2018 - SEPTIEMBRE,,,,,7.0
Empresa de Créditos,EMP.CRED.VIVELA,2019 - MARZO,,,,,7.0
Empresa de Créditos,EMP.CRED.VIVELA,2019 - SEPTIEMBRE,,,,,7.0
Empresa de Créditos,EMP.CRED.VIVELA,2020 - MARZO,,,,,7.0
Empresa de Créditos,EMP.CRED.VIVELA,2020 - SEPTIEMBRE,,,,,7.0
Empresa de Créditos,EMP.CRED.VIVELA,2021 - MARZO,,,,,7.0
Empresa de Créditos,EMP.CRED.VIVELA,2021 - SEPTIEMBRE,,,,,7.0
Empresa de Créditos,EMP.CRED.VIVELA,2022 - MARZO,,,,,7.0
Empresa de Créditos,EMP.CRED.VIVELA,2022 - SEPTIEMBRE,,,,,7.0
Empresa de Créditos,EMP.CRED.VIVELA,2023 - MARZO,,,,,7.0
Empresa de Créditos,EMP.CRED.VIVELA,2023 - SEPTIEMBRE,,,,,7.0
Empresa de Créditos,EMP.CRED.VIVELA,2024 - MARZO,,,,,7.0
Empresa de Créditos,EMP.CRED.VIVELA,2024 - SEPTIEMBRE,,,,,7.0
Empresa de Créditos,EMP.CRED.VIVELA,2025 - MARZO,,,,,7.0
Empresa de Créditos,EMP.CRED.VIVELA,2025 - SEPTIEMBRE,,,,,7.0
Empresa de Créditos,EMP.CRED.VIVELA,2026 - MARZO,,,,,7.0
Empresa de Créditos,EMP.CRED.VIVELA,2026 - SEPTIEMBRE,,,,,7.0
Empresa de Créditos,TOTAL SERVICIOS,2012 - MARZO,,,,,8.0
Empresa de Créditos,TOTAL SERVICIOS,2012 - SEPTIEMBRE,,,,,8.0
Empresa de Créditos,TOTAL SERVICIOS,2013 - MARZO,,,,,8.0
Empresa de Créditos,TOTAL SERVICIOS,2013 - SEPTIEMBRE,,,,,8.0
Empresa de Créditos,TOTAL SERVICIOS,2014 - MARZO,,,,,8.0
Empresa de Créditos,TOTAL SERVICIOS,2014 - SEPTIEMBRE,,,,,8.0
Empresa de Créditos,TOTAL SERVICIOS,2015 - MARZO,,,,,8.0
Empresa de Créditos,TOTAL SERVICIOS,2015 - SEPTIEMBRE,,,,,8.0
Empresa de Créditos,TOTAL SERVICIOS,2016 - MARZO,,,,,8.0
Empresa de Créditos,TOTAL SERVICIOS,2016 - SEPTIEMBRE,,,,,8.0
Empresa de Créditos,TOTAL SERVICIOS,2017 - MARZO,,,,,8.0
Empresa de Créditos,TOTAL SERVICIOS,2017 - SEPTIEMBRE,,,,,8.0
Empresa de Créditos,TOTAL SERVICIOS,2018 - MARZO,,,,,8.0
Empresa de Créditos,TOTAL SERVICIOS,2018 - SEPTIEMBRE,,,,,8.0
Empresa de Créditos,TOTAL SERVICIOS,2019 - MARZO,,,,,8.0
Empresa de Créditos,TOTAL SERVICIOS,2019 - SEPTIEMBRE,,,,,8.0
Empresa de Créditos,TOTAL SERVICIOS,2020 - MARZO,,,,,8.0
Empresa de Créditos,TOTAL SERVICIOS,2020 - SEPTIEMBRE,,,,,8.0
Empresa de Créditos,TOTAL SERVICIOS,2021 - MARZO,,,,,8.0
Empresa de Créditos,TOTAL SERVICIOS,2021 - SEPTIEMBRE,,,,,8.0
Empresa de Créditos,TOTAL SERVICIOS,2022 - MARZO,,,,,8.0
Empresa de Créditos,TOTAL SERVICIOS,2022 - SEPTIEMBRE,,,,,8.0
Empresa de Créditos,TOTAL SERVICIOS,2023 - MARZO,,,,,8.0
Empresa de Créditos,TOTAL SERVICIOS,2023 - SEPTIEMBRE,,,,,8.0
Empresa de Créditos,TOTAL SERVICIOS,2024 - MARZO,,,,,8.0
Empresa de Créditos,TOTAL SERVICIOS,2024 - SEPTIEMBRE,,,,,8.0
Empresa de Créditos,TOTAL SERVICIOS,2025 - MARZO,,,,,8.0
Empresa de Créditos,TOTAL SERVICIOS,2025 - SEPTIEMBRE,,,,,8.0
Empresa de Créditos,TOTAL SERVICIOS,2026 - MARZO,,,,,8.0
Empresa de Créditos,TOTAL SERVICIOS,2026 - SEPTIEMBRE,,,,,8.0
Financiera,FINANC. PROEMPRESA,2012 - MARZO,3.0,,,3.0,
Financiera,FINANC. PROEMPRESA,2012 - SEPTIEMBRE,3.0,,,3.0,
Financiera,FINANC. PROEMPRESA,2013 - MARZO,3.0,,,3.0,
Financiera,FINANC. PROEMPRESA,2013 - SEPTIEMBRE,3.0,,,3.0,
Financiera,FINANC. PROEMPRESA,2014 - MARZO,3.0,,,3.0,
Financiera,FINANC. PROEMPRESA,2014 - SEPTIEMBRE,3.0,,,3.0,
Financiera,FINANC. PROEMPRESA,2015 - MARZO,3.0,,,3.0,
Financiera,FINANC. PROEMPRESA,2015 - SEPTIEMBRE,3.0,,,3.0,
Financiera,FINANC. PROEMPRESA,2016 - MARZO,3.0,,,3.0,
Financiera,FINANC. PROEMPRESA,2016 - SEPTIEMBRE,3.0,,,3.0,
Financiera,FINANC. PROEMPRESA,2017 - MARZO,3.0,,,3.0,
Financiera,FINANC. PROEMPRESA,2017 - SEPTIEMBRE,3.0,,,3.0,
Financiera,FINANC. PROEMPRESA,2018 - MARZO,3.0,,,3.0,
Financiera,FINANC. PROEMPRESA,2018 - SEPTIEMBRE,3.0,,,3.0,
Financiera,FINANC. PROEMPRESA,2019 - MARZO,3.0,,,3.0,
Financiera,FINANC. PROEMPRESA,2019 - SEPTIEMBRE,3.0,,,3.0,
Financiera,FINANC. PROEMPRESA,2020 - MARZO,3.0,,,3.0,
Financiera,FINANC. PROEMPRESA,2020 - SEPTIEMBRE,3.0,,,3.0,
Financiera,FINANC. PROEMPRESA,2021 - MARZO,3.0,,,3.0,
Financiera,FINANC. PROEMPRESA,2021 - SEPTIEMBRE,3.0,,,3.0,
Financiera,FINANC. PROEMPRESA,2022 - MARZO,3.0,,,3.0,
Financiera,FINANC. PROEMPRESA,2022 - SEPTIEMBRE,3.0,,,3.0,
Financiera,FINANC. PROEMPRESA,2023 - MARZO,3.0,,,3.0,
Financiera,FINANC. PROEMPRESA,2023 - SEPTIEMBRE,3.0,,,3.0,
Financiera,FINANC. PROEMPRESA,2024 - MARZO,3.0,,,3.0,
Financiera,FINANC. PROEMPRESA,2024 - SEPTIEMBRE,3.0,,,3.0,
Financiera,FINANC. PROEMPRESA,2025 - MARZO,3.0,,,3.0,
Financiera,FINANC. PROEMPRESA,2025 - SEPTIEMBRE,3.0,,,3.0,
Financiera,FINANC. PROEMPRESA,2026 - MARZO,3.0,,,3.0,
Financiera,FINANC. PROEMPRESA,2026 - SEPTIEMBRE,3.0,,,3.0,
Financiera,FINANCIERA CONFIANZA,2012 - MARZO,8.0,,,8.0,
Financiera,FINANCIERA CONFIANZA,2012 - SEPTIEMBRE,8.0,,,8.0,
Financiera,FINANCIERA CONFIANZA,2013 - MARZO,8.0,,,8.0,
Financiera,FINANCIERA CONFIANZA,2013 - SEPTIEMBRE,8.0,,,8.0,
Financiera,FINANCIERA CONFIANZA,2014 - MARZO,8.0,,,8.0,
Financiera,FINANCIERA CONFIANZA,2014 - SEPTIEMBRE,8.0,,,8.0,
Financiera,FINANCIERA CONFIANZA,2015 - MARZO,8.0,,,8.0,
Financiera,FINANCIERA CONFIANZA,2015 - SEPTIEMBRE,8.0,,,8.0,
Financiera,FINANCIERA CONFIANZA,2016 - MARZO,8.0,,,8.0,
Financiera,FINANCIERA CONFIANZA,2016 - SEPTIEMBRE,8.0,,,8.0,
Financiera,FINANCIERA CONFIANZA,2017 - MARZO,8.0,,,8.0,
Financiera,FINANCIERA CONFIANZA,2017 - SEPTIEMBRE,8.0,,,8.0,
Financiera,FINANCIERA CONFIANZA,2018 - MARZO,8.0,,,8.0,
Financiera,FINANCIERA CONFIANZA,2018 - SEPTIEMBRE,8.0,,,8.0,
Financiera,FINANCIERA CONFIANZA,2019 - MARZO,8.0,,,8.0,
Financiera,FINANCIERA CONFIANZA,2019 - SEPTIEMBRE,8.0,,,8.0,
Financiera,FINANCIERA CONFIANZA,2020 - MARZO,8.0,,,8.0,
Financiera,FINANCIERA CONFIANZA,2020 - SEPTIEMBRE,8.0,,,8.0,
Financiera,FINANCIERA CONFIANZA,2021 - MARZO,8.0,,,8.0,
Financiera,FINANCIERA CONFIANZA,2021 - SEPTIEMBRE,8.0,,,8.0,
Financiera,FINANCIERA CONFIANZA,2022 - MARZO,8.0,,,8.0,
Financiera,FINANCIERA CONFIANZA,2022 - SEPTIEMBRE,8.0,,,8.0,
Financiera,FINANCIERA CONFIANZA,2023 - MARZO,8.0,,,8.0,
Financiera,FINANCIERA CONFIANZA,2023 - SEPTIEMBRE,8.0,,,8.0,
Financiera,FINANCIERA CONFIANZA,2024 - MARZO,8.0,,,8.0,
Financiera,FINANCIERA CONFIANZA,2024 - SEPTIEMBRE,8.0,,,8.0,
Financiera,FINANCIERA CONFIANZA,2025 - MARZO,8.0,,,8.0,
Financiera,FINANCIERA CONFIANZA,2025 - SEPTIEMBRE,8.0,,,8.0,
Financiera,FINANCIERA CONFIANZA,2026 - MARZO,8.0,,,8.0,
Financiera,FINANCIERA CONFIANZA,2026 - SEPTIEMBRE,8.0,,,8.0,
Financiera,FINANCIERA QAPAQ,2012 - MARZO,4.0,,,3.0,3.0
Financiera,FINANCIERA QAPAQ,2012 - SEPTIEMBRE,4.0,,,3.0,3.0
Financiera,FINANCIERA QAPAQ,2013 - MARZO,4.0,,,3.0,3.0
Financiera,FINANCIERA QAPAQ,2013 - SEPTIEMBRE,4.0,,,3.0,3.0
Financiera,FINANCIERA QAPAQ,2014 - MARZO,4.0,,,3.0,3.0
Financiera,FINANCIERA QAPAQ,2014 - SEPTIEMBRE,4.0,,,3.0,3.0
Financiera,FINANCIERA QAPAQ,2015 - MARZO,4.0,,,3.0,3.0
Financiera,FINANCIERA QAPAQ,2015 - SEPTIEMBRE,4.0,,,3.0,3.0
Financiera,FINANCIERA QAPAQ,2016 - MARZO,4.0,,,3.0,3.0
Financiera,FINANCIERA QAPAQ,2016 - SEPTIEMBRE,4.0,,,3.0,3.0
Financiera,FINANCIERA QAPAQ,2017 - MARZO,4.0,,,3.0,3.0
Financiera,FINANCIERA QAPAQ,2017 - SEPTIEMBRE,4.0,,,3.0,3.0
Financiera,FINANCIERA QAPAQ,2018 - MARZO,4.0,,,3.0,3.0
Financiera,FINANCIERA QAPAQ,2018 - SEPTIEMBRE,4.0,,,3.0,3.0
Financiera,FINANCIERA QAPAQ,2019 - MARZO,4.0,,,3.0,3.0
Financiera,FINANCIERA QAPAQ,2019 - SEPTIEMBRE,4.0,,,3.0,3.0
Financiera,FINANCIERA QAPAQ,2020 - MARZO,4.0,,,3.0,3.0
Financiera,FINANCIERA QAPAQ,2020 - SEPTIEMBRE,4.0,,,3.0,3.0
Financiera,FINANCIERA QAPAQ,2021 - MARZO,4.0,,,3.0,3.0
Financiera,FINANCIERA QAPAQ,2021 - SEPTIEMBRE,4.0,,,3.0,3.0
Financiera,FINANCIERA QAPAQ,2022 - MARZO,4.0,,,3.0,3.0
Financiera,FINANCIERA QAPAQ,2022 - SEPTIEMBRE,4.0,,,3.0,3.0
Financiera,FINANCIERA QAPAQ,2023 - MARZO,4.0,,,3.0,3.0
Financiera,FINANCIERA QAPAQ,2023 - SEPTIEMBRE,4.0,,,3.0,3.0
Financiera,FINANCIERA QAPAQ,2024 - MARZO,4.0,,,3.0,3.0
Financiera,FINANCIERA QAPAQ,2024 - SEPTIEMBRE,4.0,,,3.0,3.0
Financiera,FINANCIERA QAPAQ,2025 - MARZO,4.0,,,3.0,3.0
Financiera,FINANCIERA QAPAQ,2025 - SEPTIEMBRE,4.0,,,3.0,3.0
Financiera,FINANCIERA QAPAQ,2026 - MARZO,4.0,,,3.0,3.0
Financiera,FINANCIERA QAPAQ,2026 - SEPTIEMBRE,4.0,,,3.0,3.0
Financiera,FINANCIERA SURGIR,2012 - MARZO,8.0,,,8.0,
Financiera,FINANCIERA SURGIR,2012 - SEPTIEMBRE,8.0,,,8.0,
Financiera,FINANCIERA SURGIR,2013 - MARZO,8.0,,,8.0,
Financiera,FINANCIERA SURGIR,2013 - SEPTIEMBRE,8.0,,,8.0,
Financiera,FINANCIERA SURGIR,2014 - MARZO,8.0,,,8.0,
Financiera,FINANCIERA SURGIR,2014 - SEPTIEMBRE,8.0,,,8.0,
Financiera,FINANCIERA SURGIR,2015 - MARZO,8.0,,,8.0,
Financiera,FINANCIERA SURGIR,2015 - SEPTIEMBRE,8.0,,,8.0,
Financiera,FINANCIERA SURGIR,2016 - MARZO,8.0,,,8.0,
Financiera,FINANCIERA SURGIR,2016 - SEPTIEMBRE,8.0,,,8.0,
Financiera,FINANCIERA SURGIR,2017 - MARZO,8.0,,,8.0,
Financiera,FINANCIERA SURGIR,2017 - SEPTIEMBRE,8.0,,,8.0,
Financiera,FINANCIERA SURGIR,2018 - MARZO,8.0,,,8.0,
Financiera,FINANCIERA SURGIR,2018 - SEPTIEMBRE,8.0,,,8.0,
Financiera,FINANCIERA SURGIR,2019 - MARZO,8.0,,,8.0,
Financiera,FINANCIERA SURGIR,2019 - SEPTIEMBRE,8.0,,,8.0,
Financiera,FINANCIERA SURGIR,2020 - MARZO,8.0,,,8.0,
Financiera,FINANCIERA SURGIR,2020 - SEPTIEMBRE,8.0,,,8.0,
Financiera,FINANCIERA SURGIR,2021 - MARZO,8.0,,,8.0,
Financiera,FINANCIERA SURGIR,2021 - SEPTIEMBRE,8.0,,,8.0,
Financiera,FINANCIERA SURGIR,2022 - MARZO,8.0,,,8.0,
Financiera,FINANCIERA SURGIR,2022 - SEPTIEMBRE,8.0,,,8.0,
Financiera,FINANCIERA SURGIR,2023 - MARZO,8.0,,,8.0,
Financiera,FINANCIERA SURGIR,2023 - SEPTIEMBRE,8.0,,,8.0,
Financiera,FINANCIERA SURGIR,2024 - MARZO,8.0,,,8.0,
Financiera,FINANCIERA SURGIR,2024 - SEPTIEMBRE,8.0,,,8.0,
Financiera,FINANCIERA SURGIR,2025 - MARZO,8.0,,,8.0,
Financiera,FINANCIERA SURGIR,2025 - SEPTIEMBRE,8.0,,,8.0,
Financiera,FINANCIERA SURGIR,2026 - MARZO,8.0,,,8.0,
Financiera,FINANCIERA SURGIR,2026 - SEPTIEMBRE,8.0,,,8.0,
Financiera,INFINANCE XP S.A.,2012 - MARZO,8.0,,,8.0,
Financiera,INFINANCE XP S.A.,2012 - SEPTIEMBRE,8.0,,,8.0,
Financiera,INFINANCE XP S.A.,2013 - MARZO,8.0,,,8.0,
Financiera,INFINANCE XP S.A.,2013 - SEPTIEMBRE,8.0,,,8.0,
Financiera,INFINANCE XP S.A.,2014 - MARZO,8.0,,,8.0,
Financiera,INFINANCE XP S.A.,2014 - SEPTIEMBRE,8.0,,,8.0,
Financiera,INFINANCE XP S.A.,2015 - MARZO,8.0,,,8.0,
Financiera,INFINANCE XP S.A.,2015 - SEPTIEMBRE,8.0,,,8.0,
Financiera,INFINANCE XP S.A.,2016 - MARZO,8.0,,,8.0,
Financiera,INFINANCE XP S.A.,2016 - SEPTIEMBRE,8.0,,,8.0,
Financiera,INFINANCE XP S.A.,2017 - MARZO,8.0,,,8.0,
Financiera,INFINANCE XP S.A.,2017 - SEPTIEMBRE,8.0,,,8.0,
Financiera,INFINANCE XP S.A.,2018 - MARZO,8.0,,,8.0,
Financiera,INFINANCE XP S.A.,2018 - SEPTIEMBRE,8.0,,,8.0,
Financiera,INFINANCE XP S.A.,2019 - MARZO,8.0,,,8.0,
Financiera,INFINANCE XP S.A.,2019 - SEPTIEMBRE,8.0,,,8.0,
Financiera,INFINANCE XP S.A.,2020 - MARZO,8.0,,,8.0,
Financiera,INFINANCE XP S.A.,2020 - SEPTIEMBRE,8.0,,,8.0,
Financiera,INFINANCE XP S.A.,2021 - MARZO,8.0,,,8.0,
Financiera,INFINANCE XP S.A.,2021 - SEPTIEMBRE,8.0,,,8.0,
Financiera,INFINANCE XP S.A.,2022 - MARZO,8.0,,,8.0,
Financiera,INFINANCE XP S.A.,2022 - SEPTIEMBRE,8.0,,,8.0,
Financiera,INFINANCE XP S.A.,2023 - MARZO,8.0,,,8.0,
Financiera,INFINANCE XP S.A.,2023 - SEPTIEMBRE,8.0,,,8.0,
Financiera,INFINANCE XP S.A.,2024 - MARZO,8.0,,,8.0,
Financiera,INFINANCE XP S.A.,2024 - SEPTIEMBRE,8.0,,,8.0,
Financiera,INFINANCE XP S.A.,2025 - MARZO,8.0,,,8.0,
Financiera,INFINANCE XP S.A.,2025 - SEPTIEMBRE,8.0,,,8.0,
Financiera,INFINANCE XP S.A.,2026 - MARZO,8.0,,,8.0,
Financiera,INFINANCE XP S.A.,2026 - SEPTIEMBRE,8.0,,,8.0,
Financiera,MITSUI AUTO FINANCE,2012 - MARZO,9.0,,,8.0,
Financiera,MITSUI AUTO FINANCE,2012 - SEPTIEMBRE,9.0,,,8.0,
Financiera,MITSUI AUTO FINANCE,2013 - MARZO,9.0,,,8.0,
Financiera,MITSUI AUTO FINANCE,2013 - SEPTIEMBRE,9.0,,,8.0,
Financiera,MITSUI AUTO FINANCE,2014 - MARZO,9.0,,,8.0,
Financiera,MITSUI AUTO FINANCE,2014 - SEPTIEMBRE,9.0,,,8.0,
Financiera,MITSUI AUTO FINANCE,2015 - MARZO,9.0,,,8.0,
Financiera,MITSUI AUTO FINANCE,2015 - SEPTIEMBRE,9.0,,,8.0,
Financiera,MITSUI AUTO FINANCE,2016 - MARZO,9.0,,,8.0,
Financiera,MITSUI AUTO FINANCE,2016 - SEPTIEMBRE,9.0,,,8.0,
Financiera,MITSUI AUTO FINANCE,2017 - MARZO,9.0,,,8.0,
Financiera,MITSUI AUTO FINANCE,2017 - SEPTIEMBRE,9.0,,,8.0,
Financiera,MITSUI AUTO FINANCE,2018 - MARZO,9.0,,,8.0,
Financiera,MITSUI AUTO FINANCE,2018 - SEPTIEMBRE,9.0,,,8.0,
Financiera,MITSUI AUTO FINANCE,2019 - MARZO,9.0,,,8.0,
Financiera,MITSUI AUTO FINANCE,2019 - SEPTIEMBRE,9.0,,,8.0,
Financiera,MITSUI AUTO FINANCE,2020 - MARZO,9.0,,,8.0,
Financiera,MITSUI AUTO FINANCE,2020 - SEPTIEMBRE,9.0,,,8.0,
Financiera,MITSUI AUTO FINANCE,2021 - MARZO,9.0,,,8.0,
Financiera,MITSUI AUTO FINANCE,2021 - SEPTIEMBRE,9.0,,,8.0,
Financiera,MITSUI AUTO FINANCE,2022 - MARZO,9.0,,,8.0,
Financiera,MITSUI AUTO FINANCE,2022 - SEPTIEMBRE,9.0,,,8.0,
Financiera,MITSUI AUTO FINANCE,2023 - MARZO,9.0,,,8.0,
Financiera,MITSUI AUTO FINANCE,2023 - SEPTIEMBRE,9.0,,,8.0,
Financiera,MITSUI AUTO FINANCE,2024 - MARZO,9.0,,,8.0,
Financiera,MITSUI AUTO FINANCE,2024 - SEPTIEMBRE,9.0,,,8.0,
Financiera,MITSUI AUTO FINANCE,2025 - MARZO,9.0,,,8.0,
Financiera,MITSUI AUTO FINANCE,2025 - SEPTIEMBRE,9.0,,,8.0,
Financiera,MITSUI AUTO FINANCE,2026 - MARZO,9.0,,,8.0,
Financiera,MITSUI AUTO FINANCE,2026 - SEPTIEMBRE,9.0,,,8.0,
Fondo,FONDO MIVIVIENDA,2012 - MARZO,9.0,,,9.0,
Fondo,FONDO MIVIVIENDA,2012 - SEPTIEMBRE,9.0,,,9.0,
Fondo,FONDO MIVIVIENDA,2013 - MARZO,9.0,,,9.0,
Fondo,FONDO MIVIVIENDA,2013 - SEPTIEMBRE,9.0,,,9.0,
Fondo,FONDO MIVIVIENDA,2014 - MARZO,9.0,,,9.0,
Fondo,FONDO MIVIVIENDA,2014 - SEPTIEMBRE,9.0,,,9.0,
Fondo,FONDO MIVIVIENDA,2015 - MARZO,9.0,,,9.0,
Fondo,FONDO MIVIVIENDA,2015 - SEPTIEMBRE,9.0,,,9.0,
Fondo,FONDO MIVIVIENDA,2016 - MARZO,9.0,,,9.0,
Fondo,FONDO MIVIVIENDA,2016 - SEPTIEMBRE,9.0,,,9.0,
Fondo,FONDO MIVIVIENDA,2017 - MARZO,9.0,,,9.0,
Fondo,FONDO MIVIVIENDA,2017 - SEPTIEMBRE,9.0,,,9.0,
Fondo,FONDO MIVIVIENDA,2018 - MARZO,9.0,,,9.0,
Fondo,FONDO MIVIVIENDA,2018 - SEPTIEMBRE,9.0,,,9.0,
Fondo,FONDO MIVIVIENDA,2019 - MARZO,9.0,,,9.0,
Fondo,FONDO MIVIVIENDA,2019 - SEPTIEMBRE,9.0,,,9.0,
Fondo,FONDO MIVIVIENDA,2020 - MARZO,9.0,,,9.0,
Fondo,FONDO MIVIVIENDA,2020 - SEPTIEMBRE,9.0,,,9.0,
Fondo,FONDO MIVIVIENDA,2021 - MARZO,9.0,,,9.0,
Fondo,FONDO MIVIVIENDA,2021 - SEPTIEMBRE,9.0,,,9.0,
Fondo,FONDO MIVIVIENDA,2022 - MARZO,9.0,,,9.0,
Fondo,FONDO MIVIVIENDA,2022 - SEPTIEMBRE,9.0,,,9.0,
Fondo,FONDO MIVIVIENDA,2023 - MARZO,9.0,,,9.0,
Fondo,FONDO MIVIVIENDA,2023 - SEPTIEMBRE,9.0,,,9.0,
Fondo,FONDO MIVIVIENDA,2024 - MARZO,9.0,,,9.0,
Fondo,FONDO MIVIVIENDA,2024 - SEPTIEMBRE,9.0,,,9.0,
Fondo,FONDO MIVIVIENDA,2025 - MARZO,9.0,,,9.0,
Fondo,FONDO MIVIVIENDA,2025 - SEPTIEMBRE,9.0,,,9.0,
Fondo,FONDO MIVIVIENDA,2026 - MARZO,9.0,,,9.0,
Fondo,FONDO MIVIVIENDA,2026 - SEPTIEMBRE,9.0,,,9.0,
Seguros,AVLA Perú,2012 - MARZO,,9.0,,,9.0
Seguros,AVLA Perú,2012 - SEPTIEMBRE,,9.0,,,9.0
Seguros,AVLA Perú,2013 - MARZO,,9.0,,,9.0
Seguros,AVLA Perú,2013 - SEPTIEMBRE,,9.0,,,9.0
Seguros,AVLA Perú,2014 - MARZO,,9.0,,,9.0
Seguros,AVLA Perú,2014 - SEPTIEMBRE,,9.0,,,9.0
Seguros,AVLA Perú,2015 - MARZO,,9.0,,,9.0
Seguros,AVLA Perú,2015 - SEPTIEMBRE,,9.0,,,9.0
Seguros,AVLA Perú,2016 - MARZO,,9.0,,,9.0
Seguros,AVLA Perú,2016 - SEPTIEMBRE,,9.0,,,9.0
Seguros,AVLA Perú,2017 - MARZO,,9.0,,,9.0
Seguros,AVLA Perú,2017 - SEPTIEMBRE,,9.0,,,9.0
Seguros,AVLA Perú,2018 - MARZO,,9.0,,,9.0
Seguros,AVLA Perú,2018 - SEPTIEMBRE,,9.0,,,9.0
Seguros,AVLA Perú,2019 - MARZO,,9.0,,,9.0
Seguros,AVLA Perú,2019 - SEPTIEMBRE,,9.0,,,9.0
Seguros,AVLA Perú,2020 - MARZO,,9.0,,,9.0
Seguros,AVLA Perú,2020 - SEPTIEMBRE,,9.0,,,9.0
Seguros,AVLA Perú,2021 - MARZO,,9.0,,,9.0
Seguros,AVLA Perú,2021 - SEPTIEMBRE,,9.0,,,9.0
Seguros,AVLA Perú,2022 - MARZO,,9.0,,,9.0
Seguros,AVLA Perú,2022 - SEPTIEMBRE,,9.0,,,9.0
Seguros,AVLA Perú,2023 - MARZO,,9.0,,,9.0
Seguros,AVLA Perú,2023 - SEPTIEMBRE,,9.0,,,9.0
Seguros,AVLA Perú,2024 - MARZO,,9.0,,,9.0
Seguros,AVLA Perú,2024 - SEPTIEMBRE,,9.0,,,9.0
Seguros,AVLA Perú,2025 - MARZO,,9.0,,,9.0
Seguros,AVLA Perú,2025 - SEPTIEMBRE,,9.0,,,9.0
Seguros,AVLA Perú,2026 - MARZO,,9.0,,,9.0
Seguros,AVLA Perú,2026 - SEPTIEMBRE,,9.0,,,9.0
Seguros,AuguStar Seguros,2012 - MARZO,8.0,,,,8.0
Seguros,AuguStar Seguros,2012 - SEPTIEMBRE,8.0,,,,8.0
Seguros,AuguStar Seguros,2013 - MARZO,8.0,,,,8.0
Seguros,AuguStar Seguros,2013 - SEPTIEMBRE,8.0,,,,8.0
Seguros,AuguStar Seguros,2014 - MARZO,8.0,,,,8.0
Seguros,AuguStar Seguros,2014 - SEPTIEMBRE,8.0,,,,8.0
Seguros,AuguStar Seguros,2015 - MARZO,8.0,,,,8.0
Seguros,AuguStar Seguros,2015 - SEPTIEMBRE,8.0,,,,8.0
Seguros,AuguStar Seguros,2016 - MARZO,8.0,,,,8.0
Seguros,AuguStar Seguros,2016 - SEPTIEMBRE,8.0,,,,8.0
Seguros,AuguStar Seguros,2017 - MARZO,8.0,,,,8.0
Seguros,AuguStar Seguros,2017 - SEPTIEMBRE,8.0,,,,8.0
Seguros,AuguStar Seguros,2018 - MARZO,8.0,,,,8.0
Seguros,AuguStar Seguros,2018 - SEPTIEMBRE,8.0,,,,8.0
Seguros,AuguStar Seguros,2019 - MARZO,8.0,,,,8.0
Seguros,AuguStar Seguros,2019 - SEPTIEMBRE,8.0,,,,8.0
Seguros,AuguStar Seguros,2020 - MARZO,8.0,,,,8.0
Seguros,AuguStar Seguros,2020 - SEPTIEMBRE,8.0,,,,8.0
Seguros,AuguStar Seguros,2021 - MARZO,8.0,,,,8.0
Seguros,AuguStar Seguros,2021 - SEPTIEMBRE,8.0,,,,8.0
Seguros,AuguStar Seguros,2022 - MARZO,8.0,,,,8.0
Seguros,AuguStar Seguros,2022 - SEPTIEMBRE,8.0,,,,8.0
Seguros,AuguStar Seguros,2023 - MARZO,8.0,,,,8.0
Seguros,AuguStar Seguros,2023 - SEPTIEMBRE,8.0,,,,8.0
Seguros,AuguStar Seguros,2024 - MARZO,8.0,,,,8.0
Seguros,AuguStar Seguros,2024 - SEPTIEMBRE,8.0,,,,8.0
Seguros,AuguStar Seguros,2025 - MARZO,8.0,,,,8.0
Seguros,AuguStar Seguros,2025 - SEPTIEMBRE,8.0,,,,8.0
Seguros,AuguStar Seguros,2026 - MARZO,8.0,,,,8.0
Seguros,AuguStar Seguros,2026 - SEPTIEMBRE,8.0,,,,8.0
Seguros,BNP Paribas Cardif,2012 - MARZO,,,,9.0,10.0
Seguros,BNP Paribas Cardif,2012 - SEPTIEMBRE,,,,9.0,10.0
Seguros,BNP Paribas Cardif,2013 - MARZO,,,,9.0,10.0
Seguros,BNP Paribas Cardif,2013 - SEPTIEMBRE,,,,9.0,10.0
Seguros,BNP Paribas Cardif,2014 - MARZO,,,,9.0,10.0
Seguros,BNP Paribas Cardif,2014 - SEPTIEMBRE,,,,9.0,10.0
Seguros,BNP Paribas Cardif,2015 - MARZO,,,,9.0,10.0
Seguros,BNP Paribas Cardif,2015 - SEPTIEMBRE,,,,9.0,10.0
Seguros,BNP Paribas Cardif,2016 - MARZO,,,,9.0,10.0
Seguros,BNP Paribas Cardif,2016 - SEPTIEMBRE,,,,9.0,10.0
Seguros,BNP Paribas Cardif,2017 - MARZO,,,,9.0,10.0
Seguros,BNP Paribas Cardif,2017 - SEPTIEMBRE,,,,9.0,10.0
Seguros,BNP Paribas Cardif,2018 - MARZO,,,,9.0,10.0
Seguros,BNP Paribas Cardif,2018 - SEPTIEMBRE,,,,9.0,10.0
Seguros,BNP Paribas Cardif,2019 - MARZO,,,,9.0,10.0
Seguros,BNP Paribas Cardif,2019 - SEPTIEMBRE,,,,9.0,10.0
Seguros,BNP Paribas Cardif,2020 - MARZO,,,,9.0,10.0
Seguros,BNP Paribas Cardif,2020 - SEPTIEMBRE,,,,9.0,10.0
Seguros,BNP Paribas Cardif,2021 - MARZO,,,,9.0,10.0
Seguros,BNP Paribas Cardif,2021 - SEPTIEMBRE,,,,9.0,10.0
Seguros,BNP Paribas Cardif,2022 - MARZO,,,,9.0,10.0
Seguros,BNP Paribas Cardif,2022 - SEPTIEMBRE,,,,9.0,10.0
Seguros,BNP Paribas Cardif,2023 - MARZO,,,,9.0,10.0
Seguros,BNP Paribas Cardif,2023 - SEPTIEMBRE,,,,9.0,10.0
Seguros,BNP Paribas Cardif,2024 - MARZO,,,,9.0,10.0
Seguros,BNP Paribas Cardif,2024 - SEPTIEMBRE,,,,9.0,10.0
Seguros,BNP Paribas Cardif,2025 - MARZO,,,,9.0,10.0
Seguros,BNP Paribas Cardif,2025 - SEPTIEMBRE,,,,9.0,10.0
Seguros,BNP Paribas Cardif,2026 - MARZO,,,,9.0,10.0
Seguros,BNP Paribas Cardif,2026 - SEPTIEMBRE,,,,9.0,10.0
Seguros,Cesce,2012 - MARZO,,,,9.0,9.0
Seguros,Cesce,2012 - SEPTIEMBRE,,,,9.0,9.0
Seguros,Cesce,2013 - MARZO,,,,9.0,9.0
Seguros,Cesce,2013 - SEPTIEMBRE,,,,9.0,9.0
Seguros,Cesce,2014 - MARZO,,,,9.0,9.0
Seguros,Cesce,2014 - SEPTIEMBRE,,,,9.0,9.0
Seguros,Cesce,2015 - MARZO,,,,9.0,9.0
Seguros,Cesce,2015 - SEPTIEMBRE,,,,9.0,9.0
Seguros,Cesce,2016 - MARZO,,,,9.0,9.0
Seguros,Cesce,2016 - SEPTIEMBRE,,,,9.0,9.0
Seguros,Cesce,2017 - MARZO,,,,9.0,9.0
Seguros,Cesce,2017 - SEPTIEMBRE,,,,9.0,9.0
Seguros,Cesce,2018 - MARZO,,,,9.0,9.0
Seguros,Cesce,2018 - SEPTIEMBRE,,,,9.0,9.0
Seguros,Cesce,2019 - MARZO,,,,9.0,9.0
Seguros,Cesce,2019 - SEPTIEMBRE,,,,9.0,9.0
Seguros,Cesce,2020 - MARZO,,,,9.0,9.0
Seguros,Cesce,2020 - SEPTIEMBRE,,,,9.0,9.0
Seguros,Cesce,2021 - MARZO,,,,9.0,9.0
Seguros,Cesce,2021 - SEPTIEMBRE,,,,9.0,9.0
Seguros,Cesce,2022 - MARZO,,,,9.0,9.0
Seguros,Cesce,2022 - SEPTIEMBRE,,,,9.0,9.0
Seguros,Cesce,2023 - MARZO,,,,9.0,9.0
Seguros,Cesce,2023 - SEPTIEMBRE,,,,9.0,9.0
Seguros,Cesce,2024 - MARZO,,,,9.0,9.0
Seguros,Cesce,2024 - SEPTIEMBRE,,,,9.0,9.0
Seguros,Cesce,2025 - MARZO,,,,9.0,9.0
Seguros,Cesce,2025 - SEPTIEMBRE,,,,9.0,9.0
Seguros,Cesce,2026 - MARZO,,,,9.0,9.0
Seguros,Cesce,2026 - SEPTIEMBRE,,,,9.0,9.0
Seguros,Chubb Perú,2012 - MARZO,,,,9.0,9.0
Seguros,Chubb Perú,2012 - SEPTIEMBRE,,,,9.0,9.0
Seguros,Chubb Perú,2013 - MARZO,,,,9.0,9.0
Seguros,Chubb Perú,2013 - SEPTIEMBRE,,,,9.0,9.0
Seguros,Chubb Perú,2014 - MARZO,,,,9.0,9.0
Seguros,Chubb Perú,2014 - SEPTIEMBRE,,,,9.0,9.0
Seguros,Chubb Perú,2015 - MARZO,,,,9.0,9.0
Seguros,Chubb Perú,2015 - SEPTIEMBRE,,,,9.0,9.0
Seguros,Chubb Perú,2016 - MARZO,,,,9.0,9.0
Seguros,Chubb Perú,2016 - SEPTIEMBRE,,,,9.0,9.0
Seguros,Chubb Perú,2017 - MARZO,,,,9.0,9.0
Seguros,Chubb Perú,2017 - SEPTIEMBRE,,,,9.0,9.0
Seguros,Chubb Perú,2018 - MARZO,,,,9.0,9.0
Seguros,Chubb Perú,2018 - SEPTIEMBRE,,,,9.0,9.0
Seguros,Chubb Perú,2019 - MARZO,,,,9.0,9.0
Seguros,Chubb Perú,2019 - SEPTIEMBRE,,,,9.0,9.0
Seguros,Chubb Perú,2020 - MARZO,,,,9.0,9.0
Seguros,Chubb Perú,2020 - SEPTIEMBRE,,,,9.0,9.0
Seguros,Chubb Perú,2021 - MARZO,,,,9.0,9.0
Seguros,Chubb Perú,2021 - SEPTIEMBRE,,,,9.0,9.0
Seguros,Chubb Perú,2022 - MARZO,,,,9.0,9.0
Seguros,Chubb Perú,2022 - SEPTIEMBRE,,,,9.0,9.0
Seguros,Chubb Perú,2023 - MARZO,,,,9.0,9.0
Seguros,Chubb Perú,2023 - SEPTIEMBRE,,,,9.0,9.0
Seguros,Chubb Perú,2024 - MARZO,,,,9.0,9.0
Seguros,Chubb Perú,2024 - SEPTIEMBRE,,,,9.0,9.0
Seguros,Chubb Perú,2025 - MARZO,,,,9.0,9.0
Seguros,Chubb Perú,2025 - SEPTIEMBRE,,,,9.0,9.0
Seguros,Chubb Perú,2026 - MARZO,,,,9.0,9.0
Seguros,Chubb Perú,2026 - SEPTIEMBRE,,,,9.0,9.0
Seguros,Crecer Seguros,2012 - MARZO,,,,8.0,9.0
Seguros,Crecer Seguros,2012 - SEPTIEMBRE,,,,8.0,9.0
Seguros,Crecer Seguros,2013 - MARZO,,,,8.0,9.0
Seguros,Crecer Seguros,2013 - SEPTIEMBRE,,,,8.0,9.0
Seguros,Crecer Seguros,2014 - MARZO,,,,8.0,9.0
Seguros,Crecer Seguros,2014 - SEPTIEMBRE,,,,8.0,9.0
Seguros,Crecer Seguros,2015 - MARZO,,,,8.0,9.0
Seguros,Crecer Seguros,2015 - SEPTIEMBRE,,,,8.0,9.0
Seguros,Crecer Seguros,2016 - MARZO,,,,8.0,9.0
Seguros,Crecer Seguros,2016 - SEPTIEMBRE,,,,8.0,9.0
Seguros,Crecer Seguros,2017 - MARZO,,,,8.0,9.0
Seguros,Crecer Seguros,2017 - SEPTIEMBRE,,,,8.0,9.0
Seguros,Crecer Seguros,2018 - MARZO,,,,8.0,9.0
Seguros,Crecer Seguros,2018 - SEPTIEMBRE,,,,8.0,9.0
Seguros,Crecer Seguros,2019 - MARZO,,,,8.0,9.0
Seguros,Crecer Seguros,2019 - SEPTIEMBRE,,,,8.0,9.0
Seguros,Crecer Seguros,2020 - MARZO,,,,8.0,9.0
Seguros,Crecer Seguros,2020 - SEPTIEMBRE,,,,8.0,9.0
Seguros,Crecer Seguros,2021 - MARZO,,,,8.0,9.0
Seguros,Crecer Seguros,2021 - SEPTIEMBRE,,,,8.0,9.0
Seguros,Crecer Seguros,2022 - MARZO,,,,8.0,9.0
Seguros,Crecer Seguros,2022 - SEPTIEMBRE,,,,8.0,9.0
Seguros,Crecer Seguros,2023 - MARZO,,,,8.0,9.0
Seguros,Crecer Seguros,2023 - SEPTIEMBRE,,,,8.0,9.0
Seguros,Crecer Seguros,2024 - MARZO,,,,8.0,9.0
Seguros,Crecer Seguros,2024 - SEPTIEMBRE,,,,8.0,9.0
Seguros,Crecer Seguros,2025 - MARZO,,,,8.0,9.0
Seguros,Crecer Seguros,2025 - SEPTIEMBRE,,,,8.0,9.0
Seguros,Crecer Seguros,2026 - MARZO,,,,8.0,9.0
Seguros,Crecer Seguros,2026 - SEPTIEMBRE,,,,8.0,9.0
Seguros,Insur,2012 - MARZO,,,,9.0,9.0
Seguros,Insur,2012 - SEPTIEMBRE,,,,9.0,9.0
Seguros,Insur,2013 - MARZO,,,,9.0,9.0
Seguros,Insur,2013 - SEPTIEMBRE,,,,9.0,9.0
Seguros,Insur,2014 - MARZO,,,,9.0,9.0
Seguros,Insur,2014 - SEPTIEMBRE,,,,9.0,9.0
Seguros,Insur,2015 - MARZO,,,,9.0,9.0
Seguros,Insur,2015 - SEPTIEMBRE,,,,9.0,9.0
Seguros,Insur,2016 - MARZO,,,,9.0,9.0
Seguros,Insur,2016 - SEPTIEMBRE,,,,9.0,9.0
Seguros,Insur,2017 - MARZO,,,,9.0,9.0
Seguros,Insur,2017 - SEPTIEMBRE,,,,9.0,9.0
Seguros,Insur,2018 - MARZO,,,,9.0,9.0
Seguros,Insur,2018 - SEPTIEMBRE,,,,9.0,9.0
Seguros,Insur,2019 - MARZO,,,,9.0,9.0
Seguros,Insur,2019 - SEPTIEMBRE,,,,9.0,9.0
Seguros,Insur,2020 - MARZO,,,,9.0,9.0
Seguros,Insur,2020 - SEPTIEMBRE,,,,9.0,9.0
Seguros,Insur,2021 - MARZO,,,,9.0,9.0
Seguros,Insur,2021 - SEPTIEMBRE,,,,9.0,9.0
Seguros,Insur,2022 - MARZO,,,,9.0,9.0
Seguros,Insur,2022 - SEPTIEMBRE,,,,9.0,9.0
Seguros,Insur,2023 - MARZO,,,,9.0,9.0
Seguros,Insur,2023 - SEPTIEMBRE,,,,9.0,9.0
Seguros,Insur,2024 - MARZO,,,,9.0,9.0
Seguros,Insur,2024 - SEPTIEMBRE,,,,9.0,9.0
Seguros,Insur,2025 - MARZO,,,,9.0,9.0
Seguros,Insur,2025 - SEPTIEMBRE,,,,9.0,9.0
Seguros,Insur,2026 - MARZO,,,,9.0,9.0
Seguros,Insur,2026 - SEPTIEMBRE,,,,9.0,9.0
Seguros,Interseguro,2012 - MARZO,,,,10.0,10.0
Seguros,Interseguro,2012 - SEPTIEMBRE,,,,10.0,10.0
Seguros,Interseguro,2013 - MARZO,,,,10.0,10.0
Seguros,Interseguro,2013 - SEPTIEMBRE,,,,10.0,10.0
Seguros,Interseguro,2014 - MARZO,,,,10.0,10.0
Seguros,Interseguro,2014 - SEPTIEMBRE,,,,10.0,10.0
Seguros,Interseguro,2015 - MARZO,,,,10.0,10.0
Seguros,Interseguro,2015 - SEPTIEMBRE,,,,10.0,10.0
Seguros,Interseguro,2016 - MARZO,,,,10.0,10.0
Seguros,Interseguro,2016 - SEPTIEMBRE,,,,10.0,10.0
Seguros,Interseguro,2017 - MARZO,,,,10.0,10.0
Seguros,Interseguro,2017 - SEPTIEMBRE,,,,10.0,10.0
Seguros,Interseguro,2018 - MARZO,,,,10.0,10.0
Seguros,Interseguro,2018 - SEPTIEMBRE,,,,10.0,10.0
Seguros,Interseguro,2019 - MARZO,,,,10.0,10.0
Seguros,Interseguro,2019 - SEPTIEMBRE,,,,10.0,10.0
Seguros,Interseguro,2020 - MARZO,,,,10.0,10.0
Seguros,Interseguro,2020 - SEPTIEMBRE,,,,10.0,10.0
Seguros,Interseguro,2021 - MARZO,,,,10.0,10.0
Seguros,Interseguro,2021 - SEPTIEMBRE,,,,10.0,10.0
Seguros,Interseguro,2022 - MARZO,,,,10.0,10.0
Seguros,Interseguro,2022 - SEPTIEMBRE,,,,10.0,10.0
Seguros,Interseguro,2023 - MARZO,,,,10.0,10.0
Seguros,Interseguro,2023 - SEPTIEMBRE,,,,10.0,10.0
Seguros,Interseguro,2024 - MARZO,,,,10.0,10.0
Seguros,Interseguro,2024 - SEPTIEMBRE,,,,10.0,10.0
Seguros,Interseguro,2025 - MARZO,,,,10.0,10.0
Seguros,Interseguro,2025 - SEPTIEMBRE,,,,10.0,10.0
Seguros,Interseguro,2026 - MARZO,,,,10.0,10.0
Seguros,Interseguro,2026 - SEPTIEMBRE,,,,10.0,10.0
Seguros,La Positiva,2012 - MARZO,9.0,,,9.0,
Seguros,La Positiva,2012 - SEPTIEMBRE,9.0,,,9.0,
Seguros,La Positiva,2013 - MARZO,9.0,,,9.0,
Seguros,La Positiva,2013 - SEPTIEMBRE,9.0,,,9.0,
Seguros,La Positiva,2014 - MARZO,9.0,,,9.0,
Seguros,La Positiva,2014 - SEPTIEMBRE,9.0,,,9.0,
Seguros,La Positiva,2015 - MARZO,9.0,,,9.0,
Seguros,La Positiva,2015 - SEPTIEMBRE,9.0,,,9.0,
Seguros,La Positiva,2016 - MARZO,9.0,,,9.0,
Seguros,La Positiva,2016 - SEPTIEMBRE,9.0,,,9.0,
Seguros,La Positiva,2017 - MARZO,9.0,,,9.0,
Seguros,La Positiva,2017 - SEPTIEMBRE,9.0,,,9.0,
Seguros,La Positiva,2018 - MARZO,9.0,,,9.0,
Seguros,La Positiva,2018 - SEPTIEMBRE,9.0,,,9.0,
Seguros,La Positiva,2019 - MARZO,9.0,,,9.0,
Seguros,La Positiva,2019 - SEPTIEMBRE,9.0,,,9.0,
Seguros,La Positiva,2020 - MARZO,9.0,,,9.0,
Seguros,La Positiva,2020 - SEPTIEMBRE,9.0,,,9.0,
Seguros,La Positiva,2021 - MARZO,9.0,,,9.0,
Seguros,La Positiva,2021 - SEPTIEMBRE,9.0,,,9.0,
Seguros,La Positiva,2022 - MARZO,9.0,,,9.0,
Seguros,La Positiva,2022 - SEPTIEMBRE,9.0,,,9.0,
Seguros,La Positiva,2023 - MARZO,9.0,,,9.0,
Seguros,La Positiva,2023 - SEPTIEMBRE,9.0,,,9.0,
Seguros,La Positiva,2024 - MARZO,9.0,,,9.0,
Seguros,La Positiva,2024 - SEPTIEMBRE,9.0,,,9.0,
Seguros,La Positiva,2025 - MARZO,9.0,,,9.0,
Seguros,La Positiva,2025 - SEPTIEMBRE,9.0,,,9.0,
Seguros,La Positiva,2026 - MARZO,9.0,,,9.0,
Seguros,La Positiva,2026 - SEPTIEMBRE,9.0,,,9.0,
Seguros,La Positiva Vida,2012 - MARZO,9.0,,,9.0,
Seguros,La Positiva Vida,2012 - SEPTIEMBRE,9.0,,,9.0,
Seguros,La Positiva Vida,2013 - MARZO,9.0,,,9.0,
Seguros,La Positiva Vida,2013 - SEPTIEMBRE,9.0,,,9.0,
Seguros,La Positiva Vida,2014 - MARZO,9.0,,,9.0,
Seguros,La Positiva Vida,2014 - SEPTIEMBRE,9.0,,,9.0,
Seguros,La Positiva Vida,2015 - MARZO,9.0,,,9.0,
Seguros,La Positiva Vida,2015 - SEPTIEMBRE,9.0,,,9.0,
Seguros,La Positiva Vida,2016 - MARZO,9.0,,,9.0,
Seguros,La Positiva Vida,2016 - SEPTIEMBRE,9.0,,,9.0,
Seguros,La Positiva Vida,2017 - MARZO,9.0,,,9.0,
Seguros,La Positiva Vida,2017 - SEPTIEMBRE,9.0,,,9.0,
Seguros,La Positiva Vida,2018 - MARZO,9.0,,,9.0,
Seguros,La Positiva Vida,2018 - SEPTIEMBRE,9.0,,,9.0,
Seguros,La Positiva Vida,2019 - MARZO,9.0,,,9.0,
Seguros,La Positiva Vida,2019 - SEPTIEMBRE,9.0,,,9.0,
Seguros,La Positiva Vida,2020 - MARZO,9.0,,,9.0,
Seguros,La Positiva Vida,2020 - SEPTIEMBRE,9.0,,,9.0,
Seguros,La Positiva Vida,2021 - MARZO,9.0,,,9.0,
Seguros,La Positiva Vida,2021 - SEPTIEMBRE,9.0,,,9.0,
Seguros,La Positiva Vida,2022 - MARZO,9.0,,,9.0,
Seguros,La Positiva Vida,2022 - SEPTIEMBRE,9.0,,,9.0,
Seguros,La Positiva Vida,2023 - MARZO,9.0,,,9.0,
Seguros,La Positiva Vida,2023 - SEPTIEMBRE,9.0,,,9.0,
Seguros,La Positiva Vida,2024 - MARZO,9.0,,,9.0,
Seguros,La Positiva Vida,2024 - SEPTIEMBRE,9.0,,,9.0,
Seguros,La Positiva Vida,2025 - MARZO,9.0,,,9.0,
Seguros,La Positiva Vida,2025 - SEPTIEMBRE,9.0,,,9.0,
Seguros,La Positiva Vida,2026 - MARZO,9.0,,,9.0,
Seguros,La Positiva Vida,2026 - SEPTIEMBRE,9.0,,,9.0,
Seguros,Liberty Seguros,2012 - MARZO,9.0,,,9.0,
Seguros,Liberty Seguros,2012 - SEPTIEMBRE,9.0,,,9.0,
Seguros,Liberty Seguros,2013 - MARZO,9.0,,,9.0,
Seguros,Liberty Seguros,2013 - SEPTIEMBRE,9.0,,,9.0,
Seguros,Liberty Seguros,2014 - MARZO,9.0,,,9.0,
Seguros,Liberty Seguros,2014 - SEPTIEMBRE,9.0,,,9.0,
Seguros,Liberty Seguros,2015 - MARZO,9.0,,,9.0,
Seguros,Liberty Seguros,2015 - SEPTIEMBRE,9.0,,,9.0,
Seguros,Liberty Seguros,2016 - MARZO,9.0,,,9.0,
Seguros,Liberty Seguros,2016 - SEPTIEMBRE,9.0,,,9.0,
Seguros,Liberty Seguros,2017 - MARZO,9.0,,,9.0,
Seguros,Liberty Seguros,2017 - SEPTIEMBRE,9.0,,,9.0,
Seguros,Liberty Seguros,2018 - MARZO,9.0,,,9.0,
Seguros,Liberty Seguros,2018 - SEPTIEMBRE,9.0,,,9.0,
Seguros,Liberty Seguros,2019 - MARZO,9.0,,,9.0,
Seguros,Liberty Seguros,2019 - SEPTIEMBRE,9.0,,,9.0,
Seguros,Liberty Seguros,2020 - MARZO,9.0,,,9.0,
Seguros,Liberty Seguros,2020 - SEPTIEMBRE,9.0,,,9.0,
Seguros,Liberty Seguros,2021 - MARZO,9.0,,,9.0,
Seguros,Liberty Seguros,2021 - SEPTIEMBRE,9.0,,,9.0,
Seguros,Liberty Seguros,2022 - MARZO,9.0,,,9.0,
Seguros,Liberty Seguros,2022 - SEPTIEMBRE,9.0,,,9.0,
Seguros,Liberty Seguros,2023 - MARZO,9.0,,,9.0,
Seguros,Liberty Seguros,2023 - SEPTIEMBRE,9.0,,,9.0,
Seguros,Liberty Seguros,2024 - MARZO,9.0,,,9.0,
Seguros,Liberty Seguros,2024 - SEPTIEMBRE,9.0,,,9.0,
Seguros,Liberty Seguros,2025 - MARZO,9.0,,,9.0,
Seguros,Liberty Seguros,2025 - SEPTIEMBRE,9.0,,,9.0,
Seguros,Liberty Seguros,2026 - MARZO,9.0,,,9.0,
Seguros,Liberty Seguros,2026 - SEPTIEMBRE,9.0,,,9.0,
Seguros,Mapfre Perú,2012 - MARZO,,,,10.0,10.0
Seguros,Mapfre Perú,2012 - SEPTIEMBRE,,,,10.0,10.0
Seguros,Mapfre Perú,2013 - MARZO,,,,10.0,10.0
Seguros,Mapfre Perú,2013 - SEPTIEMBRE,,,,10.0,10.0
Seguros,Mapfre Perú,2014 - MARZO,,,,10.0,10.0
Seguros,Mapfre Perú,2014 - SEPTIEMBRE,,,,10.0,10.0
Seguros,Mapfre Perú,2015 - MARZO,,,,10.0,10.0
Seguros,Mapfre Perú,2015 - SEPTIEMBRE,,,,10.0,10.0
Seguros,Mapfre Perú,2016 - MARZO,,,,10.0,10.0
Seguros,Mapfre Perú,2016 - SEPTIEMBRE,,,,10.0,10.0
Seguros,Mapfre Perú,2017 - MARZO,,,,10.0,10.0
Seguros,Mapfre Perú,2017 - SEPTIEMBRE,,,,10.0,10.0
Seguros,Mapfre Perú,2018 - MARZO,,,,10.0,10.0
Seguros,Mapfre Perú,2018 - SEPTIEMBRE,,,,10.0,10.0
Seguros,Mapfre Perú,2019 - MARZO,,,,10.0,10.0
Seguros,Mapfre Perú,2019 - SEPTIEMBRE,,,,10.0,10.0
Seguros,Mapfre Perú,2020 - MARZO,,,,10.0,10.0
Seguros,Mapfre Perú,2020 - SEPTIEMBRE,,,,10.0,10.0
Seguros,Mapfre Perú,2021 - MARZO,,,,10.0,10.0
Seguros,Mapfre Perú,2021 - SEPTIEMBRE,,,,10.0,10.0
Seguros,Mapfre Perú,2022 - MARZO,,,,10.0,10.0
Seguros,Mapfre Perú,2022 - SEPTIEMBRE,,,,10.0,10.0
Seguros,Mapfre Perú,2023 - MARZO,,,,10.0,10.0
Seguros,Mapfre Perú,2023 - SEPTIEMBRE,,,,10.0,10.0
Seguros,Mapfre Perú,2024 - MARZO,,,,10.0,10.0
Seguros,Mapfre Perú,2024 - SEPTIEMBRE,,,,10.0,10.0
Seguros,Mapfre Perú,2025 - MARZO,,,,10.0,10.0
Seguros,Mapfre Perú,2025 - SEPTIEMBRE,,,,10.0,10.0
Seguros,Mapfre Perú,2026 - MARZO,,,,10.0,10.0
Seguros,Mapfre Perú,2026 - SEPTIEMBRE,,,,10.0,10.0
Seguros,Pacífico Seguros,2012 - MARZO,10.0,,,10.0,
Seguros,Pacífico Seguros,2012 - SEPTIEMBRE,10.0,,,10.0,
Seguros,Pacífico Seguros,2013 - MARZO,10.0,,,10.0,
Seguros,Pacífico Seguros,2013 - SEPTIEMBRE,10.0,,,10.0,
Seguros,Pacífico Seguros,2014 - MARZO,10.0,,,10.0,
Seguros,Pacífico Seguros,2014 - SEPTIEMBRE,10.0,,,10.0,
Seguros,Pacífico Seguros,2015 - MARZO,10.0,,,10.0,
Seguros,Pacífico Seguros,2015 - SEPTIEMBRE,10.0,,,10.0,
Seguros,Pacífico Seguros,2016 - MARZO,10.0,,,10.0,
Seguros,Pacífico Seguros,2016 - SEPTIEMBRE,10.0,,,10.0,
Seguros,Pacífico Seguros,2017 - MARZO,10.0,,,10.0,
Seguros,Pacífico Seguros,2017 - SEPTIEMBRE,10.0,,,10.0,
Seguros,Pacífico Seguros,2018 - MARZO,10.0,,,10.0,
Seguros,Pacífico Seguros,2018 - SEPTIEMBRE,10.0,,,10.0,
Seguros,Pacífico Seguros,2019 - MARZO,10.0,,,10.0,
Seguros,Pacífico Seguros,2019 - SEPTIEMBRE,10.0,,,10.0,
Seguros,Pacífico Seguros,2020 - MARZO,10.0,,,10.0,
Seguros,Pacífico Seguros,2020 - SEPTIEMBRE,10.0,,,10.0,
Seguros,Pacífico Seguros,2021 - MARZO,10.0,,,10.0,
Seguros,Pacífico Seguros,2021 - SEPTIEMBRE,10.0,,,10.0,
Seguros,Pacífico Seguros,2022 - MARZO,10.0,,,10.0,
Seguros,Pacífico Seguros,2022 - SEPTIEMBRE,10.0,,,10.0,
Seguros,Pacífico Seguros,2023 - MARZO,10.0,,,10.0,
Seguros,Pacífico Seguros,2023 - SEPTIEMBRE,10.0,,,10.0,
Seguros,Pacífico Seguros,2024 - MARZO,10.0,,,10.0,
Seguros,Pacífico Seguros,2024 - SEPTIEMBRE,10.0,,,10.0,
Seguros,Pacífico Seguros,2025 - MARZO,10.0,,,10.0,
Seguros,Pacífico Seguros,2025 - SEPTIEMBRE,10.0,,,10.0,
Seguros,Pacífico Seguros,2026 - MARZO,10.0,,,10.0,
Seguros,Pacífico Seguros,2026 - SEPTIEMBRE,10.0,,,10.0,
Seguros,Protecta,2012 - MARZO,,,,9.0,9.0
Seguros,Protecta,2012 - SEPTIEMBRE,,,,9.0,9.0
Seguros,Protecta,2013 - MARZO,,,,9.0,9.0
Seguros,Protecta,2013 - SEPTIEMBRE,,,,9.0,9.0
Seguros,Protecta,2014 - MARZO,,,,9.0,9.0
Seguros,Protecta,2014 - SEPTIEMBRE,,,,9.0,9.0
Seguros,Protecta,2015 - MARZO,,,,9.0,9.0
Seguros,Protecta,2015 - SEPTIEMBRE,,,,9.0,9.0
Seguros,Protecta,2016 - MARZO,,,,9.0,9.0
Seguros,Protecta,2016 - SEPTIEMBRE,,,,9.0,9.0
Seguros,Protecta,2017 - MARZO,,,,9.0,9.0
Seguros,Protecta,2017 - SEPTIEMBRE,,,,9.0,9.0
Seguros,Protecta,2018 - MARZO,,,,9.0,9.0
Seguros,Protecta,2018 - SEPTIEMBRE,,,,9.0,9.0
Seguros,Protecta,2019 - MARZO,,,,9.0,9.0
Seguros,Protecta,2019 - SEPTIEMBRE,,,,9.0,9.0
Seguros,Protecta,2020 - MARZO,,,,9.0,9.0
Seguros,Protecta,2020 - SEPTIEMBRE,,,,9.0,9.0
Seguros,Protecta,2021 - MARZO,,,,9.0,9.0
Seguros,Protecta,2021 - SEPTIEMBRE,,,,9.0,9.0
Seguros,Protecta,2022 - MARZO,,,,9.0,9.0
Seguros,Protecta,2022 - SEPTIEMBRE,,,,9.0,9.0
Seguros,Protecta,2023 - MARZO,,,,9.0,9.0
Seguros,Protecta,2023 - SEPTIEMBRE,,,,9.0,9.0
Seguros,Protecta,2024 - MARZO,,,,9.0,9.0
Seguros,Protecta,2024 - SEPTIEMBRE,,,,9.0,9.0
Seguros,Protecta,2025 - MARZO,,,,9.0,9.0
Seguros,Protecta,2025 - SEPTIEMBRE,,,,9.0,9.0
Seguros,Protecta,2026 - MARZO,,,,9.0,9.0
Seguros,Protecta,2026 - SEPTIEMBRE,,,,9.0,9.0
Seguros,Quálitas,2012 - MARZO,,,,8.0,8.0
Seguros,Quálitas,2012 - SEPTIEMBRE,,,,8.0,8.0
Seguros,Quálitas,2013 - MARZO,,,,8.0,8.0
Seguros,Quálitas,2013 - SEPTIEMBRE,,,,8.0,8.0
Seguros,Quálitas,2014 - MARZO,,,,8.0,8.0
Seguros,Quálitas,2014 - SEPTIEMBRE,,,,8.0,8.0
Seguros,Quálitas,2015 - MARZO,,,,8.0,8.0
Seguros,Quálitas,2015 - SEPTIEMBRE,,,,8.0,8.0
Seguros,Quálitas,2016 - MARZO,,,,8.0,8.0
Seguros,Quálitas,2016 - SEPTIEMBRE,,,,8.0,8.0
Seguros,Quálitas,2017 - MARZO,,,,8.0,8.0
Seguros,Quálitas,2017 - SEPTIEMBRE,,,,8.0,8.0
Seguros,Quálitas,2018 - MARZO,,,,8.0,8.0
Seguros,Quálitas,2018 - SEPTIEMBRE,,,,8.0,8.0
Seguros,Quálitas,2019 - MARZO,,,,8.0,8.0
Seguros,Quálitas,2019 - SEPTIEMBRE,,,,8.0,8.0
Seguros,Quálitas,2020 - MARZO,,,,8.0,8.0
Seguros,Quálitas,2020 - SEPTIEMBRE,,,,8.0,8.0
Seguros,Quálitas,2021 - MARZO,,,,8.0,8.0
Seguros,Quálitas,2021 - SEPTIEMBRE,,,,8.0,8.0
Seguros,Quálitas,2022 - MARZO,,,,8.0,8.0
Seguros,Quálitas,2022 - SEPTIEMBRE,,,,8.0,8.0
Seguros,Quálitas,2023 - MARZO,,,,8.0,8.0
Seguros,Quálitas,2023 - SEPTIEMBRE,,,,8.0,8.0
Seguros,Quálitas,2024 - MARZO,,,,8.0,8.0
Seguros,Quálitas,2024 - SEPTIEMBRE,,,,8.0,8.0
Seguros,Quálitas,2025 - MARZO,,,,8.0,8.0
Seguros,Quálitas,2025 - SEPTIEMBRE,,,,8.0,8.0
Seguros,Quálitas,2026 - MARZO,,,,8.0,8.0
Seguros,Quálitas,2026 - SEPTIEMBRE,,,,8.0,8.0
Seguros,Rímac Seguros,2012 - MARZO,10.0,,,10.0,
Seguros,Rímac Seguros,2012 - SEPTIEMBRE,10.0,,,10.0,
Seguros,Rímac Seguros,2013 - MARZO,10.0,,,10.0,
Seguros,Rímac Seguros,2013 - SEPTIEMBRE,10.0,,,10.0,
Seguros,Rímac Seguros,2014 - MARZO,10.0,,,10.0,
Seguros,Rímac Seguros,2014 - SEPTIEMBRE,10.0,,,10.0,
Seguros,Rímac Seguros,2015 - MARZO,10.0,,,10.0,
Seguros,Rímac Seguros,2015 - SEPTIEMBRE,10.0,,,10.0,
Seguros,Rímac Seguros,2016 - MARZO,10.0,,,10.0,
Seguros,Rímac Seguros,2016 - SEPTIEMBRE,10.0,,,10.0,
Seguros,Rímac Seguros,2017 - MARZO,10.0,,,10.0,
Seguros,Rímac Seguros,2017 - SEPTIEMBRE,10.0,,,10.0,
Seguros,Rímac Seguros,2018 - MARZO,10.0,,,10.0,
Seguros,Rímac Seguros,2018 - SEPTIEMBRE,10.0,,,10.0,
Seguros,Rímac Seguros,2019 - MARZO,10.0,,,10.0,
Seguros,Rímac Seguros,2019 - SEPTIEMBRE,10.0,,,10.0,
Seguros,Rímac Seguros,2020 - MARZO,10.0,,,10.0,
Seguros,Rímac Seguros,2020 - SEPTIEMBRE,10.0,,,10.0,
Seguros,Rímac Seguros,2021 - MARZO,10.0,,,10.0,
Seguros,Rímac Seguros,2021 - SEPTIEMBRE,10.0,,,10.0,
Seguros,Rímac Seguros,2022 - MARZO,10.0,,,10.0,
Seguros,Rímac Seguros,2022 - SEPTIEMBRE,10.0,,,10.0,
Seguros,Rímac Seguros,2023 - MARZO,10.0,,,10.0,
Seguros,Rímac Seguros,2023 - SEPTIEMBRE,10.0,,,10.0,
Seguros,Rímac Seguros,2024 - MARZO,10.0,,,10.0,
Seguros,Rímac Seguros,2024 - SEPTIEMBRE,10.0,,,10.0,
Seguros,Rímac Seguros,2025 - MARZO,10.0,,,10.0,
Seguros,Rímac Seguros,2025 - SEPTIEMBRE,10.0,,,10.0,
Seguros,Rímac Seguros,2026 - MARZO,10.0,,,10.0,
Seguros,Rímac Seguros,2026 - SEPTIEMBRE,10.0,,,10.0,
Seguros,Vivir Seguros,2012 - MARZO,,8.0,,8.0,
Seguros,Vivir Seguros,2012 - SEPTIEMBRE,,8.0,,8.0,
Seguros,Vivir Seguros,2013 - MARZO,,8.0,,8.0,
Seguros,Vivir Seguros,2013 - SEPTIEMBRE,,8.0,,8.0,
Seguros,Vivir Seguros,2014 - MARZO,,8.0,,8.0,
Seguros,Vivir Seguros,2014 - SEPTIEMBRE,,8.0,,8.0,
Seguros,Vivir Seguros,2015 - MARZO,,8.0,,8.0,
Seguros,Vivir Seguros,2015 - SEPTIEMBRE,,8.0,,8.0,
Seguros,Vivir Seguros,2016 - MARZO,,8.0,,8.0,
Seguros,Vivir Seguros,2016 - SEPTIEMBRE,,8.0,,8.0,
Seguros,Vivir Seguros,2017 - MARZO,,8.0,,8.0,
Seguros,Vivir Seguros,2017 - SEPTIEMBRE,,8.0,,8.0,
Seguros,Vivir Seguros,2018 - MARZO,,8.0,,8.0,
Seguros,Vivir Seguros,2018 - SEPTIEMBRE,,8.0,,8.0,
Seguros,Vivir Seguros,2019 - MARZO,,8.0,,8.0,
Seguros,Vivir Seguros,2019 - SEPTIEMBRE,,8.0,,8.0,
Seguros,Vivir Seguros,2020 - MARZO,,8.0,,8.0,
Seguros,Vivir Seguros,2020 - SEPTIEMBRE,,8.0,,8.0,
Seguros,Vivir Seguros,2021 - MARZO,,8.0,,8.0,
Seguros,Vivir Seguros,2021 - SEPTIEMBRE,,8.0,,8.0,
Seguros,Vivir Seguros,2022 - MARZO,,8.0,,8.0,
Seguros,Vivir Seguros,2022 - SEPTIEMBRE,,8.0,,8.0,
Seguros,Vivir Seguros,2023 - MARZO,,8.0,,8.0,
Seguros,Vivir Seguros,2023 - SEPTIEMBRE,,8.0,,8.0,
Seguros,Vivir Seguros,2024 - MARZO,,8.0,,8.0,
Seguros,Vivir Seguros,2024 - SEPTIEMBRE,,8.0,,8.0,
Seguros,Vivir Seguros,2025 - MARZO,,8.0,,8.0,
Seguros,Vivir Seguros,2025 - SEPTIEMBRE,,8.0,,8.0,
Seguros,Vivir Seguros,2026 - MARZO,,8.0,,8.0,
Seguros,Vivir Seguros,2026 - SEPTIEMBRE,,8.0,,8.0,
