periodo,tipo_entidad,entidad,clasificadora,rating_letra,rating_ordinal
2012 - MARZO,Banco,ALFIN BANCO,Apoyo y Asociados Internacionales,B-,5.0
2012 - MARZO,Banco,ALFIN BANCO,Moodys Local PE Clasificadora de Riesgo,B,6.0
2012 - MARZO,Financiera,AMERIKA FINANC. EL,Class y Asociados S.A.,B+,7.0
2012 - MARZO,Financiera,AMERIKA FINANC. EL,Moodys Local PE Clasificadora de Riesgo,B+,7.0
2012 - MARZO,Banco,BANBIF,Class y Asociados S.A.,A,9.0
2012 - MARZO,Banco,BANBIF,PCR (Pacific Credit Rating),A,9.0
2012 - MARZO,Banco,BANCO DE CREDITO,Apoyo y Asociados Internacionales,A+,10.0
2012 - MARZO,Banco,BANCO DE CREDITO,Moodys Local PE Clasificadora de Riesgo,A+,10.0
2012 - MARZO,Banco,BANCO EFECTIVA,Class y Asociados S.A.,B+,7.0
2012 - MARZO,Banco,BANCO EFECTIVA,Moodys Local PE Clasificadora de Riesgo,B,6.0
2012 - MARZO,Banco,BANCO FALABELLA,Apoyo y Asociados Internacionales,A-,8.0
2012 - MARZO,Banco,BANCO FALABELLA,Class y Asociados S.A.,A-,8.0
2012 - MARZO,Banco,BANCO FALABELLA,Moodys Local PE Clasificadora de Riesgo,A-,8.0
2012 - MARZO,Banco,BANCO GNB,Apoyo y Asociados Internacionales,A,9.0
2012 - MARZO,Banco,BANCO GNB,Moodys Local PE Clasificadora de Riesgo,A-,8.0
2012 - MARZO,Banco,BANCO PICHINCHA,Moodys Local PE Clasificadora de Riesgo,A-,8.0
2012 - MARZO,Banco,BANCO PICHINCHA,PCR (Pacific Credit Rating),A-,8.0
2012 - MARZO,Banco,BANCO RIPLEY,Apoyo y Asociados Internacionales,B+,7.0
2012 - MARZO,Banco,BANCO RIPLEY,Class y Asociados S.A.,A-,8.0
2012 - MARZO,Banco,BANCOM,Moodys Local PE Clasificadora de Riesgo,B+,7.0
2012 - MARZO,Banco,BANCOM,PCR (Pacific Credit Rating),B+,7.0
2012 - MARZO,Banco,BBVA,Apoyo y Asociados Internacionales,A+,10.0
2012 - MARZO,Banco,BBVA,Moodys Local PE Clasificadora de Riesgo,A+,10.0
2012 - MARZO,Banco,BBVA,PCR (Pacific Credit Rating),A+,10.0
2012 - MARZO,Banco,BN. SANTANDER CONS.,Apoyo y Asociados Internacionales,A,9.0
2012 - MARZO,Banco,BN. SANTANDER CONS.,Class y Asociados S.A.,A,9.0
2012 - MARZO,Seguros,BNP Paribas Cardif,Class y Asociados S.A.,A,9.0
2012 - MARZO,Seguros,BNP Paribas Cardif,PCR (Pacific Credit Rating),A,9.0
2012 - MARZO,Caja Rural de Ahorro y Crédito,CAJA LOS LIBERTADORE,Class y Asociados S.A.,C-,2.0
2012 - MARZO,Caja Rural de Ahorro y Crédito,CAJA LOS LIBERTADORE,PCR (Pacific Credit Rating),D,0.0
2012 - MARZO,Seguros,Cesce,Class y Asociados S.A.,A,9.0
2012 - MARZO,Seguros,Cesce,PCR (Pacific Credit Rating),A,9.0
2012 - MARZO,Seguros,Chubb Perú,Apoyo y Asociados Internacionales,A,9.0
2012 - MARZO,Seguros,Chubb Perú,PCR (Pacific Credit Rating),A,9.0
2012 - MARZO,Banco,CITIBANK DEL PERU,Apoyo y Asociados Internacionales,A,9.0
2012 - MARZO,Banco,CITIBANK DEL PERU,PCR (Pacific Credit Rating),A+,10.0
2012 - MARZO,Caja Municipal de Ahorro y Crédito,CMAC AREQUIPA,Apoyo y Asociados Internacionales,B+,7.0
2012 - MARZO,Caja Municipal de Ahorro y Crédito,CMAC AREQUIPA,Moodys Local PE Clasificadora de Riesgo,B+,7.0
2012 - MARZO,Caja Municipal de Ahorro y Crédito,CMAC CUSCO,Class y Asociados S.A.,B,6.0
2012 - MARZO,Caja Municipal de Ahorro y Crédito,CMAC CUSCO,Moodys Local PE Clasificadora de Riesgo,B,6.0
2012 - MARZO,Caja Municipal de Ahorro y Crédito,CMAC DEL SANTA,Apoyo y Asociados Internacionales,C-,2.0
2012 - MARZO,Caja Municipal de Ahorro y Crédito,CMAC DEL SANTA,Class y Asociados S.A.,C-,2.0
2012 - MARZO,Caja Municipal de Ahorro y Crédito,CMAC HUANCAYO,Class y Asociados S.A.,B,6.0
2012 - MARZO,Caja Municipal de Ahorro y Crédito,CMAC HUANCAYO,Moodys Local PE Clasificadora de Riesgo,B,6.0
2012 - MARZO,Caja Municipal de Ahorro y Crédito,CMAC ICA,Class y Asociados S.A.,C+,4.0
2012 - MARZO,Caja Municipal de Ahorro y Crédito,CMAC ICA,Moodys Local PE Clasificadora de Riesgo,C+,4.0
2012 - MARZO,Caja Municipal de Ahorro y Crédito,CMAC MAYNAS,Class y Asociados S.A.,C+,4.0
2012 - MARZO,Caja Municipal de Ahorro y Crédito,CMAC MAYNAS,Microrate,C+,4.0
2012 - MARZO,Caja Municipal de Ahorro y Crédito,CMAC PAITA,Class y Asociados S.A.,C-,2.0
2012 - MARZO,Caja Municipal de Ahorro y Crédito,CMAC PAITA,PCR (Pacific Credit Rating),C-,2.0
2012 - MARZO,Caja Municipal de Ahorro y Crédito,CMAC PISCO,Class y Asociados S.A.,C,3.0
2012 - MARZO,Caja Municipal de Ahorro y Crédito,CMAC PISCO,PCR (Pacific Credit Rating),C,3.0
2012 - MARZO,Caja Municipal de Ahorro y Crédito,CMAC PIURA,Class y Asociados S.A.,B-,5.0
2012 - MARZO,Caja Municipal de Ahorro y Crédito,CMAC PIURA,Moodys Local PE Clasificadora de Riesgo,B-,5.0
2012 - MARZO,Caja Municipal de Ahorro y Crédito,CMAC SULLANA,Class y Asociados S.A.,B,6.0
2012 - MARZO,Caja Municipal de Ahorro y Crédito,CMAC SULLANA,Moodys Local PE Clasificadora de Riesgo,B,6.0
2012 - MARZO,Caja Municipal de Ahorro y Crédito,CMAC TACNA,Class y Asociados S.A.,B-,5.0
2012 - MARZO,Caja Municipal de Ahorro y Crédito,CMAC TACNA,Moodys Local PE Clasificadora de Riesgo,B-,5.0
2012 - MARZO,Caja Municipal de Ahorro y Crédito,CMAC TRUJILLO,Class y Asociados S.A.,B-,5.0
2012 - MARZO,Caja Municipal de Ahorro y Crédito,CMAC TRUJILLO,Moodys Local PE Clasificadora de Riesgo,B-,5.0
2012 - MARZO,Caja Municipal de Ahorro y Crédito,CMCP LIMA,Apoyo y Asociados Internacionales,B,6.0
2012 - MARZO,Caja Municipal de Ahorro y Crédito,CMCP LIMA,Class y Asociados S.A.,B,6.0
2012 - MARZO,Banco,COFIDE,Apoyo y Asociados Internacionales,A,9.0
2012 - MARZO,Banco,COFIDE,Moodys Local PE Clasificadora de Riesgo,A+,10.0
2012 - MARZO,Banco,COMPARTAMOS BANCO,Apoyo y Asociados Internacionales,B,6.0
2012 - MARZO,Banco,COMPARTAMOS BANCO,Class y Asociados S.A.,B,6.0
2012 - MARZO,Caja Rural de Ahorro y Crédito,CR SR LUREN EL,Class y Asociados S.A.,C+,4.0
2012 - MARZO,Caja Rural de Ahorro y Crédito,CR SR LUREN EL,PCR (Pacific Credit Rating),C,3.0
2012 - MARZO,Caja Rural de Ahorro y Crédito,CRAC CAJAMARCA,Class y Asociados S.A.,C,3.0
2012 - MARZO,Caja Rural de Ahorro y Crédito,CRAC CAJAMARCA,PCR (Pacific Credit Rating),C-,2.0
2012 - MARZO,Caja Rural de Ahorro y Crédito,CRAC CREDINKA,Class y Asociados S.A.,B-,5.0
2012 - MARZO,Caja Rural de Ahorro y Crédito,CRAC CREDINKA,PCR (Pacific Credit Rating),B-,5.0
2012 - MARZO,Caja Rural de Ahorro y Crédito,CRAC LOS ANDES,Class y Asociados S.A.,B-,5.0
2012 - MARZO,Caja Rural de Ahorro y Crédito,CRAC LOS ANDES,PCR (Pacific Credit Rating),C+,4.0
2012 - MARZO,Caja Rural de Ahorro y Crédito,CRAC NUESTRA GENTE,Class y Asociados S.A.,B+,7.0
2012 - MARZO,Caja Rural de Ahorro y Crédito,CRAC NUESTRA GENTE,Moodys Local PE Clasificadora de Riesgo,B+,7.0
2012 - MARZO,Caja Rural de Ahorro y Crédito,CRAC PROFINANZAS,Apoyo y Asociados Internacionales,C,3.0
2012 - MARZO,Caja Rural de Ahorro y Crédito,CRAC PROFINANZAS,Class y Asociados S.A.,C,3.0
2012 - MARZO,Caja Rural de Ahorro y Crédito,CRAC PRYMERA,Class y Asociados S.A.,C,3.0
2012 - MARZO,Caja Rural de Ahorro y Crédito,CRAC PRYMERA,PCR (Pacific Credit Rating),D,0.0
2012 - MARZO,Caja Rural de Ahorro y Crédito,CRAC Raíz en Liquida,Class y Asociados S.A.,C-,2.0
2012 - MARZO,Caja Rural de Ahorro y Crédito,CRAC Raíz en Liquida,Moodys Local PE Clasificadora de Riesgo,C-,2.0
2012 - MARZO,Caja Rural de Ahorro y Crédito,CRAC SIPAN LIQUID.,Class y Asociados S.A.,C,3.0
2012 - MARZO,Caja Rural de Ahorro y Crédito,CRAC SIPAN LIQUID.,Moodys Local PE Clasificadora de Riesgo,C-,2.0
2012 - MARZO,Banco,DEUTSCHE BANK PERU,Apoyo y Asociados Internacionales,A,9.0
2012 - MARZO,Banco,DEUTSCHE BANK PERU,Moodys Local PE Clasificadora de Riesgo,A-,8.0
2012 - MARZO,Empresa de Créditos,EDPYME CREDIVISION,Microrate,C-,2.0
2012 - MARZO,Empresa de Créditos,EDPYME RAIZ,Class y Asociados S.A.,B-,5.0
2012 - MARZO,Financiera,FINANC. CREDINKA,Class y Asociados S.A.,C+,4.0
2012 - MARZO,Financiera,FINANC. CREDINKA,Moodys Local PE Clasificadora de Riesgo,C,3.0
2012 - MARZO,Financiera,FINANC. PROEMPRESA,Class y Asociados S.A.,B-,5.0
2012 - MARZO,Financiera,FINANC. PROEMPRESA,Moodys Local PE Clasificadora de Riesgo,C+,4.0
2012 - MARZO,Financiera,FINANCIERA CONFIANZA,Class y Asociados S.A.,B+,7.0
2012 - MARZO,Financiera,FINANCIERA CONFIANZA,Moodys Local PE Clasificadora de Riesgo,B,6.0
2012 - MARZO,Financiera,FINANCIERA EDYFICAR,Apoyo y Asociados Internacionales,A-,8.0
2012 - MARZO,Financiera,FINANCIERA EDYFICAR,Moodys Local PE Clasificadora de Riesgo,A-,8.0
2012 - MARZO,Financiera,FINANCIERA QAPAQ,Class y Asociados S.A.,B+,7.0
2012 - MARZO,Financiera,FINANCIERA TFC EL,Class y Asociados S.A.,B,6.0
2012 - MARZO,Financiera,FINANCIERA TFC EL,PCR (Pacific Credit Rating),B+,7.0
2012 - MARZO,Fondo,FONDO MIVIVIENDA,Apoyo y Asociados Internacionales,A,9.0
2012 - MARZO,Fondo,FONDO MIVIVIENDA,Class y Asociados S.A.,A,9.0
2012 - MARZO,Seguros,Insur,Class y Asociados S.A.,A-,8.0
2012 - MARZO,Seguros,Insur,PCR (Pacific Credit Rating),B+,7.0
2012 - MARZO,Banco,INTERBANK,Apoyo y Asociados Internacionales,A,9.0
2012 - MARZO,Banco,INTERBANK,Class y Asociados S.A.,A+,10.0
2012 - MARZO,Banco,INTERBANK,Moodys Local PE Clasificadora de Riesgo,A,9.0
2012 - MARZO,Seguros,Interseguro,Class y Asociados S.A.,A,9.0
2012 - MARZO,Seguros,Interseguro,Moodys Local PE Clasificadora de Riesgo,A,9.0
2012 - MARZO,Seguros,La Positiva,Class y Asociados S.A.,A-,8.0
2012 - MARZO,Seguros,La Positiva,PCR (Pacific Credit Rating),A-,8.0
2012 - MARZO,Seguros,La Positiva Vida,Class y Asociados S.A.,A-,8.0
2012 - MARZO,Seguros,La Positiva Vida,PCR (Pacific Credit Rating),A-,8.0
2012 - MARZO,Seguros,Mapfre Perú,Class y Asociados S.A.,A,9.0
2012 - MARZO,Seguros,Mapfre Perú,PCR (Pacific Credit Rating),A+,10.0
2012 - MARZO,Seguros,Mapfre Peru (Abs),Class y Asociados S.A.,A,9.0
2012 - MARZO,Seguros,Mapfre Peru (Abs),PCR (Pacific Credit Rating),A,9.0
2012 - MARZO,Banco,MIBANCO,Class y Asociados S.A.,A,9.0
2012 - MARZO,Banco,MIBANCO,PCR (Pacific Credit Rating),A,9.0
2012 - MARZO,Banco,NACION,Apoyo y Asociados Internacionales,A,9.0
2012 - MARZO,Banco,NACION,Moodys Local PE Clasificadora de Riesgo,A,9.0
2012 - MARZO,Seguros,Pacífico Seguros,Apoyo y Asociados Internacionales,A+,10.0
2012 - MARZO,Seguros,Pacífico Seguros,Moodys Local PE Clasificadora de Riesgo,A+,10.0
2012 - MARZO,Seguros,Pacifico Seguros-Abs,Apoyo y Asociados Internacionales,A,9.0
2012 - MARZO,Seguros,Pacifico Seguros-Abs,Moodys Local PE Clasificadora de Riesgo,A,9.0
2012 - MARZO,Seguros,Protecta,Class y Asociados S.A.,A-,8.0
2012 - MARZO,Seguros,Protecta,PCR (Pacific Credit Rating),A,9.0
2012 - MARZO,Seguros,Rímac Seguros,Apoyo y Asociados Internacionales,A+,10.0
2012 - MARZO,Seguros,Rímac Seguros,Moodys Local PE Clasificadora de Riesgo,A+,10.0
2012 - MARZO,Banco,SANTANDER PERU,Moodys Local PE Clasificadora de Riesgo,A,9.0
2012 - MARZO,Banco,SANTANDER PERU,PCR (Pacific Credit Rating),A,9.0
2012 - MARZO,Banco,SCOTIABANK PERU,Apoyo y Asociados Internacionales,A+,10.0
2012 - MARZO,Banco,SCOTIABANK PERU,Class y Asociados S.A.,A+,10.0
2012 - MARZO,Seguros,SEGUROS SURA,Class y Asociados S.A.,A,9.0
2012 - MARZO,Seguros,SEGUROS SURA,Moodys Local PE Clasificadora de Riesgo,A,9.0
2012 - SEPTIEMBRE,Banco,AGROBANCO,Apoyo y Asociados Internacionales,B+,7.0
2012 - SEPTIEMBRE,Banco,AGROBANCO,Moodys Local PE Clasificadora de Riesgo,B+,7.0
2012 - SEPTIEMBRE,Banco,ALFIN BANCO,Apoyo y Asociados Internacionales,B-,5.0
2012 - SEPTIEMBRE,Banco,ALFIN BANCO,Moodys Local PE Clasificadora de Riesgo,B,6.0
2012 - SEPTIEMBRE,Financiera,AMERIKA FINANC. EL,Class y Asociados S.A.,B+,7.0
2012 - SEPTIEMBRE,Financiera,AMERIKA FINANC. EL,Moodys Local PE Clasificadora de Riesgo,B+,7.0
2012 - SEPTIEMBRE,Banco,BANBIF,Class y Asociados S.A.,A,9.0
2012 - SEPTIEMBRE,Banco,BANBIF,PCR (Pacific Credit Rating),A,9.0
2012 - SEPTIEMBRE,Banco,BANCO DE CREDITO,Apoyo y Asociados Internacionales,A+,10.0
2012 - SEPTIEMBRE,Banco,BANCO DE CREDITO,Moodys Local PE Clasificadora de Riesgo,A+,10.0
2012 - SEPTIEMBRE,Banco,BANCO EFECTIVA,Class y Asociados S.A.,B+,7.0
2012 - SEPTIEMBRE,Banco,BANCO EFECTIVA,Moodys Local PE Clasificadora de Riesgo,B,6.0
2012 - SEPTIEMBRE,Banco,BANCO FALABELLA,Apoyo y Asociados Internacionales,A-,8.0
2012 - SEPTIEMBRE,Banco,BANCO FALABELLA,Class y Asociados S.A.,A-,8.0
2012 - SEPTIEMBRE,Banco,BANCO FALABELLA,Moodys Local PE Clasificadora de Riesgo,A-,8.0
2012 - SEPTIEMBRE,Banco,BANCO GNB,Apoyo y Asociados Internacionales,A,9.0
2012 - SEPTIEMBRE,Banco,BANCO GNB,Moodys Local PE Clasificadora de Riesgo,A-,8.0
2012 - SEPTIEMBRE,Banco,BANCO PICHINCHA,Moodys Local PE Clasificadora de Riesgo,A-,8.0
2012 - SEPTIEMBRE,Banco,BANCO PICHINCHA,PCR (Pacific Credit Rating),A-,8.0
2012 - SEPTIEMBRE,Banco,BANCO RIPLEY,Apoyo y Asociados Internacionales,B+,7.0
2012 - SEPTIEMBRE,Banco,BANCO RIPLEY,Class y Asociados S.A.,A-,8.0
2012 - SEPTIEMBRE,Banco,BANCOM,Moodys Local PE Clasificadora de Riesgo,B,6.0
2012 - SEPTIEMBRE,Banco,BANCOM,PCR (Pacific Credit Rating),B+,7.0
2012 - SEPTIEMBRE,Banco,BBVA,Apoyo y Asociados Internacionales,A+,10.0
2012 - SEPTIEMBRE,Banco,BBVA,Moodys Local PE Clasificadora de Riesgo,A+,10.0
2012 - SEPTIEMBRE,Banco,BBVA,PCR (Pacific Credit Rating),A+,10.0
2012 - SEPTIEMBRE,Banco,BN. SANTANDER CONS.,Apoyo y Asociados Internacionales,A,9.0
2012 - SEPTIEMBRE,Banco,BN. SANTANDER CONS.,Class y Asociados S.A.,A,9.0
2012 - SEPTIEMBRE,Seguros,BNP Paribas Cardif,Class y Asociados S.A.,A,9.0
2012 - SEPTIEMBRE,Seguros,BNP Paribas Cardif,PCR (Pacific Credit Rating),A,9.0
2012 - SEPTIEMBRE,Caja Rural de Ahorro y Crédito,CAJA LOS LIBERTADORE,Class y Asociados S.A.,C-,2.0
2012 - SEPTIEMBRE,Caja Rural de Ahorro y Crédito,CAJA LOS LIBERTADORE,PCR (Pacific Credit Rating),D,0.0
2012 - SEPTIEMBRE,Seguros,Cesce,Class y Asociados S.A.,A,9.0
2012 - SEPTIEMBRE,Seguros,Cesce,PCR (Pacific Credit Rating),A,9.0
2012 - SEPTIEMBRE,Seguros,Chubb Perú,Apoyo y Asociados Internacionales,A,9.0
2012 - SEPTIEMBRE,Seguros,Chubb Perú,PCR (Pacific Credit Rating),A,9.0
2012 - SEPTIEMBRE,Banco,CITIBANK DEL PERU,Apoyo y Asociados Internacionales,A,9.0
2012 - SEPTIEMBRE,Banco,CITIBANK DEL PERU,PCR (Pacific Credit Rating),A+,10.0
2012 - SEPTIEMBRE,Caja Municipal de Ahorro y Crédito,CMAC AREQUIPA,Apoyo y Asociados Internacionales,B+,7.0
2012 - SEPTIEMBRE,Caja Municipal de Ahorro y Crédito,CMAC AREQUIPA,Moodys Local PE Clasificadora de Riesgo,B+,7.0
2012 - SEPTIEMBRE,Caja Municipal de Ahorro y Crédito,CMAC CUSCO,Class y Asociados S.A.,B,6.0
2012 - SEPTIEMBRE,Caja Municipal de Ahorro y Crédito,CMAC CUSCO,Moodys Local PE Clasificadora de Riesgo,B,6.0
2012 - SEPTIEMBRE,Caja Municipal de Ahorro y Crédito,CMAC DEL SANTA,Apoyo y Asociados Internacionales,C-,2.0
2012 - SEPTIEMBRE,Caja Municipal de Ahorro y Crédito,CMAC DEL SANTA,Class y Asociados S.A.,C-,2.0
2012 - SEPTIEMBRE,Caja Municipal de Ahorro y Crédito,CMAC HUANCAYO,Class y Asociados S.A.,B,6.0
2012 - SEPTIEMBRE,Caja Municipal de Ahorro y Crédito,CMAC HUANCAYO,Moodys Local PE Clasificadora de Riesgo,B,6.0
2012 - SEPTIEMBRE,Caja Municipal de Ahorro y Crédito,CMAC ICA,Class y Asociados S.A.,C+,4.0
2012 - SEPTIEMBRE,Caja Municipal de Ahorro y Crédito,CMAC ICA,Moodys Local PE Clasificadora de Riesgo,C+,4.0
2012 - SEPTIEMBRE,Caja Municipal de Ahorro y Crédito,CMAC MAYNAS,Class y Asociados S.A.,C+,4.0
2012 - SEPTIEMBRE,Caja Municipal de Ahorro y Crédito,CMAC PAITA,Class y Asociados S.A.,C-,2.0
2012 - SEPTIEMBRE,Caja Municipal de Ahorro y Crédito,CMAC PAITA,PCR (Pacific Credit Rating),C-,2.0
2012 - SEPTIEMBRE,Caja Municipal de Ahorro y Crédito,CMAC PISCO,Class y Asociados S.A.,C,3.0
2012 - SEPTIEMBRE,Caja Municipal de Ahorro y Crédito,CMAC PISCO,PCR (Pacific Credit Rating),C,3.0
2012 - SEPTIEMBRE,Caja Municipal de Ahorro y Crédito,CMAC PIURA,Class y Asociados S.A.,B-,5.0
2012 - SEPTIEMBRE,Caja Municipal de Ahorro y Crédito,CMAC PIURA,Moodys Local PE Clasificadora de Riesgo,B-,5.0
2012 - SEPTIEMBRE,Caja Municipal de Ahorro y Crédito,CMAC SULLANA,Class y Asociados S.A.,B,6.0
2012 - SEPTIEMBRE,Caja Municipal de Ahorro y Crédito,CMAC SULLANA,Moodys Local PE Clasificadora de Riesgo,B,6.0
2012 - SEPTIEMBRE,Caja Municipal de Ahorro y Crédito,CMAC TACNA,Class y Asociados S.A.,B-,5.0
2012 - SEPTIEMBRE,Caja Municipal de Ahorro y Crédito,CMAC TACNA,Moodys Local PE Clasificadora de Riesgo,B-,5.0
2012 - SEPTIEMBRE,Caja Municipal de Ahorro y Crédito,CMAC TRUJILLO,Class y Asociados S.A.,B-,5.0
2012 - SEPTIEMBRE,Caja Municipal de Ahorro y Crédito,CMAC TRUJILLO,Moodys Local PE Clasificadora de Riesgo,B-,5.0
2012 - SEPTIEMBRE,Caja Municipal de Ahorro y Crédito,CMCP LIMA,Apoyo y Asociados Internacionales,B,6.0
2012 - SEPTIEMBRE,Caja Municipal de Ahorro y Crédito,CMCP LIMA,Class y Asociados S.A.,B,6.0
2012 - SEPTIEMBRE,Banco,COFIDE,Apoyo y Asociados Internacionales,A,9.0
2012 - SEPTIEMBRE,Banco,COFIDE,Moodys Local PE Clasificadora de Riesgo,A+,10.0
2012 - SEPTIEMBRE,Banco,COMPARTAMOS BANCO,Apoyo y Asociados Internacionales,B,6.0
2012 - SEPTIEMBRE,Banco,COMPARTAMOS BANCO,Class y Asociados S.A.,B,6.0
2012 - SEPTIEMBRE,Caja Rural de Ahorro y Crédito,CR SR LUREN EL,Class y Asociados S.A.,C+,4.0
2012 - SEPTIEMBRE,Caja Rural de Ahorro y Crédito,CR SR LUREN EL,PCR (Pacific Credit Rating),C,3.0
2012 - SEPTIEMBRE,Caja Rural de Ahorro y Crédito,CRAC CAJAMARCA,Class y Asociados S.A.,C,3.0
2012 - SEPTIEMBRE,Caja Rural de Ahorro y Crédito,CRAC CAJAMARCA,PCR (Pacific Credit Rating),C-,2.0
2012 - SEPTIEMBRE,Caja Rural de Ahorro y Crédito,CRAC CREDINKA,Class y Asociados S.A.,B-,5.0
2012 - SEPTIEMBRE,Caja Rural de Ahorro y Crédito,CRAC CREDINKA,PCR (Pacific Credit Rating),B-,5.0
2012 - SEPTIEMBRE,Caja Rural de Ahorro y Crédito,CRAC INCASUR,Apoyo y Asociados Internacionales,C,3.0
2012 - SEPTIEMBRE,Caja Rural de Ahorro y Crédito,CRAC INCASUR,Class y Asociados S.A.,C,3.0
2012 - SEPTIEMBRE,Caja Rural de Ahorro y Crédito,CRAC LOS ANDES,Class y Asociados S.A.,B-,5.0
2012 - SEPTIEMBRE,Caja Rural de Ahorro y Crédito,CRAC LOS ANDES,PCR (Pacific Credit Rating),C+,4.0
2012 - SEPTIEMBRE,Caja Rural de Ahorro y Crédito,CRAC NUESTRA GENTE,Class y Asociados S.A.,B+,7.0
2012 - SEPTIEMBRE,Caja Rural de Ahorro y Crédito,CRAC NUESTRA GENTE,Moodys Local PE Clasificadora de Riesgo,B+,7.0
2012 - SEPTIEMBRE,Caja Rural de Ahorro y Crédito,CRAC PROFINANZAS,Apoyo y Asociados Internacionales,C,3.0
2012 - SEPTIEMBRE,Caja Rural de Ahorro y Crédito,CRAC PROFINANZAS,Class y Asociados S.A.,C,3.0
2012 - SEPTIEMBRE,Caja Rural de Ahorro y Crédito,CRAC PRYMERA,Apoyo y Asociados Internacionales,C,3.0
2012 - SEPTIEMBRE,Caja Rural de Ahorro y Crédito,CRAC PRYMERA,Class y Asociados S.A.,C,3.0
2012 - SEPTIEMBRE,Caja Rural de Ahorro y Crédito,CRAC Raíz en Liquida,Class y Asociados S.A.,C-,2.0
2012 - SEPTIEMBRE,Caja Rural de Ahorro y Crédito,CRAC Raíz en Liquida,Moodys Local PE Clasificadora de Riesgo,C-,2.0
2012 - SEPTIEMBRE,Caja Rural de Ahorro y Crédito,CRAC SIPAN LIQUID.,Class y Asociados S.A.,C,3.0
2012 - SEPTIEMBRE,Caja Rural de Ahorro y Crédito,CRAC SIPAN LIQUID.,Moodys Local PE Clasificadora de Riesgo,C-,2.0
2012 - SEPTIEMBRE,Banco,DEUTSCHE BANK PERU,Apoyo y Asociados Internacionales,A,9.0
2012 - SEPTIEMBRE,Banco,DEUTSCHE BANK PERU,Moodys Local PE Clasificadora de Riesgo,A-,8.0
2012 - SEPTIEMBRE,Empresa de Créditos,EDPYME RAIZ,Class y Asociados S.A.,B-,5.0
2012 - SEPTIEMBRE,Financiera,FINANC. CREDINKA,Class y Asociados S.A.,C+,4.0
2012 - SEPTIEMBRE,Financiera,FINANC. CREDINKA,Moodys Local PE Clasificadora de Riesgo,C,3.0
2012 - SEPTIEMBRE,Financiera,FINANC. PROEMPRESA,Class y Asociados S.A.,B,6.0
2012 - SEPTIEMBRE,Financiera,FINANC. PROEMPRESA,Moodys Local PE Clasificadora de Riesgo,C+,4.0
2012 - SEPTIEMBRE,Financiera,FINANCIERA CONFIANZA,Class y Asociados S.A.,B+,7.0
2012 - SEPTIEMBRE,Financiera,FINANCIERA CONFIANZA,Moodys Local PE Clasificadora de Riesgo,B,6.0
2012 - SEPTIEMBRE,Financiera,FINANCIERA EDYFICAR,Apoyo y Asociados Internacionales,A-,8.0
2012 - SEPTIEMBRE,Financiera,FINANCIERA EDYFICAR,Moodys Local PE Clasificadora de Riesgo,A-,8.0
2012 - SEPTIEMBRE,Financiera,FINANCIERA QAPAQ,Class y Asociados S.A.,B+,7.0
2012 - SEPTIEMBRE,Financiera,FINANCIERA QAPAQ,PCR (Pacific Credit Rating),B+,7.0
2012 - SEPTIEMBRE,Financiera,FINANCIERA TFC EL,Class y Asociados S.A.,B-,5.0
2012 - SEPTIEMBRE,Financiera,FINANCIERA TFC EL,PCR (Pacific Credit Rating),B+,7.0
2012 - SEPTIEMBRE,Fondo,FONDO MIVIVIENDA,Apoyo y Asociados Internacionales,A,9.0
2012 - SEPTIEMBRE,Fondo,FONDO MIVIVIENDA,Class y Asociados S.A.,A,9.0
2012 - SEPTIEMBRE,Seguros,Insur,Class y Asociados S.A.,A-,8.0
2012 - SEPTIEMBRE,Seguros,Insur,PCR (Pacific Credit Rating),B+,7.0
2012 - SEPTIEMBRE,Banco,INTERBANK,Apoyo y Asociados Internacionales,A,9.0
2012 - SEPTIEMBRE,Banco,INTERBANK,Class y Asociados S.A.,A+,10.0
2012 - SEPTIEMBRE,Banco,INTERBANK,Moodys Local PE Clasificadora de Riesgo,A,9.0
2012 - SEPTIEMBRE,Seguros,Interseguro,Class y Asociados S.A.,A,9.0
2012 - SEPTIEMBRE,Seguros,Interseguro,Moodys Local PE Clasificadora de Riesgo,A,9.0
2012 - SEPTIEMBRE,Seguros,La Positiva,Class y Asociados S.A.,A-,8.0
2012 - SEPTIEMBRE,Seguros,La Positiva,PCR (Pacific Credit Rating),A-,8.0
2012 - SEPTIEMBRE,Seguros,La Positiva Vida,Class y Asociados S.A.,A-,8.0
2012 - SEPTIEMBRE,Seguros,La Positiva Vida,PCR (Pacific Credit Rating),A-,8.0
2012 - SEPTIEMBRE,Seguros,Mapfre Perú,Class y Asociados S.A.,A,9.0
2012 - SEPTIEMBRE,Seguros,Mapfre Perú,PCR (Pacific Credit Rating),A+,10.0
2012 - SEPTIEMBRE,Seguros,Mapfre Peru (Abs),Class y Asociados S.A.,A,9.0
2012 - SEPTIEMBRE,Seguros,Mapfre Peru (Abs),PCR (Pacific Credit Rating),A,9.0
2012 - SEPTIEMBRE,Banco,MIBANCO,Class y Asociados S.A.,A,9.0
2012 - SEPTIEMBRE,Banco,MIBANCO,PCR (Pacific Credit Rating),A,9.0
2012 - SEPTIEMBRE,Banco,NACION,Apoyo y Asociados Internacionales,A,9.0
2012 - SEPTIEMBRE,Banco,NACION,Moodys Local PE Clasificadora de Riesgo,A,9.0
2012 - SEPTIEMBRE,Seguros,Pacífico Seguros,Apoyo y Asociados Internacionales,A+,10.0
2012 - SEPTIEMBRE,Seguros,Pacífico Seguros,Moodys Local PE Clasificadora de Riesgo,A+,10.0
2012 - SEPTIEMBRE,Seguros,Pacifico Seguros-Abs,Apoyo y Asociados Internacionales,A,9.0
2012 - SEPTIEMBRE,Seguros,Pacifico Seguros-Abs,Moodys Local PE Clasificadora de Riesgo,A,9.0
2012 - SEPTIEMBRE,Seguros,Protecta,Class y Asociados S.A.,A-,8.0
2012 - SEPTIEMBRE,Seguros,Protecta,PCR (Pacific Credit Rating),A,9.0
2012 - SEPTIEMBRE,Seguros,Rímac Seguros,Apoyo y Asociados Internacionales,A+,10.0
2012 - SEPTIEMBRE,Seguros,Rímac Seguros,Moodys Local PE Clasificadora de Riesgo,A+,10.0
2012 - SEPTIEMBRE,Banco,SANTANDER PERU,Moodys Local PE Clasificadora de Riesgo,A,9.0
2012 - SEPTIEMBRE,Banco,SANTANDER PERU,PCR (Pacific Credit Rating),A,9.0
2012 - SEPTIEMBRE,Banco,SCOTIABANK PERU,Apoyo y Asociados Internacionales,A+,10.0
2012 - SEPTIEMBRE,Banco,SCOTIABANK PERU,Class y Asociados S.A.,A+,10.0
2012 - SEPTIEMBRE,Seguros,SEGUROS SURA,Class y Asociados S.A.,A,9.0
2012 - SEPTIEMBRE,Seguros,SEGUROS SURA,Moodys Local PE Clasificadora de Riesgo,A,9.0
2013 - MARZO,Banco,AGROBANCO,Apoyo y Asociados Internacionales,B+,7.0
2013 - MARZO,Banco,AGROBANCO,Moodys Local PE Clasificadora de Riesgo,B+,7.0
2013 - MARZO,Banco,ALFIN BANCO,Apoyo y Asociados Internacionales,B-,5.0
2013 - MARZO,Banco,ALFIN BANCO,Moodys Local PE Clasificadora de Riesgo,B,6.0
2013 - MARZO,Financiera,AMERIKA FINANC. EL,Class y Asociados S.A.,B+,7.0
2013 - MARZO,Financiera,AMERIKA FINANC. EL,Moodys Local PE Clasificadora de Riesgo,B-,5.0
2013 - MARZO,Banco,BANBIF,Class y Asociados S.A.,A,9.0
2013 - MARZO,Banco,BANBIF,PCR (Pacific Credit Rating),A,9.0
2013 - MARZO,Banco,BANCO DE CREDITO,Apoyo y Asociados Internacionales,A+,10.0
2013 - MARZO,Banco,BANCO DE CREDITO,Moodys Local PE Clasificadora de Riesgo,A+,10.0
2013 - MARZO,Banco,BANCO EFECTIVA,Class y Asociados S.A.,B+,7.0
2013 - MARZO,Banco,BANCO EFECTIVA,Moodys Local PE Clasificadora de Riesgo,B,6.0
2013 - MARZO,Banco,BANCO FALABELLA,Apoyo y Asociados Internacionales,A-,8.0
2013 - MARZO,Banco,BANCO FALABELLA,Class y Asociados S.A.,A-,8.0
2013 - MARZO,Banco,BANCO FALABELLA,Moodys Local PE Clasificadora de Riesgo,A-,8.0
2013 - MARZO,Banco,BANCO GNB,Apoyo y Asociados Internacionales,A,9.0
2013 - MARZO,Banco,BANCO GNB,Moodys Local PE Clasificadora de Riesgo,A-,8.0
2013 - MARZO,Banco,BANCO PICHINCHA,Moodys Local PE Clasificadora de Riesgo,A-,8.0
2013 - MARZO,Banco,BANCO PICHINCHA,PCR (Pacific Credit Rating),A-,8.0
2013 - MARZO,Banco,BANCO RIPLEY,Apoyo y Asociados Internacionales,B+,7.0
2013 - MARZO,Banco,BANCO RIPLEY,Class y Asociados S.A.,A-,8.0
2013 - MARZO,Banco,BANCOM,Moodys Local PE Clasificadora de Riesgo,B,6.0
2013 - MARZO,Banco,BANCOM,PCR (Pacific Credit Rating),B+,7.0
2013 - MARZO,Banco,BBVA,Apoyo y Asociados Internacionales,A+,10.0
2013 - MARZO,Banco,BBVA,Moodys Local PE Clasificadora de Riesgo,A+,10.0
2013 - MARZO,Banco,BBVA,PCR (Pacific Credit Rating),A+,10.0
2013 - MARZO,Banco,BN. SANTANDER CONS.,Apoyo y Asociados Internacionales,A,9.0
2013 - MARZO,Banco,BN. SANTANDER CONS.,Class y Asociados S.A.,A,9.0
2013 - MARZO,Seguros,BNP Paribas Cardif,Class y Asociados S.A.,A,9.0
2013 - MARZO,Seguros,BNP Paribas Cardif,PCR (Pacific Credit Rating),A,9.0
2013 - MARZO,Caja Rural de Ahorro y Crédito,CAJA LOS LIBERTADORE,Class y Asociados S.A.,C-,2.0
2013 - MARZO,Caja Rural de Ahorro y Crédito,CAJA LOS LIBERTADORE,PCR (Pacific Credit Rating),D,0.0
2013 - MARZO,Seguros,Cesce,Class y Asociados S.A.,A,9.0
2013 - MARZO,Seguros,Cesce,PCR (Pacific Credit Rating),A,9.0
2013 - MARZO,Seguros,Chubb Perú,Apoyo y Asociados Internacionales,A,9.0
2013 - MARZO,Seguros,Chubb Perú,PCR (Pacific Credit Rating),A,9.0
2013 - MARZO,Banco,CITIBANK DEL PERU,Apoyo y Asociados Internacionales,A,9.0
2013 - MARZO,Banco,CITIBANK DEL PERU,PCR (Pacific Credit Rating),A+,10.0
2013 - MARZO,Caja Municipal de Ahorro y Crédito,CMAC AREQUIPA,Apoyo y Asociados Internacionales,B+,7.0
2013 - MARZO,Caja Municipal de Ahorro y Crédito,CMAC AREQUIPA,Moodys Local PE Clasificadora de Riesgo,B+,7.0
2013 - MARZO,Caja Municipal de Ahorro y Crédito,CMAC CUSCO,Class y Asociados S.A.,B,6.0
2013 - MARZO,Caja Municipal de Ahorro y Crédito,CMAC CUSCO,Moodys Local PE Clasificadora de Riesgo,B,6.0
2013 - MARZO,Caja Municipal de Ahorro y Crédito,CMAC DEL SANTA,Apoyo y Asociados Internacionales,D+,1.0
2013 - MARZO,Caja Municipal de Ahorro y Crédito,CMAC DEL SANTA,Class y Asociados S.A.,D+,1.0
2013 - MARZO,Caja Municipal de Ahorro y Crédito,CMAC HUANCAYO,Class y Asociados S.A.,B,6.0
2013 - MARZO,Caja Municipal de Ahorro y Crédito,CMAC HUANCAYO,Moodys Local PE Clasificadora de Riesgo,B,6.0
2013 - MARZO,Caja Municipal de Ahorro y Crédito,CMAC ICA,Class y Asociados S.A.,C+,4.0
2013 - MARZO,Caja Municipal de Ahorro y Crédito,CMAC ICA,Moodys Local PE Clasificadora de Riesgo,C+,4.0
2013 - MARZO,Caja Municipal de Ahorro y Crédito,CMAC MAYNAS,Class y Asociados S.A.,C+,4.0
2013 - MARZO,Caja Municipal de Ahorro y Crédito,CMAC PAITA,Class y Asociados S.A.,D+,1.0
2013 - MARZO,Caja Municipal de Ahorro y Crédito,CMAC PAITA,PCR (Pacific Credit Rating),D,0.0
2013 - MARZO,Caja Municipal de Ahorro y Crédito,CMAC PISCO,Class y Asociados S.A.,C,3.0
2013 - MARZO,Caja Municipal de Ahorro y Crédito,CMAC PISCO,PCR (Pacific Credit Rating),C,3.0
2013 - MARZO,Caja Municipal de Ahorro y Crédito,CMAC PIURA,Class y Asociados S.A.,B-,5.0
2013 - MARZO,Caja Municipal de Ahorro y Crédito,CMAC PIURA,Moodys Local PE Clasificadora de Riesgo,B-,5.0
2013 - MARZO,Caja Municipal de Ahorro y Crédito,CMAC SULLANA,Class y Asociados S.A.,B,6.0
2013 - MARZO,Caja Municipal de Ahorro y Crédito,CMAC SULLANA,Moodys Local PE Clasificadora de Riesgo,B,6.0
2013 - MARZO,Caja Municipal de Ahorro y Crédito,CMAC TACNA,Class y Asociados S.A.,B-,5.0
2013 - MARZO,Caja Municipal de Ahorro y Crédito,CMAC TACNA,Moodys Local PE Clasificadora de Riesgo,B-,5.0
2013 - MARZO,Caja Municipal de Ahorro y Crédito,CMAC TRUJILLO,Class y Asociados S.A.,B-,5.0
2013 - MARZO,Caja Municipal de Ahorro y Crédito,CMAC TRUJILLO,Moodys Local PE Clasificadora de Riesgo,B-,5.0
2013 - MARZO,Caja Municipal de Ahorro y Crédito,CMCP LIMA,Apoyo y Asociados Internacionales,B-,5.0
2013 - MARZO,Caja Municipal de Ahorro y Crédito,CMCP LIMA,Class y Asociados S.A.,B,6.0
2013 - MARZO,Banco,COFIDE,Apoyo y Asociados Internacionales,A,9.0
2013 - MARZO,Banco,COFIDE,Moodys Local PE Clasificadora de Riesgo,A+,10.0
2013 - MARZO,Banco,COMPARTAMOS BANCO,Apoyo y Asociados Internacionales,B,6.0
2013 - MARZO,Banco,COMPARTAMOS BANCO,Class y Asociados S.A.,B,6.0
2013 - MARZO,Caja Rural de Ahorro y Crédito,CR SR LUREN EL,Class y Asociados S.A.,C+,4.0
2013 - MARZO,Caja Rural de Ahorro y Crédito,CR SR LUREN EL,PCR (Pacific Credit Rating),C,3.0
2013 - MARZO,Caja Rural de Ahorro y Crédito,CRAC CAJAMARCA,Class y Asociados S.A.,C,3.0
2013 - MARZO,Caja Rural de Ahorro y Crédito,CRAC CAJAMARCA,PCR (Pacific Credit Rating),C-,2.0
2013 - MARZO,Caja Rural de Ahorro y Crédito,CRAC CREDINKA,Class y Asociados S.A.,B,6.0
2013 - MARZO,Caja Rural de Ahorro y Crédito,CRAC CREDINKA,PCR (Pacific Credit Rating),B,6.0
2013 - MARZO,Caja Rural de Ahorro y Crédito,CRAC INCASUR,Apoyo y Asociados Internacionales,C,3.0
2013 - MARZO,Caja Rural de Ahorro y Crédito,CRAC INCASUR,Class y Asociados S.A.,C,3.0
2013 - MARZO,Caja Rural de Ahorro y Crédito,CRAC LOS ANDES,Class y Asociados S.A.,B-,5.0
2013 - MARZO,Caja Rural de Ahorro y Crédito,CRAC LOS ANDES,PCR (Pacific Credit Rating),C+,4.0
2013 - MARZO,Caja Rural de Ahorro y Crédito,CRAC NUESTRA GENTE,Class y Asociados S.A.,B+,7.0
2013 - MARZO,Caja Rural de Ahorro y Crédito,CRAC NUESTRA GENTE,Moodys Local PE Clasificadora de Riesgo,B+,7.0
2013 - MARZO,Caja Rural de Ahorro y Crédito,CRAC PRYMERA,Apoyo y Asociados Internacionales,C,3.0
2013 - MARZO,Caja Rural de Ahorro y Crédito,CRAC PRYMERA,Class y Asociados S.A.,C,3.0
2013 - MARZO,Caja Rural de Ahorro y Crédito,CRAC Raíz en Liquida,Class y Asociados S.A.,C-,2.0
2013 - MARZO,Caja Rural de Ahorro y Crédito,CRAC Raíz en Liquida,Moodys Local PE Clasificadora de Riesgo,C-,2.0
2013 - MARZO,Caja Rural de Ahorro y Crédito,CRAC SIPAN LIQUID.,Class y Asociados S.A.,C,3.0
2013 - MARZO,Caja Rural de Ahorro y Crédito,CRAC SIPAN LIQUID.,Moodys Local PE Clasificadora de Riesgo,C-,2.0
2013 - MARZO,Banco,DEUTSCHE BANK PERU,Apoyo y Asociados Internacionales,A,9.0
2013 - MARZO,Banco,DEUTSCHE BANK PERU,Moodys Local PE Clasificadora de Riesgo,A-,8.0
2013 - MARZO,Empresa de Créditos,EDPYME RAIZ,Class y Asociados S.A.,B-,5.0
2013 - MARZO,Financiera,FINANC. CREDINKA,Class y Asociados S.A.,C+,4.0
2013 - MARZO,Financiera,FINANC. CREDINKA,Moodys Local PE Clasificadora de Riesgo,C,3.0
2013 - MARZO,Financiera,FINANC. PROEMPRESA,Class y Asociados S.A.,B-,5.0
2013 - MARZO,Financiera,FINANC. PROEMPRESA,Moodys Local PE Clasificadora de Riesgo,C+,4.0
2013 - MARZO,Financiera,FINANCIERA CONFIANZA,Class y Asociados S.A.,B+,7.0
2013 - MARZO,Financiera,FINANCIERA CONFIANZA,Moodys Local PE Clasificadora de Riesgo,B,6.0
2013 - MARZO,Financiera,FINANCIERA EDYFICAR,Apoyo y Asociados Internacionales,A-,8.0
2013 - MARZO,Financiera,FINANCIERA EDYFICAR,Moodys Local PE Clasificadora de Riesgo,A-,8.0
2013 - MARZO,Financiera,FINANCIERA QAPAQ,Class y Asociados S.A.,B+,7.0
2013 - MARZO,Financiera,FINANCIERA QAPAQ,PCR (Pacific Credit Rating),B+,7.0
2013 - MARZO,Financiera,FINANCIERA TFC EL,Class y Asociados S.A.,B-,5.0
2013 - MARZO,Financiera,FINANCIERA TFC EL,PCR (Pacific Credit Rating),B+,7.0
2013 - MARZO,Fondo,FONDO MIVIVIENDA,Apoyo y Asociados Internacionales,A,9.0
2013 - MARZO,Fondo,FONDO MIVIVIENDA,Class y Asociados S.A.,A,9.0
2013 - MARZO,Seguros,Insur,Class y Asociados S.A.,A-,8.0
2013 - MARZO,Seguros,Insur,PCR (Pacific Credit Rating),B+,7.0
2013 - MARZO,Banco,INTERBANK,Apoyo y Asociados Internacionales,A,9.0
2013 - MARZO,Banco,INTERBANK,Class y Asociados S.A.,A+,10.0
2013 - MARZO,Banco,INTERBANK,Moodys Local PE Clasificadora de Riesgo,A,9.0
2013 - MARZO,Seguros,Interseguro,Class y Asociados S.A.,A,9.0
2013 - MARZO,Seguros,Interseguro,Moodys Local PE Clasificadora de Riesgo,A,9.0
2013 - MARZO,Seguros,La Positiva,Class y Asociados S.A.,A-,8.0
2013 - MARZO,Seguros,La Positiva,PCR (Pacific Credit Rating),A-,8.0
2013 - MARZO,Seguros,La Positiva Vida,Class y Asociados S.A.,A-,8.0
2013 - MARZO,Seguros,La Positiva Vida,PCR (Pacific Credit Rating),A-,8.0
2013 - MARZO,Seguros,Mapfre Perú,Class y Asociados S.A.,A,9.0
2013 - MARZO,Seguros,Mapfre Perú,PCR (Pacific Credit Rating),A+,10.0
2013 - MARZO,Seguros,Mapfre Peru (Abs),Class y Asociados S.A.,A,9.0
2013 - MARZO,Seguros,Mapfre Peru (Abs),PCR (Pacific Credit Rating),A,9.0
2013 - MARZO,Banco,MIBANCO,Class y Asociados S.A.,A,9.0
2013 - MARZO,Banco,MIBANCO,PCR (Pacific Credit Rating),A,9.0
2013 - MARZO,Banco,NACION,Apoyo y Asociados Internacionales,A,9.0
2013 - MARZO,Banco,NACION,Moodys Local PE Clasificadora de Riesgo,A,9.0
2013 - MARZO,Seguros,Pacífico Seguros,Apoyo y Asociados Internacionales,A+,10.0
2013 - MARZO,Seguros,Pacífico Seguros,Moodys Local PE Clasificadora de Riesgo,A+,10.0
2013 - MARZO,Seguros,Pacifico Seguros-Abs,Apoyo y Asociados Internacionales,A,9.0
2013 - MARZO,Seguros,Pacifico Seguros-Abs,Moodys Local PE Clasificadora de Riesgo,A,9.0
2013 - MARZO,Seguros,Protecta,Class y Asociados S.A.,A-,8.0
2013 - MARZO,Seguros,Protecta,PCR (Pacific Credit Rating),A,9.0
2013 - MARZO,Seguros,Rímac Seguros,Apoyo y Asociados Internacionales,A+,10.0
2013 - MARZO,Seguros,Rímac Seguros,Moodys Local PE Clasificadora de Riesgo,A+,10.0
2013 - MARZO,Banco,SANTANDER PERU,Moodys Local PE Clasificadora de Riesgo,A,9.0
2013 - MARZO,Banco,SANTANDER PERU,PCR (Pacific Credit Rating),A,9.0
2013 - MARZO,Banco,SCOTIABANK PERU,Apoyo y Asociados Internacionales,A+,10.0
2013 - MARZO,Banco,SCOTIABANK PERU,Class y Asociados S.A.,A+,10.0
2013 - MARZO,Seguros,SEGUROS SURA,Class y Asociados S.A.,A,9.0
2013 - MARZO,Seguros,SEGUROS SURA,Moodys Local PE Clasificadora de Riesgo,A,9.0
2013 - SEPTIEMBRE,Banco,AGROBANCO,Apoyo y Asociados Internacionales,A-,8.0
2013 - SEPTIEMBRE,Banco,AGROBANCO,Moodys Local PE Clasificadora de Riesgo,B+,7.0
2013 - SEPTIEMBRE,Banco,ALFIN BANCO,Apoyo y Asociados Internacionales,B-,5.0
2013 - SEPTIEMBRE,Banco,ALFIN BANCO,Class y Asociados S.A.,B,6.0
2013 - SEPTIEMBRE,Banco,ALFIN BANCO,Moodys Local PE Clasificadora de Riesgo,B,6.0
2013 - SEPTIEMBRE,Financiera,AMERIKA FINANC. EL,Class y Asociados S.A.,B+,7.0
2013 - SEPTIEMBRE,Financiera,AMERIKA FINANC. EL,Moodys Local PE Clasificadora de Riesgo,B-,5.0
2013 - SEPTIEMBRE,Banco,BANBIF,Class y Asociados S.A.,A,9.0
2013 - SEPTIEMBRE,Banco,BANBIF,PCR (Pacific Credit Rating),A,9.0
2013 - SEPTIEMBRE,Banco,BANCO DE CREDITO,Apoyo y Asociados Internacionales,A+,10.0
2013 - SEPTIEMBRE,Banco,BANCO DE CREDITO,Moodys Local PE Clasificadora de Riesgo,A+,10.0
2013 - SEPTIEMBRE,Banco,BANCO EFECTIVA,Apoyo y Asociados Internacionales,B+,7.0
2013 - SEPTIEMBRE,Banco,BANCO EFECTIVA,Class y Asociados S.A.,B+,7.0
2013 - SEPTIEMBRE,Banco,BANCO EFECTIVA,Moodys Local PE Clasificadora de Riesgo,B,6.0
2013 - SEPTIEMBRE,Banco,BANCO FALABELLA,Apoyo y Asociados Internacionales,A-,8.0
2013 - SEPTIEMBRE,Banco,BANCO FALABELLA,Moodys Local PE Clasificadora de Riesgo,A-,8.0
2013 - SEPTIEMBRE,Banco,BANCO GNB,Apoyo y Asociados Internacionales,A-,8.0
2013 - SEPTIEMBRE,Banco,BANCO GNB,Moodys Local PE Clasificadora de Riesgo,A-,8.0
2013 - SEPTIEMBRE,Banco,BANCO PICHINCHA,Moodys Local PE Clasificadora de Riesgo,A-,8.0
2013 - SEPTIEMBRE,Banco,BANCO PICHINCHA,PCR (Pacific Credit Rating),A-,8.0
2013 - SEPTIEMBRE,Banco,BANCO RIPLEY,Apoyo y Asociados Internacionales,B+,7.0
2013 - SEPTIEMBRE,Banco,BANCO RIPLEY,Class y Asociados S.A.,A-,8.0
2013 - SEPTIEMBRE,Banco,BANCOM,Moodys Local PE Clasificadora de Riesgo,B,6.0
2013 - SEPTIEMBRE,Banco,BANCOM,PCR (Pacific Credit Rating),B+,7.0
2013 - SEPTIEMBRE,Banco,BBVA,Apoyo y Asociados Internacionales,A+,10.0
2013 - SEPTIEMBRE,Banco,BBVA,Moodys Local PE Clasificadora de Riesgo,A+,10.0
2013 - SEPTIEMBRE,Banco,BBVA,PCR (Pacific Credit Rating),A+,10.0
2013 - SEPTIEMBRE,Banco,BN. SANTANDER CONS.,Apoyo y Asociados Internacionales,A,9.0
2013 - SEPTIEMBRE,Banco,BN. SANTANDER CONS.,Class y Asociados S.A.,A,9.0
2013 - SEPTIEMBRE,Seguros,BNP Paribas Cardif,Class y Asociados S.A.,A,9.0
2013 - SEPTIEMBRE,Seguros,BNP Paribas Cardif,PCR (Pacific Credit Rating),A,9.0
2013 - SEPTIEMBRE,Caja Rural de Ahorro y Crédito,CAJA LOS LIBERTADORE,Class y Asociados S.A.,D+,1.0
2013 - SEPTIEMBRE,Caja Rural de Ahorro y Crédito,CAJA LOS LIBERTADORE,PCR (Pacific Credit Rating),D,0.0
2013 - SEPTIEMBRE,Seguros,Cesce,Class y Asociados S.A.,A,9.0
2013 - SEPTIEMBRE,Seguros,Cesce,PCR (Pacific Credit Rating),A,9.0
2013 - SEPTIEMBRE,Seguros,Chubb Perú,Apoyo y Asociados Internacionales,A,9.0
2013 - SEPTIEMBRE,Seguros,Chubb Perú,PCR (Pacific Credit Rating),A,9.0
2013 - SEPTIEMBRE,Banco,CITIBANK DEL PERU,Apoyo y Asociados Internacionales,A,9.0
2013 - SEPTIEMBRE,Banco,CITIBANK DEL PERU,PCR (Pacific Credit Rating),A+,10.0
2013 - SEPTIEMBRE,Caja Municipal de Ahorro y Crédito,CMAC AREQUIPA,Apoyo y Asociados Internacionales,B+,7.0
2013 - SEPTIEMBRE,Caja Municipal de Ahorro y Crédito,CMAC AREQUIPA,Moodys Local PE Clasificadora de Riesgo,B+,7.0
2013 - SEPTIEMBRE,Caja Municipal de Ahorro y Crédito,CMAC CUSCO,Class y Asociados S.A.,B,6.0
2013 - SEPTIEMBRE,Caja Municipal de Ahorro y Crédito,CMAC CUSCO,Moodys Local PE Clasificadora de Riesgo,B,6.0
2013 - SEPTIEMBRE,Caja Municipal de Ahorro y Crédito,CMAC DEL SANTA,Apoyo y Asociados Internacionales,D+,1.0
2013 - SEPTIEMBRE,Caja Municipal de Ahorro y Crédito,CMAC DEL SANTA,Class y Asociados S.A.,D+,1.0
2013 - SEPTIEMBRE,Caja Municipal de Ahorro y Crédito,CMAC HUANCAYO,Apoyo y Asociados Internacionales,B,6.0
2013 - SEPTIEMBRE,Caja Municipal de Ahorro y Crédito,CMAC HUANCAYO,Class y Asociados S.A.,B+,7.0
2013 - SEPTIEMBRE,Caja Municipal de Ahorro y Crédito,CMAC HUANCAYO,Moodys Local PE Clasificadora de Riesgo,B,6.0
2013 - SEPTIEMBRE,Caja Municipal de Ahorro y Crédito,CMAC ICA,Class y Asociados S.A.,C+,4.0
2013 - SEPTIEMBRE,Caja Municipal de Ahorro y Crédito,CMAC ICA,Moodys Local PE Clasificadora de Riesgo,C+,4.0
2013 - SEPTIEMBRE,Caja Municipal de Ahorro y Crédito,CMAC MAYNAS,Class y Asociados S.A.,C+,4.0
2013 - SEPTIEMBRE,Caja Municipal de Ahorro y Crédito,CMAC MAYNAS,PCR (Pacific Credit Rating),C+,4.0
2013 - SEPTIEMBRE,Caja Municipal de Ahorro y Crédito,CMAC PAITA,Class y Asociados S.A.,D+,1.0
2013 - SEPTIEMBRE,Caja Municipal de Ahorro y Crédito,CMAC PAITA,PCR (Pacific Credit Rating),D,0.0
2013 - SEPTIEMBRE,Caja Municipal de Ahorro y Crédito,CMAC PISCO,Class y Asociados S.A.,D+,1.0
2013 - SEPTIEMBRE,Caja Municipal de Ahorro y Crédito,CMAC PISCO,PCR (Pacific Credit Rating),C,3.0
2013 - SEPTIEMBRE,Caja Municipal de Ahorro y Crédito,CMAC PIURA,Class y Asociados S.A.,B-,5.0
2013 - SEPTIEMBRE,Caja Municipal de Ahorro y Crédito,CMAC PIURA,Moodys Local PE Clasificadora de Riesgo,B-,5.0
2013 - SEPTIEMBRE,Caja Municipal de Ahorro y Crédito,CMAC SULLANA,Class y Asociados S.A.,B,6.0
2013 - SEPTIEMBRE,Caja Municipal de Ahorro y Crédito,CMAC SULLANA,Microrate,B,6.0
2013 - SEPTIEMBRE,Caja Municipal de Ahorro y Crédito,CMAC SULLANA,Moodys Local PE Clasificadora de Riesgo,B-,5.0
2013 - SEPTIEMBRE,Caja Municipal de Ahorro y Crédito,CMAC TACNA,Class y Asociados S.A.,B-,5.0
2013 - SEPTIEMBRE,Caja Municipal de Ahorro y Crédito,CMAC TACNA,Moodys Local PE Clasificadora de Riesgo,B-,5.0
2013 - SEPTIEMBRE,Caja Municipal de Ahorro y Crédito,CMAC TRUJILLO,Class y Asociados S.A.,B-,5.0
2013 - SEPTIEMBRE,Caja Municipal de Ahorro y Crédito,CMAC TRUJILLO,Moodys Local PE Clasificadora de Riesgo,B-,5.0
2013 - SEPTIEMBRE,Caja Municipal de Ahorro y Crédito,CMCP LIMA,Apoyo y Asociados Internacionales,C+,4.0
2013 - SEPTIEMBRE,Caja Municipal de Ahorro y Crédito,CMCP LIMA,Class y Asociados S.A.,B-,5.0
2013 - SEPTIEMBRE,Banco,COFIDE,Apoyo y Asociados Internacionales,A,9.0
2013 - SEPTIEMBRE,Banco,COFIDE,Moodys Local PE Clasificadora de Riesgo,A+,10.0
2013 - SEPTIEMBRE,Banco,COMPARTAMOS BANCO,Apoyo y Asociados Internacionales,B,6.0
2013 - SEPTIEMBRE,Banco,COMPARTAMOS BANCO,Class y Asociados S.A.,B,6.0
2013 - SEPTIEMBRE,Caja Rural de Ahorro y Crédito,CR SR LUREN EL,Class y Asociados S.A.,C+,4.0
2013 - SEPTIEMBRE,Caja Rural de Ahorro y Crédito,CR SR LUREN EL,PCR (Pacific Credit Rating),C,3.0
2013 - SEPTIEMBRE,Caja Rural de Ahorro y Crédito,CRAC CAJAMARCA,Class y Asociados S.A.,C,3.0
2013 - SEPTIEMBRE,Caja Rural de Ahorro y Crédito,CRAC CAJAMARCA,PCR (Pacific Credit Rating),C-,2.0
2013 - SEPTIEMBRE,Caja Rural de Ahorro y Crédito,CRAC CENCOSUD SCOTIA,Apoyo y Asociados Internacionales,B+,7.0
2013 - SEPTIEMBRE,Caja Rural de Ahorro y Crédito,CRAC CENCOSUD SCOTIA,Moodys Local PE Clasificadora de Riesgo,B,6.0
2013 - SEPTIEMBRE,Caja Rural de Ahorro y Crédito,CRAC CREDINKA,Class y Asociados S.A.,B,6.0
2013 - SEPTIEMBRE,Caja Rural de Ahorro y Crédito,CRAC CREDINKA,PCR (Pacific Credit Rating),B,6.0
2013 - SEPTIEMBRE,Caja Rural de Ahorro y Crédito,CRAC INCASUR,Apoyo y Asociados Internacionales,C,3.0
2013 - SEPTIEMBRE,Caja Rural de Ahorro y Crédito,CRAC INCASUR,Class y Asociados S.A.,C,3.0
2013 - SEPTIEMBRE,Caja Rural de Ahorro y Crédito,CRAC LOS ANDES,Class y Asociados S.A.,B-,5.0
2013 - SEPTIEMBRE,Caja Rural de Ahorro y Crédito,CRAC LOS ANDES,Microrate,B-,5.0
2013 - SEPTIEMBRE,Caja Rural de Ahorro y Crédito,CRAC PRYMERA,Apoyo y Asociados Internacionales,C,3.0
2013 - SEPTIEMBRE,Caja Rural de Ahorro y Crédito,CRAC PRYMERA,Class y Asociados S.A.,C,3.0
2013 - SEPTIEMBRE,Caja Rural de Ahorro y Crédito,CRAC Raíz en Liquida,Class y Asociados S.A.,D+,1.0
2013 - SEPTIEMBRE,Caja Rural de Ahorro y Crédito,CRAC Raíz en Liquida,Moodys Local PE Clasificadora de Riesgo,C-,2.0
2013 - SEPTIEMBRE,Caja Rural de Ahorro y Crédito,CRAC SIPAN LIQUID.,Class y Asociados S.A.,C,3.0
2013 - SEPTIEMBRE,Caja Rural de Ahorro y Crédito,CRAC SIPAN LIQUID.,Moodys Local PE Clasificadora de Riesgo,C-,2.0
2013 - SEPTIEMBRE,Banco,DEUTSCHE BANK PERU,Apoyo y Asociados Internacionales,A,9.0
2013 - SEPTIEMBRE,Banco,DEUTSCHE BANK PERU,Moodys Local PE Clasificadora de Riesgo,A-,8.0
2013 - SEPTIEMBRE,Empresa de Créditos,EDPYME RAIZ,Class y Asociados S.A.,B-,5.0
2013 - SEPTIEMBRE,Financiera,FINANC. CREDINKA,Class y Asociados S.A.,C+,4.0
2013 - SEPTIEMBRE,Financiera,FINANC. CREDINKA,Moodys Local PE Clasificadora de Riesgo,C,3.0
2013 - SEPTIEMBRE,Financiera,FINANC. PROEMPRESA,Class y Asociados S.A.,B-,5.0
2013 - SEPTIEMBRE,Financiera,FINANC. PROEMPRESA,Moodys Local PE Clasificadora de Riesgo,C+,4.0
2013 - SEPTIEMBRE,Financiera,FINANCIERA CONFIANZA,Class y Asociados S.A.,B+,7.0
2013 - SEPTIEMBRE,Financiera,FINANCIERA CONFIANZA,Moodys Local PE Clasificadora de Riesgo,B+,7.0
2013 - SEPTIEMBRE,Financiera,FINANCIERA EDYFICAR,Apoyo y Asociados Internacionales,A,9.0
2013 - SEPTIEMBRE,Financiera,FINANCIERA EDYFICAR,Moodys Local PE Clasificadora de Riesgo,A-,8.0
2013 - SEPTIEMBRE,Financiera,FINANCIERA QAPAQ,Class y Asociados S.A.,B+,7.0
2013 - SEPTIEMBRE,Financiera,FINANCIERA QAPAQ,PCR (Pacific Credit Rating),B+,7.0
2013 - SEPTIEMBRE,Financiera,FINANCIERA TFC EL,Class y Asociados S.A.,B-,5.0
2013 - SEPTIEMBRE,Financiera,FINANCIERA TFC EL,PCR (Pacific Credit Rating),B-,5.0
2013 - SEPTIEMBRE,Fondo,FONDO MIVIVIENDA,Apoyo y Asociados Internacionales,A,9.0
2013 - SEPTIEMBRE,Fondo,FONDO MIVIVIENDA,Class y Asociados S.A.,A+,10.0
2013 - SEPTIEMBRE,Financiera,INFINANCE XP S.A.,Apoyo y Asociados Internacionales,B,6.0
2013 - SEPTIEMBRE,Financiera,INFINANCE XP S.A.,Class y Asociados S.A.,B+,7.0
2013 - SEPTIEMBRE,Financiera,INFINANCE XP S.A.,Moodys Local PE Clasificadora de Riesgo,B,6.0
2013 - SEPTIEMBRE,Seguros,Insur,Class y Asociados S.A.,A-,8.0
2013 - SEPTIEMBRE,Seguros,Insur,PCR (Pacific Credit Rating),A-,8.0
2013 - SEPTIEMBRE,Banco,INTERBANK,Apoyo y Asociados Internacionales,A,9.0
2013 - SEPTIEMBRE,Banco,INTERBANK,Class y Asociados S.A.,A+,10.0
2013 - SEPTIEMBRE,Banco,INTERBANK,Moodys Local PE Clasificadora de Riesgo,A,9.0
2013 - SEPTIEMBRE,Seguros,Interseguro,Class y Asociados S.A.,A,9.0
2013 - SEPTIEMBRE,Seguros,Interseguro,Moodys Local PE Clasificadora de Riesgo,A,9.0
2013 - SEPTIEMBRE,Seguros,La Positiva,Class y Asociados S.A.,A-,8.0
2013 - SEPTIEMBRE,Seguros,La Positiva,PCR (Pacific Credit Rating),A-,8.0
2013 - SEPTIEMBRE,Seguros,La Positiva Vida,Class y Asociados S.A.,A-,8.0
2013 - SEPTIEMBRE,Seguros,La Positiva Vida,PCR (Pacific Credit Rating),A-,8.0
2013 - SEPTIEMBRE,Seguros,Mapfre Perú,Class y Asociados S.A.,A,9.0
2013 - SEPTIEMBRE,Seguros,Mapfre Perú,PCR (Pacific Credit Rating),A+,10.0
2013 - SEPTIEMBRE,Seguros,Mapfre Peru (Abs),Class y Asociados S.A.,A,9.0
2013 - SEPTIEMBRE,Seguros,Mapfre Peru (Abs),PCR (Pacific Credit Rating),A,9.0
2013 - SEPTIEMBRE,Banco,MIBANCO,Class y Asociados S.A.,A,9.0
2013 - SEPTIEMBRE,Banco,MIBANCO,PCR (Pacific Credit Rating),A,9.0
2013 - SEPTIEMBRE,Banco,NACION,Apoyo y Asociados Internacionales,A,9.0
2013 - SEPTIEMBRE,Banco,NACION,Moodys Local PE Clasificadora de Riesgo,A,9.0
2013 - SEPTIEMBRE,Seguros,Pacífico Seguros,Apoyo y Asociados Internacionales,A+,10.0
2013 - SEPTIEMBRE,Seguros,Pacífico Seguros,Moodys Local PE Clasificadora de Riesgo,A+,10.0
2013 - SEPTIEMBRE,Seguros,Pacifico Seguros-Abs,Apoyo y Asociados Internacionales,A,9.0
2013 - SEPTIEMBRE,Seguros,Pacifico Seguros-Abs,Moodys Local PE Clasificadora de Riesgo,A,9.0
2013 - SEPTIEMBRE,Seguros,Protecta,Class y Asociados S.A.,A-,8.0
2013 - SEPTIEMBRE,Seguros,Protecta,PCR (Pacific Credit Rating),A,9.0
2013 - SEPTIEMBRE,Seguros,Rigel Peru EL,Class y Asociados S.A.,B+,7.0
2013 - SEPTIEMBRE,Seguros,Rímac Seguros,Apoyo y Asociados Internacionales,A+,10.0
2013 - SEPTIEMBRE,Seguros,Rímac Seguros,Moodys Local PE Clasificadora de Riesgo,A+,10.0
2013 - SEPTIEMBRE,Banco,SANTANDER PERU,Moodys Local PE Clasificadora de Riesgo,A,9.0
2013 - SEPTIEMBRE,Banco,SANTANDER PERU,PCR (Pacific Credit Rating),A,9.0
2013 - SEPTIEMBRE,Banco,SCOTIABANK PERU,Apoyo y Asociados Internacionales,A+,10.0
2013 - SEPTIEMBRE,Banco,SCOTIABANK PERU,Class y Asociados S.A.,A+,10.0
2013 - SEPTIEMBRE,Seguros,SEGUROS SURA,Class y Asociados S.A.,A,9.0
2013 - SEPTIEMBRE,Seguros,SEGUROS SURA,Moodys Local PE Clasificadora de Riesgo,A,9.0
2014 - MARZO,Banco,AGROBANCO,Apoyo y Asociados Internacionales,A-,8.0
2014 - MARZO,Banco,AGROBANCO,Moodys Local PE Clasificadora de Riesgo,A-,8.0
2014 - MARZO,Banco,ALFIN BANCO,Class y Asociados S.A.,B,6.0
2014 - MARZO,Banco,ALFIN BANCO,Moodys Local PE Clasificadora de Riesgo,B,6.0
2014 - MARZO,Financiera,AMERIKA FINANC. EL,Class y Asociados S.A.,B+,7.0
2014 - MARZO,Financiera,AMERIKA FINANC. EL,Moodys Local PE Clasificadora de Riesgo,B-,5.0
2014 - MARZO,Banco,BANBIF,Class y Asociados S.A.,A+,10.0
2014 - MARZO,Banco,BANBIF,PCR (Pacific Credit Rating),A+,10.0
2014 - MARZO,Banco,BANCO DE CREDITO,Apoyo y Asociados Internacionales,A+,10.0
2014 - MARZO,Banco,BANCO DE CREDITO,Moodys Local PE Clasificadora de Riesgo,A+,10.0
2014 - MARZO,Banco,BANCO EFECTIVA,Apoyo y Asociados Internacionales,B+,7.0
2014 - MARZO,Banco,BANCO EFECTIVA,Class y Asociados S.A.,B+,7.0
2014 - MARZO,Banco,BANCO FALABELLA,Apoyo y Asociados Internacionales,A-,8.0
2014 - MARZO,Banco,BANCO FALABELLA,Moodys Local PE Clasificadora de Riesgo,A-,8.0
2014 - MARZO,Banco,BANCO GNB,Apoyo y Asociados Internacionales,A-,8.0
2014 - MARZO,Banco,BANCO GNB,Class y Asociados S.A.,A,9.0
2014 - MARZO,Banco,BANCO GNB,Moodys Local PE Clasificadora de Riesgo,A-,8.0
2014 - MARZO,Banco,BANCO PICHINCHA,Moodys Local PE Clasificadora de Riesgo,A-,8.0
2014 - MARZO,Banco,BANCO PICHINCHA,PCR (Pacific Credit Rating),A,9.0
2014 - MARZO,Banco,BANCO RIPLEY,Apoyo y Asociados Internacionales,B+,7.0
2014 - MARZO,Banco,BANCO RIPLEY,Class y Asociados S.A.,A-,8.0
2014 - MARZO,Banco,BANCOM,Moodys Local PE Clasificadora de Riesgo,B,6.0
2014 - MARZO,Banco,BANCOM,PCR (Pacific Credit Rating),B+,7.0
2014 - MARZO,Banco,BBVA,Apoyo y Asociados Internacionales,A+,10.0
2014 - MARZO,Banco,BBVA,Moodys Local PE Clasificadora de Riesgo,A+,10.0
2014 - MARZO,Banco,BBVA,PCR (Pacific Credit Rating),A+,10.0
2014 - MARZO,Banco,BN. SANTANDER CONS.,Apoyo y Asociados Internacionales,A,9.0
2014 - MARZO,Banco,BN. SANTANDER CONS.,Class y Asociados S.A.,A,9.0
2014 - MARZO,Seguros,BNP Paribas Cardif,Class y Asociados S.A.,A,9.0
2014 - MARZO,Seguros,BNP Paribas Cardif,PCR (Pacific Credit Rating),A,9.0
2014 - MARZO,Caja Rural de Ahorro y Crédito,CAJA LOS LIBERTADORE,Class y Asociados S.A.,D,0.0
2014 - MARZO,Caja Rural de Ahorro y Crédito,CAJA LOS LIBERTADORE,PCR (Pacific Credit Rating),D-,
2014 - MARZO,Seguros,Cesce,Class y Asociados S.A.,A,9.0
2014 - MARZO,Seguros,Cesce,PCR (Pacific Credit Rating),A,9.0
2014 - MARZO,Seguros,Chubb Perú,Apoyo y Asociados Internacionales,A,9.0
2014 - MARZO,Seguros,Chubb Perú,PCR (Pacific Credit Rating),A,9.0
2014 - MARZO,Banco,CITIBANK DEL PERU,Apoyo y Asociados Internacionales,A,9.0
2014 - MARZO,Banco,CITIBANK DEL PERU,PCR (Pacific Credit Rating),A+,10.0
2014 - MARZO,Caja Municipal de Ahorro y Crédito,CMAC AREQUIPA,Apoyo y Asociados Internacionales,B+,7.0
2014 - MARZO,Caja Municipal de Ahorro y Crédito,CMAC AREQUIPA,Moodys Local PE Clasificadora de Riesgo,B+,7.0
2014 - MARZO,Caja Municipal de Ahorro y Crédito,CMAC CUSCO,Class y Asociados S.A.,B,6.0
2014 - MARZO,Caja Municipal de Ahorro y Crédito,CMAC CUSCO,Moodys Local PE Clasificadora de Riesgo,B,6.0
2014 - MARZO,Caja Municipal de Ahorro y Crédito,CMAC DEL SANTA,Apoyo y Asociados Internacionales,D+,1.0
2014 - MARZO,Caja Municipal de Ahorro y Crédito,CMAC DEL SANTA,Class y Asociados S.A.,D+,1.0
2014 - MARZO,Caja Municipal de Ahorro y Crédito,CMAC HUANCAYO,Apoyo y Asociados Internacionales,B,6.0
2014 - MARZO,Caja Municipal de Ahorro y Crédito,CMAC HUANCAYO,Class y Asociados S.A.,B+,7.0
2014 - MARZO,Caja Municipal de Ahorro y Crédito,CMAC HUANCAYO,Moodys Local PE Clasificadora de Riesgo,B+,7.0
2014 - MARZO,Caja Municipal de Ahorro y Crédito,CMAC ICA,Class y Asociados S.A.,C+,4.0
2014 - MARZO,Caja Municipal de Ahorro y Crédito,CMAC ICA,Moodys Local PE Clasificadora de Riesgo,C+,4.0
2014 - MARZO,Caja Municipal de Ahorro y Crédito,CMAC MAYNAS,Class y Asociados S.A.,C+,4.0
2014 - MARZO,Caja Municipal de Ahorro y Crédito,CMAC MAYNAS,PCR (Pacific Credit Rating),C+,4.0
2014 - MARZO,Caja Municipal de Ahorro y Crédito,CMAC PAITA,Class y Asociados S.A.,D+,1.0
2014 - MARZO,Caja Municipal de Ahorro y Crédito,CMAC PAITA,PCR (Pacific Credit Rating),D,0.0
2014 - MARZO,Caja Municipal de Ahorro y Crédito,CMAC PISCO,PCR (Pacific Credit Rating),D,0.0
2014 - MARZO,Caja Municipal de Ahorro y Crédito,CMAC PIURA,Class y Asociados S.A.,B-,5.0
2014 - MARZO,Caja Municipal de Ahorro y Crédito,CMAC PIURA,Moodys Local PE Clasificadora de Riesgo,B-,5.0
2014 - MARZO,Caja Municipal de Ahorro y Crédito,CMAC SULLANA,Class y Asociados S.A.,B,6.0
2014 - MARZO,Caja Municipal de Ahorro y Crédito,CMAC SULLANA,Microrate,B-,5.0
2014 - MARZO,Caja Municipal de Ahorro y Crédito,CMAC SULLANA,Moodys Local PE Clasificadora de Riesgo,B-,5.0
2014 - MARZO,Caja Municipal de Ahorro y Crédito,CMAC TACNA,Class y Asociados S.A.,B-,5.0
2014 - MARZO,Caja Municipal de Ahorro y Crédito,CMAC TACNA,Moodys Local PE Clasificadora de Riesgo,B-,5.0
2014 - MARZO,Caja Municipal de Ahorro y Crédito,CMAC TRUJILLO,Class y Asociados S.A.,B,6.0
2014 - MARZO,Caja Municipal de Ahorro y Crédito,CMAC TRUJILLO,Moodys Local PE Clasificadora de Riesgo,B-,5.0
2014 - MARZO,Caja Municipal de Ahorro y Crédito,CMCP LIMA,Apoyo y Asociados Internacionales,C+,4.0
2014 - MARZO,Caja Municipal de Ahorro y Crédito,CMCP LIMA,Class y Asociados S.A.,C+,4.0
2014 - MARZO,Banco,COFIDE,Apoyo y Asociados Internacionales,A,9.0
2014 - MARZO,Banco,COFIDE,Moodys Local PE Clasificadora de Riesgo,A+,10.0
2014 - MARZO,Banco,COMPARTAMOS BANCO,Apoyo y Asociados Internacionales,B,6.0
2014 - MARZO,Banco,COMPARTAMOS BANCO,Class y Asociados S.A.,B,6.0
2014 - MARZO,Caja Rural de Ahorro y Crédito,CR SR LUREN EL,Class y Asociados S.A.,C+,4.0
2014 - MARZO,Caja Rural de Ahorro y Crédito,CR SR LUREN EL,PCR (Pacific Credit Rating),C,3.0
2014 - MARZO,Caja Rural de Ahorro y Crédito,CRAC CAJAMARCA,Class y Asociados S.A.,C,3.0
2014 - MARZO,Caja Rural de Ahorro y Crédito,CRAC CAJAMARCA,PCR (Pacific Credit Rating),C-,2.0
2014 - MARZO,Caja Rural de Ahorro y Crédito,CRAC CENCOSUD SCOTIA,Apoyo y Asociados Internacionales,B+,7.0
2014 - MARZO,Caja Rural de Ahorro y Crédito,CRAC CENCOSUD SCOTIA,Moodys Local PE Clasificadora de Riesgo,B,6.0
2014 - MARZO,Caja Rural de Ahorro y Crédito,CRAC CREDINKA,Class y Asociados S.A.,B,6.0
2014 - MARZO,Caja Rural de Ahorro y Crédito,CRAC CREDINKA,PCR (Pacific Credit Rating),B,6.0
2014 - MARZO,Caja Rural de Ahorro y Crédito,CRAC INCASUR,Apoyo y Asociados Internacionales,C,3.0
2014 - MARZO,Caja Rural de Ahorro y Crédito,CRAC INCASUR,Class y Asociados S.A.,C,3.0
2014 - MARZO,Caja Rural de Ahorro y Crédito,CRAC LOS ANDES,Class y Asociados S.A.,B-,5.0
2014 - MARZO,Caja Rural de Ahorro y Crédito,CRAC LOS ANDES,Microrate,B-,5.0
2014 - MARZO,Caja Rural de Ahorro y Crédito,CRAC PRYMERA,Apoyo y Asociados Internacionales,C,3.0
2014 - MARZO,Caja Rural de Ahorro y Crédito,CRAC PRYMERA,Class y Asociados S.A.,C,3.0
2014 - MARZO,Caja Rural de Ahorro y Crédito,CRAC Raíz en Liquida,Microrate,C-,2.0
2014 - MARZO,Caja Rural de Ahorro y Crédito,CRAC Raíz en Liquida,Moodys Local PE Clasificadora de Riesgo,C-,2.0
2014 - MARZO,Caja Rural de Ahorro y Crédito,CRAC SIPAN LIQUID.,Class y Asociados S.A.,C,3.0
2014 - MARZO,Caja Rural de Ahorro y Crédito,CRAC SIPAN LIQUID.,Moodys Local PE Clasificadora de Riesgo,C-,2.0
2014 - MARZO,Banco,DEUTSCHE BANK PERU,Apoyo y Asociados Internacionales,A+,10.0
2014 - MARZO,Banco,DEUTSCHE BANK PERU,Moodys Local PE Clasificadora de Riesgo,A,9.0
2014 - MARZO,Empresa de Créditos,EDPYME RAIZ,Class y Asociados S.A.,B-,5.0
2014 - MARZO,Financiera,FINANC. CREDINKA,Class y Asociados S.A.,C+,4.0
2014 - MARZO,Financiera,FINANC. CREDINKA,Moodys Local PE Clasificadora de Riesgo,C,3.0
2014 - MARZO,Financiera,FINANC. PROEMPRESA,Class y Asociados S.A.,B-,5.0
2014 - MARZO,Financiera,FINANC. PROEMPRESA,Moodys Local PE Clasificadora de Riesgo,C+,4.0
2014 - MARZO,Financiera,FINANCIERA CONFIANZA,Class y Asociados S.A.,B+,7.0
2014 - MARZO,Financiera,FINANCIERA CONFIANZA,Moodys Local PE Clasificadora de Riesgo,B+,7.0
2014 - MARZO,Financiera,FINANCIERA EDYFICAR,Apoyo y Asociados Internacionales,A,9.0
2014 - MARZO,Financiera,FINANCIERA EDYFICAR,Moodys Local PE Clasificadora de Riesgo,A-,8.0
2014 - MARZO,Financiera,FINANCIERA QAPAQ,Class y Asociados S.A.,B+,7.0
2014 - MARZO,Financiera,FINANCIERA QAPAQ,PCR (Pacific Credit Rating),B+,7.0
2014 - MARZO,Financiera,FINANCIERA TFC EL,Class y Asociados S.A.,B-,5.0
2014 - MARZO,Financiera,FINANCIERA TFC EL,PCR (Pacific Credit Rating),B-,5.0
2014 - MARZO,Fondo,FONDO MIVIVIENDA,Class y Asociados S.A.,A+,10.0
2014 - MARZO,Banco,ICBC PERU BANK S.A.,Apoyo y Asociados Internacionales,A,9.0
2014 - MARZO,Banco,ICBC PERU BANK S.A.,Moodys Local PE Clasificadora de Riesgo,A,9.0
2014 - MARZO,Financiera,INFINANCE XP S.A.,Apoyo y Asociados Internacionales,B,6.0
2014 - MARZO,Financiera,INFINANCE XP S.A.,Class y Asociados S.A.,B+,7.0
2014 - MARZO,Financiera,INFINANCE XP S.A.,Moodys Local PE Clasificadora de Riesgo,B,6.0
2014 - MARZO,Seguros,Insur,Class y Asociados S.A.,A,9.0
2014 - MARZO,Seguros,Insur,PCR (Pacific Credit Rating),A,9.0
2014 - MARZO,Banco,INTERBANK,Apoyo y Asociados Internacionales,A,9.0
2014 - MARZO,Banco,INTERBANK,Class y Asociados S.A.,A+,10.0
2014 - MARZO,Banco,INTERBANK,Moodys Local PE Clasificadora de Riesgo,A,9.0
2014 - MARZO,Seguros,Interseguro,Class y Asociados S.A.,A+,10.0
2014 - MARZO,Seguros,Interseguro,Moodys Local PE Clasificadora de Riesgo,A,9.0
2014 - MARZO,Seguros,La Positiva,Class y Asociados S.A.,A-,8.0
2014 - MARZO,Seguros,La Positiva,PCR (Pacific Credit Rating),A-,8.0
2014 - MARZO,Seguros,La Positiva Vida,Class y Asociados S.A.,A-,8.0
2014 - MARZO,Seguros,La Positiva Vida,PCR (Pacific Credit Rating),A-,8.0
2014 - MARZO,Seguros,Mapfre Perú,Class y Asociados S.A.,A,9.0
2014 - MARZO,Seguros,Mapfre Perú,PCR (Pacific Credit Rating),A+,10.0
2014 - MARZO,Seguros,Mapfre Peru (Abs),Class y Asociados S.A.,A,9.0
2014 - MARZO,Seguros,Mapfre Peru (Abs),PCR (Pacific Credit Rating),A,9.0
2014 - MARZO,Banco,MIBANCO,Class y Asociados S.A.,A,9.0
2014 - MARZO,Banco,MIBANCO,PCR (Pacific Credit Rating),A-,8.0
2014 - MARZO,Banco,NACION,Apoyo y Asociados Internacionales,A,9.0
2014 - MARZO,Banco,NACION,Moodys Local PE Clasificadora de Riesgo,A,9.0
2014 - MARZO,Seguros,Pacífico Seguros,Apoyo y Asociados Internacionales,A+,10.0
2014 - MARZO,Seguros,Pacífico Seguros,Moodys Local PE Clasificadora de Riesgo,A+,10.0
2014 - MARZO,Seguros,Pacifico Seguros-Abs,Apoyo y Asociados Internacionales,A,9.0
2014 - MARZO,Seguros,Pacifico Seguros-Abs,Moodys Local PE Clasificadora de Riesgo,A,9.0
2014 - MARZO,Seguros,Protecta,Class y Asociados S.A.,A-,8.0
2014 - MARZO,Seguros,Protecta,PCR (Pacific Credit Rating),A,9.0
2014 - MARZO,Seguros,Rigel Peru EL,Apoyo y Asociados Internacionales,B+,7.0
2014 - MARZO,Seguros,Rigel Peru EL,Class y Asociados S.A.,B+,7.0
2014 - MARZO,Seguros,Rímac Seguros,Apoyo y Asociados Internacionales,A+,10.0
2014 - MARZO,Seguros,Rímac Seguros,Moodys Local PE Clasificadora de Riesgo,A+,10.0
2014 - MARZO,Banco,SANTANDER PERU,Moodys Local PE Clasificadora de Riesgo,A,9.0
2014 - MARZO,Banco,SANTANDER PERU,PCR (Pacific Credit Rating),A,9.0
2014 - MARZO,Banco,SCOTIABANK PERU,Apoyo y Asociados Internacionales,A+,10.0
2014 - MARZO,Banco,SCOTIABANK PERU,Class y Asociados S.A.,A+,10.0
2014 - MARZO,Seguros,SEGUROS SURA,Class y Asociados S.A.,A,9.0
2014 - MARZO,Seguros,SEGUROS SURA,Moodys Local PE Clasificadora de Riesgo,A,9.0
2014 - SEPTIEMBRE,Empresa de Créditos,ACCESO CREDITICIO,Moodys Local PE Clasificadora de Riesgo,C,3.0
2014 - SEPTIEMBRE,Banco,AGROBANCO,Apoyo y Asociados Internacionales,A-,8.0
2014 - SEPTIEMBRE,Banco,AGROBANCO,Moodys Local PE Clasificadora de Riesgo,A-,8.0
2014 - SEPTIEMBRE,Banco,ALFIN BANCO,Class y Asociados S.A.,B,6.0
2014 - SEPTIEMBRE,Banco,ALFIN BANCO,Moodys Local PE Clasificadora de Riesgo,B,6.0
2014 - SEPTIEMBRE,Financiera,AMERIKA FINANC. EL,Class y Asociados S.A.,B+,7.0
2014 - SEPTIEMBRE,Financiera,AMERIKA FINANC. EL,Moodys Local PE Clasificadora de Riesgo,B-,5.0
2014 - SEPTIEMBRE,Seguros,AuguStar Seguros,Apoyo y Asociados Internacionales,A-,8.0
2014 - SEPTIEMBRE,Seguros,AuguStar Seguros,PCR (Pacific Credit Rating),A-,8.0
2014 - SEPTIEMBRE,Banco,BANBIF,Class y Asociados S.A.,A+,10.0
2014 - SEPTIEMBRE,Banco,BANBIF,PCR (Pacific Credit Rating),A+,10.0
2014 - SEPTIEMBRE,Banco,BANCO DE CREDITO,Apoyo y Asociados Internacionales,A+,10.0
2014 - SEPTIEMBRE,Banco,BANCO DE CREDITO,Moodys Local PE Clasificadora de Riesgo,A+,10.0
2014 - SEPTIEMBRE,Banco,BANCO EFECTIVA,Apoyo y Asociados Internacionales,B+,7.0
2014 - SEPTIEMBRE,Banco,BANCO EFECTIVA,Class y Asociados S.A.,B+,7.0
2014 - SEPTIEMBRE,Banco,BANCO FALABELLA,Apoyo y Asociados Internacionales,A-,8.0
2014 - SEPTIEMBRE,Banco,BANCO FALABELLA,Moodys Local PE Clasificadora de Riesgo,A-,8.0
2014 - SEPTIEMBRE,Banco,BANCO GNB,Class y Asociados S.A.,A,9.0
2014 - SEPTIEMBRE,Banco,BANCO GNB,Moodys Local PE Clasificadora de Riesgo,A-,8.0
2014 - SEPTIEMBRE,Banco,BANCO PICHINCHA,Class y Asociados S.A.,A-,8.0
2014 - SEPTIEMBRE,Banco,BANCO PICHINCHA,PCR (Pacific Credit Rating),A,9.0
2014 - SEPTIEMBRE,Banco,BANCO RIPLEY,Apoyo y Asociados Internacionales,B+,7.0
2014 - SEPTIEMBRE,Banco,BANCO RIPLEY,Class y Asociados S.A.,A-,8.0
2014 - SEPTIEMBRE,Banco,BANCOM,Moodys Local PE Clasificadora de Riesgo,B,6.0
2014 - SEPTIEMBRE,Banco,BANCOM,PCR (Pacific Credit Rating),B+,7.0
2014 - SEPTIEMBRE,Banco,BBVA,Apoyo y Asociados Internacionales,A+,10.0
2014 - SEPTIEMBRE,Banco,BBVA,Moodys Local PE Clasificadora de Riesgo,A+,10.0
2014 - SEPTIEMBRE,Banco,BBVA,PCR (Pacific Credit Rating),A+,10.0
2014 - SEPTIEMBRE,Banco,BN. SANTANDER CONS.,Apoyo y Asociados Internacionales,A,9.0
2014 - SEPTIEMBRE,Banco,BN. SANTANDER CONS.,Class y Asociados S.A.,A,9.0
2014 - SEPTIEMBRE,Seguros,BNP Paribas Cardif,Class y Asociados S.A.,A,9.0
2014 - SEPTIEMBRE,Seguros,BNP Paribas Cardif,PCR (Pacific Credit Rating),A,9.0
2014 - SEPTIEMBRE,Caja Rural de Ahorro y Crédito,CAJA LOS LIBERTADORE,Class y Asociados S.A.,D,0.0
2014 - SEPTIEMBRE,Caja Rural de Ahorro y Crédito,CAJA LOS LIBERTADORE,PCR (Pacific Credit Rating),D-,
2014 - SEPTIEMBRE,Seguros,Cesce,Class y Asociados S.A.,A,9.0
2014 - SEPTIEMBRE,Seguros,Cesce,PCR (Pacific Credit Rating),A,9.0
2014 - SEPTIEMBRE,Seguros,Chubb Perú,Apoyo y Asociados Internacionales,A,9.0
2014 - SEPTIEMBRE,Seguros,Chubb Perú,PCR (Pacific Credit Rating),A,9.0
2014 - SEPTIEMBRE,Banco,CITIBANK DEL PERU,Apoyo y Asociados Internacionales,A,9.0
2014 - SEPTIEMBRE,Banco,CITIBANK DEL PERU,PCR (Pacific Credit Rating),A+,10.0
2014 - SEPTIEMBRE,Caja Municipal de Ahorro y Crédito,CMAC AREQUIPA,Apoyo y Asociados Internacionales,B+,7.0
2014 - SEPTIEMBRE,Caja Municipal de Ahorro y Crédito,CMAC AREQUIPA,Moodys Local PE Clasificadora de Riesgo,B+,7.0
2014 - SEPTIEMBRE,Caja Municipal de Ahorro y Crédito,CMAC CUSCO,Class y Asociados S.A.,B,6.0
2014 - SEPTIEMBRE,Caja Municipal de Ahorro y Crédito,CMAC CUSCO,Moodys Local PE Clasificadora de Riesgo,B,6.0
2014 - SEPTIEMBRE,Caja Municipal de Ahorro y Crédito,CMAC DEL SANTA,Apoyo y Asociados Internacionales,D+,1.0
2014 - SEPTIEMBRE,Caja Municipal de Ahorro y Crédito,CMAC DEL SANTA,Class y Asociados S.A.,D+,1.0
2014 - SEPTIEMBRE,Caja Municipal de Ahorro y Crédito,CMAC HUANCAYO,Class y Asociados S.A.,B+,7.0
2014 - SEPTIEMBRE,Caja Municipal de Ahorro y Crédito,CMAC HUANCAYO,Moodys Local PE Clasificadora de Riesgo,B+,7.0
2014 - SEPTIEMBRE,Caja Municipal de Ahorro y Crédito,CMAC ICA,Microrate,C+,4.0
2014 - SEPTIEMBRE,Caja Municipal de Ahorro y Crédito,CMAC ICA,Moodys Local PE Clasificadora de Riesgo,C+,4.0
2014 - SEPTIEMBRE,Caja Municipal de Ahorro y Crédito,CMAC MAYNAS,Class y Asociados S.A.,C+,4.0
2014 - SEPTIEMBRE,Caja Municipal de Ahorro y Crédito,CMAC MAYNAS,PCR (Pacific Credit Rating),C+,4.0
2014 - SEPTIEMBRE,Caja Municipal de Ahorro y Crédito,CMAC PAITA,Class y Asociados S.A.,D+,1.0
2014 - SEPTIEMBRE,Caja Municipal de Ahorro y Crédito,CMAC PAITA,Microrate,D+,1.0
2014 - SEPTIEMBRE,Caja Municipal de Ahorro y Crédito,CMAC PIURA,Class y Asociados S.A.,B-,5.0
2014 - SEPTIEMBRE,Caja Municipal de Ahorro y Crédito,CMAC PIURA,Moodys Local PE Clasificadora de Riesgo,C+,4.0
2014 - SEPTIEMBRE,Caja Municipal de Ahorro y Crédito,CMAC SULLANA,Class y Asociados S.A.,B,6.0
2014 - SEPTIEMBRE,Caja Municipal de Ahorro y Crédito,CMAC SULLANA,Microrate,B-,5.0
2014 - SEPTIEMBRE,Caja Municipal de Ahorro y Crédito,CMAC SULLANA,Moodys Local PE Clasificadora de Riesgo,B-,5.0
2014 - SEPTIEMBRE,Caja Municipal de Ahorro y Crédito,CMAC TACNA,Class y Asociados S.A.,B-,5.0
2014 - SEPTIEMBRE,Caja Municipal de Ahorro y Crédito,CMAC TACNA,Moodys Local PE Clasificadora de Riesgo,B-,5.0
2014 - SEPTIEMBRE,Caja Municipal de Ahorro y Crédito,CMAC TRUJILLO,Class y Asociados S.A.,B,6.0
2014 - SEPTIEMBRE,Caja Municipal de Ahorro y Crédito,CMAC TRUJILLO,Moodys Local PE Clasificadora de Riesgo,B-,5.0
2014 - SEPTIEMBRE,Caja Municipal de Ahorro y Crédito,CMCP LIMA,Apoyo y Asociados Internacionales,C+,4.0
2014 - SEPTIEMBRE,Caja Municipal de Ahorro y Crédito,CMCP LIMA,Class y Asociados S.A.,C+,4.0
2014 - SEPTIEMBRE,Banco,COFIDE,Apoyo y Asociados Internacionales,A,9.0
2014 - SEPTIEMBRE,Banco,COFIDE,Moodys Local PE Clasificadora de Riesgo,A+,10.0
2014 - SEPTIEMBRE,Banco,COMPARTAMOS BANCO,Apoyo y Asociados Internacionales,B,6.0
2014 - SEPTIEMBRE,Banco,COMPARTAMOS BANCO,Class y Asociados S.A.,B,6.0
2014 - SEPTIEMBRE,Caja Rural de Ahorro y Crédito,CR SR LUREN EL,Class y Asociados S.A.,C-,2.0
2014 - SEPTIEMBRE,Caja Rural de Ahorro y Crédito,CR SR LUREN EL,PCR (Pacific Credit Rating),C-,2.0
2014 - SEPTIEMBRE,Caja Rural de Ahorro y Crédito,CRAC CAJAMARCA,Class y Asociados S.A.,C,3.0
2014 - SEPTIEMBRE,Caja Rural de Ahorro y Crédito,CRAC CAJAMARCA,PCR (Pacific Credit Rating),C-,2.0
2014 - SEPTIEMBRE,Caja Rural de Ahorro y Crédito,CRAC CENCOSUD SCOTIA,Apoyo y Asociados Internacionales,B+,7.0
2014 - SEPTIEMBRE,Caja Rural de Ahorro y Crédito,CRAC CENCOSUD SCOTIA,Moodys Local PE Clasificadora de Riesgo,B,6.0
2014 - SEPTIEMBRE,Caja Rural de Ahorro y Crédito,CRAC CREDINKA,Class y Asociados S.A.,B,6.0
2014 - SEPTIEMBRE,Caja Rural de Ahorro y Crédito,CRAC CREDINKA,PCR (Pacific Credit Rating),B,6.0
2014 - SEPTIEMBRE,Caja Rural de Ahorro y Crédito,CRAC INCASUR,Apoyo y Asociados Internacionales,C,3.0
2014 - SEPTIEMBRE,Caja Rural de Ahorro y Crédito,CRAC INCASUR,Class y Asociados S.A.,C,3.0
2014 - SEPTIEMBRE,Caja Rural de Ahorro y Crédito,CRAC LOS ANDES,Class y Asociados S.A.,B-,5.0
2014 - SEPTIEMBRE,Caja Rural de Ahorro y Crédito,CRAC LOS ANDES,Microrate,B-,5.0
2014 - SEPTIEMBRE,Caja Rural de Ahorro y Crédito,CRAC PRYMERA,Apoyo y Asociados Internacionales,C,3.0
2014 - SEPTIEMBRE,Caja Rural de Ahorro y Crédito,CRAC PRYMERA,Class y Asociados S.A.,C,3.0
2014 - SEPTIEMBRE,Caja Rural de Ahorro y Crédito,CRAC Raíz en Liquida,Microrate,C-,2.0
2014 - SEPTIEMBRE,Caja Rural de Ahorro y Crédito,CRAC Raíz en Liquida,Moodys Local PE Clasificadora de Riesgo,C-,2.0
2014 - SEPTIEMBRE,Caja Rural de Ahorro y Crédito,CRAC SIPAN LIQUID.,Class y Asociados S.A.,C-,2.0
2014 - SEPTIEMBRE,Caja Rural de Ahorro y Crédito,CRAC SIPAN LIQUID.,Moodys Local PE Clasificadora de Riesgo,C-,2.0
2014 - SEPTIEMBRE,Banco,DEUTSCHE BANK PERU,Apoyo y Asociados Internacionales,A+,10.0
2014 - SEPTIEMBRE,Banco,DEUTSCHE BANK PERU,Moodys Local PE Clasificadora de Riesgo,A,9.0
2014 - SEPTIEMBRE,Empresa de Créditos,EDPYME RAIZ,Class y Asociados S.A.,B-,5.0
2014 - SEPTIEMBRE,Financiera,FINANC. CREDINKA,Class y Asociados S.A.,C+,4.0
2014 - SEPTIEMBRE,Financiera,FINANC. CREDINKA,Moodys Local PE Clasificadora de Riesgo,C,3.0
2014 - SEPTIEMBRE,Financiera,FINANC. PROEMPRESA,Apoyo y Asociados Internacionales,B-,5.0
2014 - SEPTIEMBRE,Financiera,FINANC. PROEMPRESA,Class y Asociados S.A.,B-,5.0
2014 - SEPTIEMBRE,Financiera,FINANC. PROEMPRESA,Moodys Local PE Clasificadora de Riesgo,C+,4.0
2014 - SEPTIEMBRE,Financiera,FINANCIERA CONFIANZA,Class y Asociados S.A.,B+,7.0
2014 - SEPTIEMBRE,Financiera,FINANCIERA CONFIANZA,Moodys Local PE Clasificadora de Riesgo,B+,7.0
2014 - SEPTIEMBRE,Financiera,FINANCIERA EDYFICAR,Apoyo y Asociados Internacionales,A,9.0
2014 - SEPTIEMBRE,Financiera,FINANCIERA EDYFICAR,Moodys Local PE Clasificadora de Riesgo,A-,8.0
2014 - SEPTIEMBRE,Financiera,FINANCIERA QAPAQ,Class y Asociados S.A.,B+,7.0
2014 - SEPTIEMBRE,Financiera,FINANCIERA QAPAQ,PCR (Pacific Credit Rating),B+,7.0
2014 - SEPTIEMBRE,Financiera,FINANCIERA TFC EL,Class y Asociados S.A.,B-,5.0
2014 - SEPTIEMBRE,Financiera,FINANCIERA TFC EL,PCR (Pacific Credit Rating),B-,5.0
2014 - SEPTIEMBRE,Fondo,FONDO MIVIVIENDA,Class y Asociados S.A.,A+,10.0
2014 - SEPTIEMBRE,Banco,ICBC PERU BANK S.A.,Apoyo y Asociados Internacionales,A,9.0
2014 - SEPTIEMBRE,Banco,ICBC PERU BANK S.A.,Moodys Local PE Clasificadora de Riesgo,A,9.0
2014 - SEPTIEMBRE,Financiera,INFINANCE XP S.A.,Apoyo y Asociados Internacionales,B,6.0
2014 - SEPTIEMBRE,Financiera,INFINANCE XP S.A.,Class y Asociados S.A.,B+,7.0
2014 - SEPTIEMBRE,Financiera,INFINANCE XP S.A.,Moodys Local PE Clasificadora de Riesgo,B,6.0
2014 - SEPTIEMBRE,Seguros,Insur,Class y Asociados S.A.,A,9.0
2014 - SEPTIEMBRE,Seguros,Insur,PCR (Pacific Credit Rating),A,9.0
2014 - SEPTIEMBRE,Banco,INTERBANK,Apoyo y Asociados Internacionales,A,9.0
2014 - SEPTIEMBRE,Banco,INTERBANK,Class y Asociados S.A.,A+,10.0
2014 - SEPTIEMBRE,Banco,INTERBANK,Moodys Local PE Clasificadora de Riesgo,A,9.0
2014 - SEPTIEMBRE,Seguros,Interseguro,Class y Asociados S.A.,A+,10.0
2014 - SEPTIEMBRE,Seguros,Interseguro,Moodys Local PE Clasificadora de Riesgo,A,9.0
2014 - SEPTIEMBRE,Seguros,La Positiva,Class y Asociados S.A.,A-,8.0
2014 - SEPTIEMBRE,Seguros,La Positiva,PCR (Pacific Credit Rating),A-,8.0
2014 - SEPTIEMBRE,Seguros,La Positiva Vida,Class y Asociados S.A.,A-,8.0
2014 - SEPTIEMBRE,Seguros,La Positiva Vida,PCR (Pacific Credit Rating),A-,8.0
2014 - SEPTIEMBRE,Seguros,Mapfre Perú,Class y Asociados S.A.,A,9.0
2014 - SEPTIEMBRE,Seguros,Mapfre Perú,PCR (Pacific Credit Rating),A+,10.0
2014 - SEPTIEMBRE,Seguros,Mapfre Peru (Abs),Class y Asociados S.A.,A,9.0
2014 - SEPTIEMBRE,Seguros,Mapfre Peru (Abs),PCR (Pacific Credit Rating),A,9.0
2014 - SEPTIEMBRE,Banco,MIBANCO,Class y Asociados S.A.,A,9.0
2014 - SEPTIEMBRE,Banco,MIBANCO,PCR (Pacific Credit Rating),A-,8.0
2014 - SEPTIEMBRE,Banco,NACION,Apoyo y Asociados Internacionales,A,9.0
2014 - SEPTIEMBRE,Banco,NACION,Moodys Local PE Clasificadora de Riesgo,A,9.0
2014 - SEPTIEMBRE,Seguros,Pacífico Seguros,Apoyo y Asociados Internacionales,A+,10.0
2014 - SEPTIEMBRE,Seguros,Pacífico Seguros,Moodys Local PE Clasificadora de Riesgo,A+,10.0
2014 - SEPTIEMBRE,Seguros,Pacifico Seguros-Abs,Apoyo y Asociados Internacionales,A,9.0
2014 - SEPTIEMBRE,Seguros,Pacifico Seguros-Abs,Moodys Local PE Clasificadora de Riesgo,A,9.0
2014 - SEPTIEMBRE,Seguros,Protecta,Class y Asociados S.A.,A-,8.0
2014 - SEPTIEMBRE,Seguros,Protecta,PCR (Pacific Credit Rating),A,9.0
2014 - SEPTIEMBRE,Seguros,Quálitas,Class y Asociados S.A.,B+,7.0
2014 - SEPTIEMBRE,Seguros,Quálitas,PCR (Pacific Credit Rating),A-,8.0
2014 - SEPTIEMBRE,Seguros,Rigel Peru EL,Apoyo y Asociados Internacionales,B+,7.0
2014 - SEPTIEMBRE,Seguros,Rigel Peru EL,Class y Asociados S.A.,B+,7.0
2014 - SEPTIEMBRE,Seguros,Rímac Seguros,Apoyo y Asociados Internacionales,A+,10.0
2014 - SEPTIEMBRE,Seguros,Rímac Seguros,Moodys Local PE Clasificadora de Riesgo,A+,10.0
2014 - SEPTIEMBRE,Banco,SANTANDER PERU,Moodys Local PE Clasificadora de Riesgo,A,9.0
2014 - SEPTIEMBRE,Banco,SANTANDER PERU,PCR (Pacific Credit Rating),A,9.0
2014 - SEPTIEMBRE,Banco,SCOTIABANK PERU,Apoyo y Asociados Internacionales,A+,10.0
2014 - SEPTIEMBRE,Banco,SCOTIABANK PERU,Class y Asociados S.A.,A+,10.0
2014 - SEPTIEMBRE,Seguros,SEGUROS SURA,Class y Asociados S.A.,A,9.0
2014 - SEPTIEMBRE,Seguros,SEGUROS SURA,Moodys Local PE Clasificadora de Riesgo,A,9.0
2014 - SEPTIEMBRE,Seguros,Vivir Seguros,Class y Asociados S.A.,A-,8.0
2014 - SEPTIEMBRE,Seguros,Vivir Seguros,PCR (Pacific Credit Rating),A-,8.0
2015 - MARZO,Empresa de Créditos,ACCESO CREDITICIO,Moodys Local PE Clasificadora de Riesgo,C,3.0
2015 - MARZO,Banco,AGROBANCO,Apoyo y Asociados Internacionales,A-,8.0
2015 - MARZO,Banco,AGROBANCO,Moodys Local PE Clasificadora de Riesgo,A-,8.0
2015 - MARZO,Banco,ALFIN BANCO,Class y Asociados S.A.,B,6.0
2015 - MARZO,Banco,ALFIN BANCO,Moodys Local PE Clasificadora de Riesgo,B,6.0
2015 - MARZO,Financiera,AMERIKA FINANC. EL,Class y Asociados S.A.,B+,7.0
2015 - MARZO,Financiera,AMERIKA FINANC. EL,Moodys Local PE Clasificadora de Riesgo,B-,5.0
2015 - MARZO,Seguros,AuguStar Seguros,Apoyo y Asociados Internacionales,A-,8.0
2015 - MARZO,Seguros,AuguStar Seguros,PCR (Pacific Credit Rating),A-,8.0
2015 - MARZO,Banco,BANBIF,Class y Asociados S.A.,A+,10.0
2015 - MARZO,Banco,BANBIF,PCR (Pacific Credit Rating),A+,10.0
2015 - MARZO,Banco,BANCO DE CREDITO,Apoyo y Asociados Internacionales,A+,10.0
2015 - MARZO,Banco,BANCO DE CREDITO,Moodys Local PE Clasificadora de Riesgo,A+,10.0
2015 - MARZO,Banco,BANCO EFECTIVA,Apoyo y Asociados Internacionales,B+,7.0
2015 - MARZO,Banco,BANCO EFECTIVA,Class y Asociados S.A.,B+,7.0
2015 - MARZO,Banco,BANCO FALABELLA,Apoyo y Asociados Internacionales,A-,8.0
2015 - MARZO,Banco,BANCO FALABELLA,Moodys Local PE Clasificadora de Riesgo,A-,8.0
2015 - MARZO,Banco,BANCO GNB,Class y Asociados S.A.,A,9.0
2015 - MARZO,Banco,BANCO GNB,Moodys Local PE Clasificadora de Riesgo,A-,8.0
2015 - MARZO,Banco,BANCO PICHINCHA,Class y Asociados S.A.,A-,8.0
2015 - MARZO,Banco,BANCO PICHINCHA,PCR (Pacific Credit Rating),A,9.0
2015 - MARZO,Banco,BANCO RIPLEY,Apoyo y Asociados Internacionales,B+,7.0
2015 - MARZO,Banco,BANCO RIPLEY,Class y Asociados S.A.,A-,8.0
2015 - MARZO,Banco,BANCOM,Moodys Local PE Clasificadora de Riesgo,B,6.0
2015 - MARZO,Banco,BANCOM,PCR (Pacific Credit Rating),B+,7.0
2015 - MARZO,Banco,BBVA,Apoyo y Asociados Internacionales,A+,10.0
2015 - MARZO,Banco,BBVA,Moodys Local PE Clasificadora de Riesgo,A+,10.0
2015 - MARZO,Banco,BBVA,PCR (Pacific Credit Rating),A+,10.0
2015 - MARZO,Banco,BN. SANTANDER CONS.,Apoyo y Asociados Internacionales,A,9.0
2015 - MARZO,Banco,BN. SANTANDER CONS.,Class y Asociados S.A.,A,9.0
2015 - MARZO,Seguros,BNP Paribas Cardif,Class y Asociados S.A.,A,9.0
2015 - MARZO,Seguros,BNP Paribas Cardif,PCR (Pacific Credit Rating),A,9.0
2015 - MARZO,Caja Rural de Ahorro y Crédito,CAJA LOS LIBERTADORE,Class y Asociados S.A.,D,0.0
2015 - MARZO,Caja Rural de Ahorro y Crédito,CAJA LOS LIBERTADORE,PCR (Pacific Credit Rating),D-,
2015 - MARZO,Seguros,Cesce,Class y Asociados S.A.,A,9.0
2015 - MARZO,Seguros,Cesce,PCR (Pacific Credit Rating),A,9.0
2015 - MARZO,Seguros,Chubb Perú,Apoyo y Asociados Internacionales,A,9.0
2015 - MARZO,Seguros,Chubb Perú,PCR (Pacific Credit Rating),A,9.0
2015 - MARZO,Banco,CITIBANK DEL PERU,Apoyo y Asociados Internacionales,A,9.0
2015 - MARZO,Banco,CITIBANK DEL PERU,PCR (Pacific Credit Rating),A+,10.0
2015 - MARZO,Caja Municipal de Ahorro y Crédito,CMAC AREQUIPA,Apoyo y Asociados Internacionales,B+,7.0
2015 - MARZO,Caja Municipal de Ahorro y Crédito,CMAC AREQUIPA,Moodys Local PE Clasificadora de Riesgo,B+,7.0
2015 - MARZO,Caja Municipal de Ahorro y Crédito,CMAC CUSCO,Class y Asociados S.A.,B,6.0
2015 - MARZO,Caja Municipal de Ahorro y Crédito,CMAC CUSCO,Moodys Local PE Clasificadora de Riesgo,B,6.0
2015 - MARZO,Caja Municipal de Ahorro y Crédito,CMAC DEL SANTA,Apoyo y Asociados Internacionales,D+,1.0
2015 - MARZO,Caja Municipal de Ahorro y Crédito,CMAC DEL SANTA,Microrate,D+,1.0
2015 - MARZO,Caja Municipal de Ahorro y Crédito,CMAC HUANCAYO,Class y Asociados S.A.,B+,7.0
2015 - MARZO,Caja Municipal de Ahorro y Crédito,CMAC HUANCAYO,Moodys Local PE Clasificadora de Riesgo,B+,7.0
2015 - MARZO,Caja Municipal de Ahorro y Crédito,CMAC ICA,Microrate,C+,4.0
2015 - MARZO,Caja Municipal de Ahorro y Crédito,CMAC ICA,Moodys Local PE Clasificadora de Riesgo,C+,4.0
2015 - MARZO,Caja Municipal de Ahorro y Crédito,CMAC MAYNAS,Class y Asociados S.A.,C+,4.0
2015 - MARZO,Caja Municipal de Ahorro y Crédito,CMAC MAYNAS,PCR (Pacific Credit Rating),C+,4.0
2015 - MARZO,Caja Municipal de Ahorro y Crédito,CMAC PAITA,Class y Asociados S.A.,D+,1.0
2015 - MARZO,Caja Municipal de Ahorro y Crédito,CMAC PAITA,Microrate,D+,1.0
2015 - MARZO,Caja Municipal de Ahorro y Crédito,CMAC PIURA,Class y Asociados S.A.,B-,5.0
2015 - MARZO,Caja Municipal de Ahorro y Crédito,CMAC PIURA,Microrate,B-,5.0
2015 - MARZO,Caja Municipal de Ahorro y Crédito,CMAC SULLANA,Class y Asociados S.A.,B,6.0
2015 - MARZO,Caja Municipal de Ahorro y Crédito,CMAC SULLANA,Microrate,B-,5.0
2015 - MARZO,Caja Municipal de Ahorro y Crédito,CMAC SULLANA,Moodys Local PE Clasificadora de Riesgo,B-,5.0
2015 - MARZO,Caja Municipal de Ahorro y Crédito,CMAC TACNA,Class y Asociados S.A.,C+,4.0
2015 - MARZO,Caja Municipal de Ahorro y Crédito,CMAC TACNA,Moodys Local PE Clasificadora de Riesgo,C+,4.0
2015 - MARZO,Caja Municipal de Ahorro y Crédito,CMAC TRUJILLO,Class y Asociados S.A.,B,6.0
2015 - MARZO,Caja Municipal de Ahorro y Crédito,CMAC TRUJILLO,Moodys Local PE Clasificadora de Riesgo,B-,5.0
2015 - MARZO,Caja Municipal de Ahorro y Crédito,CMCP LIMA,Apoyo y Asociados Internacionales,C,3.0
2015 - MARZO,Caja Municipal de Ahorro y Crédito,CMCP LIMA,Class y Asociados S.A.,C,3.0
2015 - MARZO,Banco,COFIDE,Apoyo y Asociados Internacionales,A,9.0
2015 - MARZO,Banco,COFIDE,Moodys Local PE Clasificadora de Riesgo,A+,10.0
2015 - MARZO,Banco,COMPARTAMOS BANCO,Apoyo y Asociados Internacionales,B,6.0
2015 - MARZO,Banco,COMPARTAMOS BANCO,Class y Asociados S.A.,B,6.0
2015 - MARZO,Caja Rural de Ahorro y Crédito,CRAC CAJAMARCA,Class y Asociados S.A.,C,3.0
2015 - MARZO,Caja Rural de Ahorro y Crédito,CRAC CAJAMARCA,PCR (Pacific Credit Rating),C-,2.0
2015 - MARZO,Caja Rural de Ahorro y Crédito,CRAC CENCOSUD SCOTIA,Apoyo y Asociados Internacionales,B+,7.0
2015 - MARZO,Caja Rural de Ahorro y Crédito,CRAC CENCOSUD SCOTIA,Moodys Local PE Clasificadora de Riesgo,B,6.0
2015 - MARZO,Caja Rural de Ahorro y Crédito,CRAC CREDINKA,Class y Asociados S.A.,B,6.0
2015 - MARZO,Caja Rural de Ahorro y Crédito,CRAC CREDINKA,PCR (Pacific Credit Rating),B,6.0
2015 - MARZO,Caja Rural de Ahorro y Crédito,CRAC INCASUR,Apoyo y Asociados Internacionales,C,3.0
2015 - MARZO,Caja Rural de Ahorro y Crédito,CRAC INCASUR,Class y Asociados S.A.,C,3.0
2015 - MARZO,Caja Rural de Ahorro y Crédito,CRAC LOS ANDES,Class y Asociados S.A.,B-,5.0
2015 - MARZO,Caja Rural de Ahorro y Crédito,CRAC LOS ANDES,Microrate,B-,5.0
2015 - MARZO,Caja Rural de Ahorro y Crédito,CRAC PRYMERA,Apoyo y Asociados Internacionales,C,3.0
2015 - MARZO,Caja Rural de Ahorro y Crédito,CRAC PRYMERA,Class y Asociados S.A.,C,3.0
2015 - MARZO,Caja Rural de Ahorro y Crédito,CRAC Raíz en Liquida,Microrate,D+,1.0
2015 - MARZO,Caja Rural de Ahorro y Crédito,CRAC Raíz en Liquida,Moodys Local PE Clasificadora de Riesgo,D,0.0
2015 - MARZO,Caja Rural de Ahorro y Crédito,CRAC SIPAN LIQUID.,Class y Asociados S.A.,C-,2.0
2015 - MARZO,Caja Rural de Ahorro y Crédito,CRAC SIPAN LIQUID.,Moodys Local PE Clasificadora de Riesgo,C-,2.0
2015 - MARZO,Banco,DEUTSCHE BANK PERU,Apoyo y Asociados Internacionales,A+,10.0
2015 - MARZO,Banco,DEUTSCHE BANK PERU,Moodys Local PE Clasificadora de Riesgo,A,9.0
2015 - MARZO,Empresa de Créditos,EDPYME RAIZ,Class y Asociados S.A.,B-,5.0
2015 - MARZO,Financiera,FINANC. CREDINKA,Class y Asociados S.A.,C+,4.0
2015 - MARZO,Financiera,FINANC. CREDINKA,Moodys Local PE Clasificadora de Riesgo,C,3.0
2015 - MARZO,Financiera,FINANC. PROEMPRESA,Apoyo y Asociados Internacionales,B-,5.0
2015 - MARZO,Financiera,FINANC. PROEMPRESA,Class y Asociados S.A.,B-,5.0
2015 - MARZO,Financiera,FINANCIERA CONFIANZA,Class y Asociados S.A.,B+,7.0
2015 - MARZO,Financiera,FINANCIERA CONFIANZA,Moodys Local PE Clasificadora de Riesgo,B+,7.0
2015 - MARZO,Financiera,FINANCIERA EDYFICAR,Apoyo y Asociados Internacionales,A,9.0
2015 - MARZO,Financiera,FINANCIERA EDYFICAR,Moodys Local PE Clasificadora de Riesgo,A-,8.0
2015 - MARZO,Financiera,FINANCIERA QAPAQ,Class y Asociados S.A.,B,6.0
2015 - MARZO,Financiera,FINANCIERA QAPAQ,PCR (Pacific Credit Rating),B+,7.0
2015 - MARZO,Financiera,FINANCIERA TFC EL,Class y Asociados S.A.,B-,5.0
2015 - MARZO,Financiera,FINANCIERA TFC EL,PCR (Pacific Credit Rating),B,6.0
2015 - MARZO,Fondo,FONDO MIVIVIENDA,Class y Asociados S.A.,A+,10.0
2015 - MARZO,Banco,ICBC PERU BANK S.A.,Apoyo y Asociados Internacionales,A,9.0
2015 - MARZO,Banco,ICBC PERU BANK S.A.,Moodys Local PE Clasificadora de Riesgo,A,9.0
2015 - MARZO,Financiera,INFINANCE XP S.A.,Apoyo y Asociados Internacionales,B,6.0
2015 - MARZO,Financiera,INFINANCE XP S.A.,Class y Asociados S.A.,B+,7.0
2015 - MARZO,Financiera,INFINANCE XP S.A.,Moodys Local PE Clasificadora de Riesgo,B,6.0
2015 - MARZO,Seguros,Insur,Class y Asociados S.A.,A,9.0
2015 - MARZO,Seguros,Insur,PCR (Pacific Credit Rating),A,9.0
2015 - MARZO,Banco,INTERBANK,Apoyo y Asociados Internacionales,A,9.0
2015 - MARZO,Banco,INTERBANK,Class y Asociados S.A.,A+,10.0
2015 - MARZO,Banco,INTERBANK,Moodys Local PE Clasificadora de Riesgo,A,9.0
2015 - MARZO,Seguros,Interseguro,Class y Asociados S.A.,A+,10.0
2015 - MARZO,Seguros,Interseguro,Moodys Local PE Clasificadora de Riesgo,A,9.0
2015 - MARZO,Seguros,La Positiva,Class y Asociados S.A.,A-,8.0
2015 - MARZO,Seguros,La Positiva,PCR (Pacific Credit Rating),A-,8.0
2015 - MARZO,Seguros,La Positiva Vida,Class y Asociados S.A.,A-,8.0
2015 - MARZO,Seguros,La Positiva Vida,PCR (Pacific Credit Rating),A-,8.0
2015 - MARZO,Seguros,Mapfre Perú,Class y Asociados S.A.,A,9.0
2015 - MARZO,Seguros,Mapfre Perú,PCR (Pacific Credit Rating),A+,10.0
2015 - MARZO,Seguros,Mapfre Peru (Abs),Class y Asociados S.A.,A,9.0
2015 - MARZO,Seguros,Mapfre Peru (Abs),PCR (Pacific Credit Rating),A,9.0
2015 - MARZO,Banco,MIBANCO,Class y Asociados S.A.,A,9.0
2015 - MARZO,Banco,MIBANCO,Moodys Local PE Clasificadora de Riesgo,A,9.0
2015 - MARZO,Banco,MIBANCO,PCR (Pacific Credit Rating),A,9.0
2015 - MARZO,Banco,NACION,Apoyo y Asociados Internacionales,A,9.0
2015 - MARZO,Banco,NACION,Moodys Local PE Clasificadora de Riesgo,A,9.0
2015 - MARZO,Seguros,Pacífico Seguros,Apoyo y Asociados Internacionales,A+,10.0
2015 - MARZO,Seguros,Pacífico Seguros,Moodys Local PE Clasificadora de Riesgo,A+,10.0
2015 - MARZO,Seguros,Pacifico Seguros-Abs,Apoyo y Asociados Internacionales,A,9.0
2015 - MARZO,Seguros,Pacifico Seguros-Abs,Moodys Local PE Clasificadora de Riesgo,A,9.0
2015 - MARZO,Seguros,Protecta,Class y Asociados S.A.,A-,8.0
2015 - MARZO,Seguros,Protecta,PCR (Pacific Credit Rating),A,9.0
2015 - MARZO,Seguros,Quálitas,Class y Asociados S.A.,B+,7.0
2015 - MARZO,Seguros,Quálitas,PCR (Pacific Credit Rating),A-,8.0
2015 - MARZO,Seguros,Rigel Peru EL,Apoyo y Asociados Internacionales,B+,7.0
2015 - MARZO,Seguros,Rigel Peru EL,Class y Asociados S.A.,B+,7.0
2015 - MARZO,Seguros,Rímac Seguros,Apoyo y Asociados Internacionales,A+,10.0
2015 - MARZO,Seguros,Rímac Seguros,Moodys Local PE Clasificadora de Riesgo,A+,10.0
2015 - MARZO,Banco,SANTANDER PERU,Moodys Local PE Clasificadora de Riesgo,A,9.0
2015 - MARZO,Banco,SANTANDER PERU,PCR (Pacific Credit Rating),A,9.0
2015 - MARZO,Banco,SCOTIABANK PERU,Apoyo y Asociados Internacionales,A+,10.0
2015 - MARZO,Banco,SCOTIABANK PERU,Class y Asociados S.A.,A+,10.0
2015 - MARZO,Seguros,SEGUROS SURA,Class y Asociados S.A.,A,9.0
2015 - MARZO,Seguros,SEGUROS SURA,Moodys Local PE Clasificadora de Riesgo,A,9.0
2015 - MARZO,Seguros,Vivir Seguros,Class y Asociados S.A.,A-,8.0
2015 - MARZO,Seguros,Vivir Seguros,PCR (Pacific Credit Rating),A-,8.0
2015 - SEPTIEMBRE,Empresa de Créditos,ACCESO CREDITICIO,Moodys Local PE Clasificadora de Riesgo,C,3.0
2015 - SEPTIEMBRE,Banco,AGROBANCO,Apoyo y Asociados Internacionales,A-,8.0
2015 - SEPTIEMBRE,Banco,AGROBANCO,Moodys Local PE Clasificadora de Riesgo,A-,8.0
2015 - SEPTIEMBRE,Banco,ALFIN BANCO,Class y Asociados S.A.,B-,5.0
2015 - SEPTIEMBRE,Banco,ALFIN BANCO,Moodys Local PE Clasificadora de Riesgo,B-,5.0
2015 - SEPTIEMBRE,Financiera,AMERIKA FINANC. EL,Class y Asociados S.A.,B+,7.0
2015 - SEPTIEMBRE,Financiera,AMERIKA FINANC. EL,Moodys Local PE Clasificadora de Riesgo,B-,5.0
2015 - SEPTIEMBRE,Seguros,AuguStar Seguros,Apoyo y Asociados Internacionales,A-,8.0
2015 - SEPTIEMBRE,Seguros,AuguStar Seguros,PCR (Pacific Credit Rating),A-,8.0
2015 - SEPTIEMBRE,Banco,BANBIF,Class y Asociados S.A.,A+,10.0
2015 - SEPTIEMBRE,Banco,BANBIF,PCR (Pacific Credit Rating),A+,10.0
2015 - SEPTIEMBRE,Banco,BANCO DE CREDITO,Apoyo y Asociados Internacionales,A+,10.0
2015 - SEPTIEMBRE,Banco,BANCO DE CREDITO,Moodys Local PE Clasificadora de Riesgo,A+,10.0
2015 - SEPTIEMBRE,Banco,BANCO EFECTIVA,Apoyo y Asociados Internacionales,B+,7.0
2015 - SEPTIEMBRE,Banco,BANCO EFECTIVA,Class y Asociados S.A.,B+,7.0
2015 - SEPTIEMBRE,Banco,BANCO FALABELLA,Apoyo y Asociados Internacionales,A,9.0
2015 - SEPTIEMBRE,Banco,BANCO FALABELLA,Moodys Local PE Clasificadora de Riesgo,A-,8.0
2015 - SEPTIEMBRE,Banco,BANCO GNB,Class y Asociados S.A.,A,9.0
2015 - SEPTIEMBRE,Banco,BANCO GNB,Moodys Local PE Clasificadora de Riesgo,A-,8.0
2015 - SEPTIEMBRE,Banco,BANCO PICHINCHA,Class y Asociados S.A.,A-,8.0
2015 - SEPTIEMBRE,Banco,BANCO PICHINCHA,PCR (Pacific Credit Rating),A,9.0
2015 - SEPTIEMBRE,Banco,BANCO RIPLEY,Apoyo y Asociados Internacionales,B+,7.0
2015 - SEPTIEMBRE,Banco,BANCO RIPLEY,Class y Asociados S.A.,A-,8.0
2015 - SEPTIEMBRE,Banco,BANCOM,Moodys Local PE Clasificadora de Riesgo,B,6.0
2015 - SEPTIEMBRE,Banco,BANCOM,PCR (Pacific Credit Rating),B,6.0
2015 - SEPTIEMBRE,Banco,BBVA,Apoyo y Asociados Internacionales,A+,10.0
2015 - SEPTIEMBRE,Banco,BBVA,Moodys Local PE Clasificadora de Riesgo,A+,10.0
2015 - SEPTIEMBRE,Banco,BBVA,PCR (Pacific Credit Rating),A+,10.0
2015 - SEPTIEMBRE,Banco,BN. SANTANDER CONS.,Apoyo y Asociados Internacionales,A,9.0
2015 - SEPTIEMBRE,Banco,BN. SANTANDER CONS.,Class y Asociados S.A.,A,9.0
2015 - SEPTIEMBRE,Seguros,BNP Paribas Cardif,Class y Asociados S.A.,A,9.0
2015 - SEPTIEMBRE,Seguros,BNP Paribas Cardif,PCR (Pacific Credit Rating),A,9.0
2015 - SEPTIEMBRE,Seguros,Cesce,Class y Asociados S.A.,A,9.0
2015 - SEPTIEMBRE,Seguros,Cesce,PCR (Pacific Credit Rating),A,9.0
2015 - SEPTIEMBRE,Seguros,Chubb Perú,Apoyo y Asociados Internacionales,A,9.0
2015 - SEPTIEMBRE,Seguros,Chubb Perú,PCR (Pacific Credit Rating),A,9.0
2015 - SEPTIEMBRE,Banco,CITIBANK DEL PERU,Apoyo y Asociados Internacionales,A,9.0
2015 - SEPTIEMBRE,Banco,CITIBANK DEL PERU,PCR (Pacific Credit Rating),A+,10.0
2015 - SEPTIEMBRE,Caja Municipal de Ahorro y Crédito,CMAC AREQUIPA,Apoyo y Asociados Internacionales,B+,7.0
2015 - SEPTIEMBRE,Caja Municipal de Ahorro y Crédito,CMAC AREQUIPA,Moodys Local PE Clasificadora de Riesgo,B+,7.0
2015 - SEPTIEMBRE,Caja Municipal de Ahorro y Crédito,CMAC CUSCO,Class y Asociados S.A.,B,6.0
2015 - SEPTIEMBRE,Caja Municipal de Ahorro y Crédito,CMAC CUSCO,Moodys Local PE Clasificadora de Riesgo,B,6.0
2015 - SEPTIEMBRE,Caja Municipal de Ahorro y Crédito,CMAC DEL SANTA,Apoyo y Asociados Internacionales,D+,1.0
2015 - SEPTIEMBRE,Caja Municipal de Ahorro y Crédito,CMAC DEL SANTA,Microrate,D+,1.0
2015 - SEPTIEMBRE,Caja Municipal de Ahorro y Crédito,CMAC HUANCAYO,Class y Asociados S.A.,B+,7.0
2015 - SEPTIEMBRE,Caja Municipal de Ahorro y Crédito,CMAC HUANCAYO,Moodys Local PE Clasificadora de Riesgo,B+,7.0
2015 - SEPTIEMBRE,Caja Municipal de Ahorro y Crédito,CMAC ICA,Microrate,C+,4.0
2015 - SEPTIEMBRE,Caja Municipal de Ahorro y Crédito,CMAC ICA,Moodys Local PE Clasificadora de Riesgo,C+,4.0
2015 - SEPTIEMBRE,Caja Municipal de Ahorro y Crédito,CMAC MAYNAS,Class y Asociados S.A.,C+,4.0
2015 - SEPTIEMBRE,Caja Municipal de Ahorro y Crédito,CMAC MAYNAS,PCR (Pacific Credit Rating),C+,4.0
2015 - SEPTIEMBRE,Caja Municipal de Ahorro y Crédito,CMAC PAITA,Class y Asociados S.A.,D+,1.0
2015 - SEPTIEMBRE,Caja Municipal de Ahorro y Crédito,CMAC PIURA,Class y Asociados S.A.,B-,5.0
2015 - SEPTIEMBRE,Caja Municipal de Ahorro y Crédito,CMAC PIURA,Microrate,B-,5.0
2015 - SEPTIEMBRE,Caja Municipal de Ahorro y Crédito,CMAC SULLANA,Class y Asociados S.A.,B,6.0
2015 - SEPTIEMBRE,Caja Municipal de Ahorro y Crédito,CMAC SULLANA,Microrate,B-,5.0
2015 - SEPTIEMBRE,Caja Municipal de Ahorro y Crédito,CMAC SULLANA,Moodys Local PE Clasificadora de Riesgo,B-,5.0
2015 - SEPTIEMBRE,Caja Municipal de Ahorro y Crédito,CMAC TACNA,Class y Asociados S.A.,C+,4.0
2015 - SEPTIEMBRE,Caja Municipal de Ahorro y Crédito,CMAC TACNA,Moodys Local PE Clasificadora de Riesgo,C+,4.0
2015 - SEPTIEMBRE,Caja Municipal de Ahorro y Crédito,CMAC TRUJILLO,Class y Asociados S.A.,B,6.0
2015 - SEPTIEMBRE,Caja Municipal de Ahorro y Crédito,CMAC TRUJILLO,Moodys Local PE Clasificadora de Riesgo,B-,5.0
2015 - SEPTIEMBRE,Caja Municipal de Ahorro y Crédito,CMCP LIMA,Apoyo y Asociados Internacionales,C,3.0
2015 - SEPTIEMBRE,Caja Municipal de Ahorro y Crédito,CMCP LIMA,Class y Asociados S.A.,C,3.0
2015 - SEPTIEMBRE,Banco,COFIDE,Apoyo y Asociados Internacionales,A,9.0
2015 - SEPTIEMBRE,Banco,COFIDE,Moodys Local PE Clasificadora de Riesgo,A+,10.0
2015 - SEPTIEMBRE,Banco,COMPARTAMOS BANCO,Apoyo y Asociados Internacionales,B+,7.0
2015 - SEPTIEMBRE,Banco,COMPARTAMOS BANCO,Class y Asociados S.A.,B,6.0
2015 - SEPTIEMBRE,Caja Rural de Ahorro y Crédito,CRAC CAJAMARCA,Class y Asociados S.A.,C,3.0
2015 - SEPTIEMBRE,Caja Rural de Ahorro y Crédito,CRAC CAJAMARCA,Microrate,C,3.0
2015 - SEPTIEMBRE,Caja Rural de Ahorro y Crédito,CRAC CENCOSUD SCOTIA,Apoyo y Asociados Internacionales,B+,7.0
2015 - SEPTIEMBRE,Caja Rural de Ahorro y Crédito,CRAC CENCOSUD SCOTIA,Moodys Local PE Clasificadora de Riesgo,B,6.0
2015 - SEPTIEMBRE,Caja Rural de Ahorro y Crédito,CRAC CREDINKA,PCR (Pacific Credit Rating),B,6.0
2015 - SEPTIEMBRE,Caja Rural de Ahorro y Crédito,CRAC DEL CENTRO,Class y Asociados S.A.,C,3.0
2015 - SEPTIEMBRE,Caja Rural de Ahorro y Crédito,CRAC DEL CENTRO,PCR (Pacific Credit Rating),C-,2.0
2015 - SEPTIEMBRE,Caja Rural de Ahorro y Crédito,CRAC INCASUR,Apoyo y Asociados Internacionales,C,3.0
2015 - SEPTIEMBRE,Caja Rural de Ahorro y Crédito,CRAC INCASUR,Class y Asociados S.A.,C,3.0
2015 - SEPTIEMBRE,Caja Rural de Ahorro y Crédito,CRAC LOS ANDES,Class y Asociados S.A.,B-,5.0
2015 - SEPTIEMBRE,Caja Rural de Ahorro y Crédito,CRAC LOS ANDES,Microrate,B-,5.0
2015 - SEPTIEMBRE,Caja Rural de Ahorro y Crédito,CRAC PRYMERA,Apoyo y Asociados Internacionales,C,3.0
2015 - SEPTIEMBRE,Caja Rural de Ahorro y Crédito,CRAC PRYMERA,Class y Asociados S.A.,C,3.0
2015 - SEPTIEMBRE,Caja Rural de Ahorro y Crédito,CRAC Raíz en Liquida,Microrate,D,0.0
2015 - SEPTIEMBRE,Caja Rural de Ahorro y Crédito,CRAC Raíz en Liquida,Moodys Local PE Clasificadora de Riesgo,D,0.0
2015 - SEPTIEMBRE,Caja Rural de Ahorro y Crédito,CRAC SIPAN LIQUID.,Class y Asociados S.A.,C-,2.0
2015 - SEPTIEMBRE,Caja Rural de Ahorro y Crédito,CRAC SIPAN LIQUID.,Microrate,C,3.0
2015 - SEPTIEMBRE,Banco,DEUTSCHE BANK PERU,Apoyo y Asociados Internacionales,A+,10.0
2015 - SEPTIEMBRE,Banco,DEUTSCHE BANK PERU,Moodys Local PE Clasificadora de Riesgo,A,9.0
2015 - SEPTIEMBRE,Empresa de Créditos,EDPYME RAIZ,Class y Asociados S.A.,B-,5.0
2015 - SEPTIEMBRE,Financiera,FINANC. CREDINKA,Class y Asociados S.A.,B-,5.0
2015 - SEPTIEMBRE,Financiera,FINANC. CREDINKA,Moodys Local PE Clasificadora de Riesgo,B-,5.0
2015 - SEPTIEMBRE,Financiera,FINANC. PROEMPRESA,Apoyo y Asociados Internacionales,B-,5.0
2015 - SEPTIEMBRE,Financiera,FINANC. PROEMPRESA,Class y Asociados S.A.,B-,5.0
2015 - SEPTIEMBRE,Financiera,FINANCIERA CONFIANZA,Apoyo y Asociados Internacionales,B+,7.0
2015 - SEPTIEMBRE,Financiera,FINANCIERA CONFIANZA,Class y Asociados S.A.,B+,7.0
2015 - SEPTIEMBRE,Financiera,FINANCIERA CONFIANZA,Moodys Local PE Clasificadora de Riesgo,B+,7.0
2015 - SEPTIEMBRE,Financiera,FINANCIERA EDYFICAR,Apoyo y Asociados Internacionales,A,9.0
2015 - SEPTIEMBRE,Financiera,FINANCIERA EDYFICAR,Moodys Local PE Clasificadora de Riesgo,A-,8.0
2015 - SEPTIEMBRE,Financiera,FINANCIERA QAPAQ,Class y Asociados S.A.,B,6.0
2015 - SEPTIEMBRE,Financiera,FINANCIERA QAPAQ,PCR (Pacific Credit Rating),B+,7.0
2015 - SEPTIEMBRE,Financiera,FINANCIERA TFC EL,Class y Asociados S.A.,B-,5.0
2015 - SEPTIEMBRE,Financiera,FINANCIERA TFC EL,PCR (Pacific Credit Rating),B,6.0
2015 - SEPTIEMBRE,Fondo,FONDO MIVIVIENDA,Class y Asociados S.A.,A+,10.0
2015 - SEPTIEMBRE,Banco,ICBC PERU BANK S.A.,Apoyo y Asociados Internacionales,A,9.0
2015 - SEPTIEMBRE,Banco,ICBC PERU BANK S.A.,Moodys Local PE Clasificadora de Riesgo,A,9.0
2015 - SEPTIEMBRE,Financiera,INFINANCE XP S.A.,Apoyo y Asociados Internacionales,B,6.0
2015 - SEPTIEMBRE,Financiera,INFINANCE XP S.A.,Class y Asociados S.A.,B+,7.0
2015 - SEPTIEMBRE,Seguros,Insur,Class y Asociados S.A.,A,9.0
2015 - SEPTIEMBRE,Seguros,Insur,PCR (Pacific Credit Rating),A,9.0
2015 - SEPTIEMBRE,Banco,INTERBANK,Apoyo y Asociados Internacionales,A,9.0
2015 - SEPTIEMBRE,Banco,INTERBANK,Class y Asociados S.A.,A+,10.0
2015 - SEPTIEMBRE,Banco,INTERBANK,Moodys Local PE Clasificadora de Riesgo,A,9.0
2015 - SEPTIEMBRE,Seguros,Interseguro,Class y Asociados S.A.,A+,10.0
2015 - SEPTIEMBRE,Seguros,Interseguro,Moodys Local PE Clasificadora de Riesgo,A,9.0
2015 - SEPTIEMBRE,Empresa de Créditos,INVERSIONES LA CRUZ,PCR (Pacific Credit Rating),B,6.0
2015 - SEPTIEMBRE,Seguros,La Positiva,Class y Asociados S.A.,A-,8.0
2015 - SEPTIEMBRE,Seguros,La Positiva,PCR (Pacific Credit Rating),A-,8.0
2015 - SEPTIEMBRE,Seguros,La Positiva Vida,Class y Asociados S.A.,A-,8.0
2015 - SEPTIEMBRE,Seguros,La Positiva Vida,PCR (Pacific Credit Rating),A-,8.0
2015 - SEPTIEMBRE,Seguros,Mapfre Perú,Class y Asociados S.A.,A,9.0
2015 - SEPTIEMBRE,Seguros,Mapfre Perú,PCR (Pacific Credit Rating),A+,10.0
2015 - SEPTIEMBRE,Seguros,Mapfre Peru (Abs),Class y Asociados S.A.,A,9.0
2015 - SEPTIEMBRE,Seguros,Mapfre Peru (Abs),PCR (Pacific Credit Rating),A,9.0
2015 - SEPTIEMBRE,Banco,MIBANCO,Apoyo y Asociados Internacionales,A,9.0
2015 - SEPTIEMBRE,Banco,MIBANCO,Moodys Local PE Clasificadora de Riesgo,A,9.0
2015 - SEPTIEMBRE,Banco,NACION,Apoyo y Asociados Internacionales,A,9.0
2015 - SEPTIEMBRE,Banco,NACION,Moodys Local PE Clasificadora de Riesgo,A,9.0
2015 - SEPTIEMBRE,Seguros,Pacífico Seguros,Apoyo y Asociados Internacionales,A+,10.0
2015 - SEPTIEMBRE,Seguros,Pacífico Seguros,Moodys Local PE Clasificadora de Riesgo,A+,10.0
2015 - SEPTIEMBRE,Seguros,Pacifico Seguros-Abs,Apoyo y Asociados Internacionales,A,9.0
2015 - SEPTIEMBRE,Seguros,Pacifico Seguros-Abs,Moodys Local PE Clasificadora de Riesgo,A,9.0
2015 - SEPTIEMBRE,Seguros,Protecta,Class y Asociados S.A.,A-,8.0
2015 - SEPTIEMBRE,Seguros,Protecta,PCR (Pacific Credit Rating),A,9.0
2015 - SEPTIEMBRE,Seguros,Quálitas,Class y Asociados S.A.,A-,8.0
2015 - SEPTIEMBRE,Seguros,Quálitas,PCR (Pacific Credit Rating),A-,8.0
2015 - SEPTIEMBRE,Seguros,Rigel Peru EL,Apoyo y Asociados Internacionales,B+,7.0
2015 - SEPTIEMBRE,Seguros,Rigel Peru EL,Class y Asociados S.A.,B+,7.0
2015 - SEPTIEMBRE,Seguros,Rímac Seguros,Apoyo y Asociados Internacionales,A+,10.0
2015 - SEPTIEMBRE,Seguros,Rímac Seguros,Moodys Local PE Clasificadora de Riesgo,A+,10.0
2015 - SEPTIEMBRE,Banco,SANTANDER PERU,Moodys Local PE Clasificadora de Riesgo,A,9.0
2015 - SEPTIEMBRE,Banco,SANTANDER PERU,PCR (Pacific Credit Rating),A,9.0
2015 - SEPTIEMBRE,Banco,SCOTIABANK PERU,Apoyo y Asociados Internacionales,A+,10.0
2015 - SEPTIEMBRE,Banco,SCOTIABANK PERU,Class y Asociados S.A.,A+,10.0
2015 - SEPTIEMBRE,Seguros,SEGUROS SURA,Class y Asociados S.A.,A,9.0
2015 - SEPTIEMBRE,Seguros,SEGUROS SURA,Moodys Local PE Clasificadora de Riesgo,A,9.0
2015 - SEPTIEMBRE,Seguros,Vivir Seguros,Class y Asociados S.A.,A-,8.0
2015 - SEPTIEMBRE,Seguros,Vivir Seguros,PCR (Pacific Credit Rating),A-,8.0
2016 - MARZO,Empresa de Créditos,ACCESO CREDITICIO,Moodys Local PE Clasificadora de Riesgo,C,3.0
2016 - MARZO,Banco,AGROBANCO,Apoyo y Asociados Internacionales,A-,8.0
2016 - MARZO,Banco,AGROBANCO,Moodys Local PE Clasificadora de Riesgo,A-,8.0
2016 - MARZO,Banco,ALFIN BANCO,Class y Asociados S.A.,B-,5.0
2016 - MARZO,Banco,ALFIN BANCO,Moodys Local PE Clasificadora de Riesgo,B-,5.0
2016 - MARZO,Financiera,AMERIKA FINANC. EL,Class y Asociados S.A.,B+,7.0
2016 - MARZO,Financiera,AMERIKA FINANC. EL,Moodys Local PE Clasificadora de Riesgo,B-,5.0
2016 - MARZO,Seguros,AuguStar Seguros,Apoyo y Asociados Internacionales,A-,8.0
2016 - MARZO,Seguros,AuguStar Seguros,PCR (Pacific Credit Rating),A-,8.0
2016 - MARZO,Banco,BANBIF,Class y Asociados S.A.,A+,10.0
2016 - MARZO,Banco,BANBIF,PCR (Pacific Credit Rating),A+,10.0
2016 - MARZO,Banco,BANCO DE CREDITO,Apoyo y Asociados Internacionales,A+,10.0
2016 - MARZO,Banco,BANCO DE CREDITO,Moodys Local PE Clasificadora de Riesgo,A+,10.0
2016 - MARZO,Banco,BANCO EFECTIVA,Apoyo y Asociados Internacionales,B+,7.0
2016 - MARZO,Banco,BANCO EFECTIVA,Class y Asociados S.A.,B+,7.0
2016 - MARZO,Banco,BANCO FALABELLA,Apoyo y Asociados Internacionales,A,9.0
2016 - MARZO,Banco,BANCO FALABELLA,Moodys Local PE Clasificadora de Riesgo,A-,8.0
2016 - MARZO,Banco,BANCO GNB,Class y Asociados S.A.,A,9.0
2016 - MARZO,Banco,BANCO GNB,Moodys Local PE Clasificadora de Riesgo,A-,8.0
2016 - MARZO,Banco,BANCO PICHINCHA,Class y Asociados S.A.,A-,8.0
2016 - MARZO,Banco,BANCO PICHINCHA,PCR (Pacific Credit Rating),A,9.0
2016 - MARZO,Banco,BANCO RIPLEY,Apoyo y Asociados Internacionales,B+,7.0
2016 - MARZO,Banco,BANCO RIPLEY,Class y Asociados S.A.,A-,8.0
2016 - MARZO,Banco,BANCOM,Moodys Local PE Clasificadora de Riesgo,B,6.0
2016 - MARZO,Banco,BANCOM,PCR (Pacific Credit Rating),B,6.0
2016 - MARZO,Banco,BBVA,Apoyo y Asociados Internacionales,A+,10.0
2016 - MARZO,Banco,BBVA,Moodys Local PE Clasificadora de Riesgo,A+,10.0
2016 - MARZO,Banco,BBVA,PCR (Pacific Credit Rating),A+,10.0
2016 - MARZO,Banco,BN. SANTANDER CONS.,Apoyo y Asociados Internacionales,A,9.0
2016 - MARZO,Banco,BN. SANTANDER CONS.,Class y Asociados S.A.,A,9.0
2016 - MARZO,Seguros,BNP Paribas Cardif,Class y Asociados S.A.,A,9.0
2016 - MARZO,Seguros,BNP Paribas Cardif,PCR (Pacific Credit Rating),A,9.0
2016 - MARZO,Seguros,Cesce,Class y Asociados S.A.,A,9.0
2016 - MARZO,Seguros,Cesce,PCR (Pacific Credit Rating),A,9.0
2016 - MARZO,Seguros,Chubb Perú,Apoyo y Asociados Internacionales,A,9.0
2016 - MARZO,Seguros,Chubb Perú,PCR (Pacific Credit Rating),A,9.0
2016 - MARZO,Banco,CITIBANK DEL PERU,Apoyo y Asociados Internacionales,A,9.0
2016 - MARZO,Banco,CITIBANK DEL PERU,PCR (Pacific Credit Rating),A+,10.0
2016 - MARZO,Caja Municipal de Ahorro y Crédito,CMAC AREQUIPA,Apoyo y Asociados Internacionales,B+,7.0
2016 - MARZO,Caja Municipal de Ahorro y Crédito,CMAC AREQUIPA,Moodys Local PE Clasificadora de Riesgo,B+,7.0
2016 - MARZO,Caja Municipal de Ahorro y Crédito,CMAC CUSCO,Class y Asociados S.A.,B,6.0
2016 - MARZO,Caja Municipal de Ahorro y Crédito,CMAC CUSCO,Moodys Local PE Clasificadora de Riesgo,B,6.0
2016 - MARZO,Caja Municipal de Ahorro y Crédito,CMAC DEL SANTA,Apoyo y Asociados Internacionales,D+,1.0
2016 - MARZO,Caja Municipal de Ahorro y Crédito,CMAC DEL SANTA,Microrate,D+,1.0
2016 - MARZO,Caja Municipal de Ahorro y Crédito,CMAC HUANCAYO,Class y Asociados S.A.,B+,7.0
2016 - MARZO,Caja Municipal de Ahorro y Crédito,CMAC HUANCAYO,Moodys Local PE Clasificadora de Riesgo,B+,7.0
2016 - MARZO,Caja Municipal de Ahorro y Crédito,CMAC ICA,Microrate,C+,4.0
2016 - MARZO,Caja Municipal de Ahorro y Crédito,CMAC ICA,Moodys Local PE Clasificadora de Riesgo,C+,4.0
2016 - MARZO,Caja Municipal de Ahorro y Crédito,CMAC MAYNAS,Class y Asociados S.A.,C+,4.0
2016 - MARZO,Caja Municipal de Ahorro y Crédito,CMAC MAYNAS,PCR (Pacific Credit Rating),C+,4.0
2016 - MARZO,Caja Municipal de Ahorro y Crédito,CMAC PAITA,Class y Asociados S.A.,D+,1.0
2016 - MARZO,Caja Municipal de Ahorro y Crédito,CMAC PAITA,PCR (Pacific Credit Rating),D,0.0
2016 - MARZO,Caja Municipal de Ahorro y Crédito,CMAC PIURA,Class y Asociados S.A.,B-,5.0
2016 - MARZO,Caja Municipal de Ahorro y Crédito,CMAC PIURA,Microrate,B-,5.0
2016 - MARZO,Caja Municipal de Ahorro y Crédito,CMAC SULLANA,Class y Asociados S.A.,B,6.0
2016 - MARZO,Caja Municipal de Ahorro y Crédito,CMAC SULLANA,Microrate,B-,5.0
2016 - MARZO,Caja Municipal de Ahorro y Crédito,CMAC SULLANA,Moodys Local PE Clasificadora de Riesgo,B-,5.0
2016 - MARZO,Caja Municipal de Ahorro y Crédito,CMAC TACNA,Class y Asociados S.A.,C+,4.0
2016 - MARZO,Caja Municipal de Ahorro y Crédito,CMAC TACNA,Moodys Local PE Clasificadora de Riesgo,C+,4.0
2016 - MARZO,Caja Municipal de Ahorro y Crédito,CMAC TRUJILLO,Class y Asociados S.A.,B,6.0
2016 - MARZO,Caja Municipal de Ahorro y Crédito,CMAC TRUJILLO,Moodys Local PE Clasificadora de Riesgo,B-,5.0
2016 - MARZO,Caja Municipal de Ahorro y Crédito,CMCP LIMA,Apoyo y Asociados Internacionales,C,3.0
2016 - MARZO,Caja Municipal de Ahorro y Crédito,CMCP LIMA,Class y Asociados S.A.,C,3.0
2016 - MARZO,Banco,COFIDE,Apoyo y Asociados Internacionales,A,9.0
2016 - MARZO,Banco,COFIDE,Moodys Local PE Clasificadora de Riesgo,A+,10.0
2016 - MARZO,Banco,COMPARTAMOS BANCO,Apoyo y Asociados Internacionales,B+,7.0
2016 - MARZO,Banco,COMPARTAMOS BANCO,Class y Asociados S.A.,B+,7.0
2016 - MARZO,Caja Rural de Ahorro y Crédito,CRAC CAJAMARCA,Class y Asociados S.A.,C+,4.0
2016 - MARZO,Caja Rural de Ahorro y Crédito,CRAC CAJAMARCA,Microrate,C,3.0
2016 - MARZO,Caja Rural de Ahorro y Crédito,CRAC CENCOSUD SCOTIA,Apoyo y Asociados Internacionales,B+,7.0
2016 - MARZO,Caja Rural de Ahorro y Crédito,CRAC CENCOSUD SCOTIA,Moodys Local PE Clasificadora de Riesgo,B,6.0
2016 - MARZO,Caja Rural de Ahorro y Crédito,CRAC DEL CENTRO,Class y Asociados S.A.,C,3.0
2016 - MARZO,Caja Rural de Ahorro y Crédito,CRAC DEL CENTRO,PCR (Pacific Credit Rating),C-,2.0
2016 - MARZO,Caja Rural de Ahorro y Crédito,CRAC INCASUR,Apoyo y Asociados Internacionales,C,3.0
2016 - MARZO,Caja Rural de Ahorro y Crédito,CRAC INCASUR,Class y Asociados S.A.,C,3.0
2016 - MARZO,Caja Rural de Ahorro y Crédito,CRAC LOS ANDES,Class y Asociados S.A.,B-,5.0
2016 - MARZO,Caja Rural de Ahorro y Crédito,CRAC LOS ANDES,Microrate,B-,5.0
2016 - MARZO,Caja Rural de Ahorro y Crédito,CRAC PRYMERA,Apoyo y Asociados Internacionales,C,3.0
2016 - MARZO,Caja Rural de Ahorro y Crédito,CRAC PRYMERA,Class y Asociados S.A.,C,3.0
2016 - MARZO,Caja Rural de Ahorro y Crédito,CRAC Raíz en Liquida,Microrate,D-,
2016 - MARZO,Caja Rural de Ahorro y Crédito,CRAC Raíz en Liquida,Moodys Local PE Clasificadora de Riesgo,D,0.0
2016 - MARZO,Caja Rural de Ahorro y Crédito,CRAC SIPAN LIQUID.,Class y Asociados S.A.,C-,2.0
2016 - MARZO,Caja Rural de Ahorro y Crédito,CRAC SIPAN LIQUID.,Microrate,C-,2.0
2016 - MARZO,Seguros,Crecer Seguros,Apoyo y Asociados Internacionales,B+,7.0
2016 - MARZO,Seguros,Crecer Seguros,Class y Asociados S.A.,B+,7.0
2016 - MARZO,Banco,DEUTSCHE BANK PERU,Apoyo y Asociados Internacionales,A+,10.0
2016 - MARZO,Banco,DEUTSCHE BANK PERU,Moodys Local PE Clasificadora de Riesgo,A-,8.0
2016 - MARZO,Empresa de Créditos,EDPYME RAIZ,Class y Asociados S.A.,B-,5.0
2016 - MARZO,Financiera,FINANC. CREDINKA,Class y Asociados S.A.,B-,5.0
2016 - MARZO,Financiera,FINANC. CREDINKA,Moodys Local PE Clasificadora de Riesgo,B-,5.0
2016 - MARZO,Financiera,FINANC. CREDINKA,PCR (Pacific Credit Rating),B,6.0
2016 - MARZO,Financiera,FINANC. PROEMPRESA,Apoyo y Asociados Internacionales,B-,5.0
2016 - MARZO,Financiera,FINANC. PROEMPRESA,Class y Asociados S.A.,B-,5.0
2016 - MARZO,Financiera,FINANCIERA CONFIANZA,Apoyo y Asociados Internacionales,B+,7.0
2016 - MARZO,Financiera,FINANCIERA CONFIANZA,Class y Asociados S.A.,B+,7.0
2016 - MARZO,Financiera,FINANCIERA CONFIANZA,Moodys Local PE Clasificadora de Riesgo,B+,7.0
2016 - MARZO,Financiera,FINANCIERA QAPAQ,Class y Asociados S.A.,B,6.0
2016 - MARZO,Financiera,FINANCIERA QAPAQ,PCR (Pacific Credit Rating),B+,7.0
2016 - MARZO,Financiera,FINANCIERA TFC EL,Class y Asociados S.A.,B-,5.0
2016 - MARZO,Financiera,FINANCIERA TFC EL,PCR (Pacific Credit Rating),B,6.0
2016 - MARZO,Fondo,FONDO MIVIVIENDA,Apoyo y Asociados Internacionales,A,9.0
2016 - MARZO,Fondo,FONDO MIVIVIENDA,Class y Asociados S.A.,A+,10.0
2016 - MARZO,Banco,ICBC PERU BANK S.A.,Apoyo y Asociados Internacionales,A,9.0
2016 - MARZO,Banco,ICBC PERU BANK S.A.,Moodys Local PE Clasificadora de Riesgo,A,9.0
2016 - MARZO,Financiera,INFINANCE XP S.A.,Apoyo y Asociados Internacionales,B,6.0
2016 - MARZO,Financiera,INFINANCE XP S.A.,Class y Asociados S.A.,B+,7.0
2016 - MARZO,Seguros,Insur,Class y Asociados S.A.,A,9.0
2016 - MARZO,Seguros,Insur,PCR (Pacific Credit Rating),A,9.0
2016 - MARZO,Banco,INTERBANK,Apoyo y Asociados Internacionales,A,9.0
2016 - MARZO,Banco,INTERBANK,Class y Asociados S.A.,A+,10.0
2016 - MARZO,Banco,INTERBANK,Moodys Local PE Clasificadora de Riesgo,A,9.0
2016 - MARZO,Seguros,Interseguro,Class y Asociados S.A.,A+,10.0
2016 - MARZO,Seguros,Interseguro,Moodys Local PE Clasificadora de Riesgo,A,9.0
2016 - MARZO,Empresa de Créditos,INVERSIONES LA CRUZ,PCR (Pacific Credit Rating),B,6.0
2016 - MARZO,Seguros,La Positiva,Class y Asociados S.A.,A-,8.0
2016 - MARZO,Seguros,La Positiva,PCR (Pacific Credit Rating),A-,8.0
2016 - MARZO,Seguros,La Positiva Vida,Class y Asociados S.A.,A,9.0
2016 - MARZO,Seguros,La Positiva Vida,PCR (Pacific Credit Rating),A,9.0
2016 - MARZO,Seguros,Mapfre Perú,Class y Asociados S.A.,A,9.0
2016 - MARZO,Seguros,Mapfre Perú,PCR (Pacific Credit Rating),A+,10.0
2016 - MARZO,Seguros,Mapfre Peru (Abs),Class y Asociados S.A.,A,9.0
2016 - MARZO,Seguros,Mapfre Peru (Abs),PCR (Pacific Credit Rating),A,9.0
2016 - MARZO,Banco,MIBANCO,Apoyo y Asociados Internacionales,A,9.0
2016 - MARZO,Banco,MIBANCO,Moodys Local PE Clasificadora de Riesgo,A,9.0
2016 - MARZO,Banco,NACION,Moodys Local PE Clasificadora de Riesgo,A,9.0
2016 - MARZO,Seguros,Pacífico Seguros,Apoyo y Asociados Internacionales,A+,10.0
2016 - MARZO,Seguros,Pacífico Seguros,Moodys Local PE Clasificadora de Riesgo,A+,10.0
2016 - MARZO,Seguros,Pacifico Seguros-Abs,Apoyo y Asociados Internacionales,A,9.0
2016 - MARZO,Seguros,Pacifico Seguros-Abs,Moodys Local PE Clasificadora de Riesgo,A,9.0
2016 - MARZO,Seguros,Protecta,Class y Asociados S.A.,A,9.0
2016 - MARZO,Seguros,Protecta,PCR (Pacific Credit Rating),A,9.0
2016 - MARZO,Seguros,Quálitas,Class y Asociados S.A.,A-,8.0
2016 - MARZO,Seguros,Quálitas,PCR (Pacific Credit Rating),A-,8.0
2016 - MARZO,Seguros,Rigel Peru EL,Apoyo y Asociados Internacionales,B+,7.0
2016 - MARZO,Seguros,Rigel Peru EL,Class y Asociados S.A.,B+,7.0
2016 - MARZO,Seguros,Rímac Seguros,Apoyo y Asociados Internacionales,A+,10.0
2016 - MARZO,Seguros,Rímac Seguros,Moodys Local PE Clasificadora de Riesgo,A+,10.0
2016 - MARZO,Banco,SANTANDER PERU,Moodys Local PE Clasificadora de Riesgo,A,9.0
2016 - MARZO,Banco,SANTANDER PERU,PCR (Pacific Credit Rating),A,9.0
2016 - MARZO,Banco,SCOTIABANK PERU,Apoyo y Asociados Internacionales,A+,10.0
2016 - MARZO,Banco,SCOTIABANK PERU,Class y Asociados S.A.,A+,10.0
2016 - MARZO,Seguros,SEGUROS SURA,Class y Asociados S.A.,A,9.0
2016 - MARZO,Seguros,SEGUROS SURA,Moodys Local PE Clasificadora de Riesgo,A,9.0
2016 - MARZO,Seguros,Vivir Seguros,Class y Asociados S.A.,A-,8.0
2016 - MARZO,Seguros,Vivir Seguros,PCR (Pacific Credit Rating),A-,8.0
2016 - SEPTIEMBRE,Empresa de Créditos,ACCESO CREDITICIO,Moodys Local PE Clasificadora de Riesgo,C,3.0
2016 - SEPTIEMBRE,Banco,AGROBANCO,Apoyo y Asociados Internacionales,A-,8.0
2016 - SEPTIEMBRE,Banco,AGROBANCO,Moodys Local PE Clasificadora de Riesgo,B+,7.0
2016 - SEPTIEMBRE,Banco,ALFIN BANCO,Class y Asociados S.A.,B-,5.0
2016 - SEPTIEMBRE,Banco,ALFIN BANCO,Moodys Local PE Clasificadora de Riesgo,B-,5.0
2016 - SEPTIEMBRE,Financiera,AMERIKA FINANC. EL,Class y Asociados S.A.,B,6.0
2016 - SEPTIEMBRE,Financiera,AMERIKA FINANC. EL,Moodys Local PE Clasificadora de Riesgo,B-,5.0
2016 - SEPTIEMBRE,Seguros,AuguStar Seguros,Apoyo y Asociados Internacionales,A-,8.0
2016 - SEPTIEMBRE,Seguros,AuguStar Seguros,PCR (Pacific Credit Rating),A-,8.0
2016 - SEPTIEMBRE,Seguros,AVLA Perú,Class y Asociados S.A.,B+,7.0
2016 - SEPTIEMBRE,Seguros,AVLA Perú,PCR (Pacific Credit Rating),B+,7.0
2016 - SEPTIEMBRE,Banco,BANBIF,Class y Asociados S.A.,A+,10.0
2016 - SEPTIEMBRE,Banco,BANBIF,PCR (Pacific Credit Rating),A+,10.0
2016 - SEPTIEMBRE,Banco,BANCO DE CREDITO,Apoyo y Asociados Internacionales,A+,10.0
2016 - SEPTIEMBRE,Banco,BANCO DE CREDITO,Moodys Local PE Clasificadora de Riesgo,A+,10.0
2016 - SEPTIEMBRE,Banco,BANCO EFECTIVA,Apoyo y Asociados Internacionales,B+,7.0
2016 - SEPTIEMBRE,Banco,BANCO EFECTIVA,Class y Asociados S.A.,B+,7.0
2016 - SEPTIEMBRE,Banco,BANCO FALABELLA,Apoyo y Asociados Internacionales,A,9.0
2016 - SEPTIEMBRE,Banco,BANCO FALABELLA,Moodys Local PE Clasificadora de Riesgo,A-,8.0
2016 - SEPTIEMBRE,Banco,BANCO GNB,Class y Asociados S.A.,A,9.0
2016 - SEPTIEMBRE,Banco,BANCO GNB,Moodys Local PE Clasificadora de Riesgo,A-,8.0
2016 - SEPTIEMBRE,Banco,BANCO GNB,PCR (Pacific Credit Rating),A,9.0
2016 - SEPTIEMBRE,Banco,BANCO PICHINCHA,Class y Asociados S.A.,A-,8.0
2016 - SEPTIEMBRE,Banco,BANCO PICHINCHA,PCR (Pacific Credit Rating),A,9.0
2016 - SEPTIEMBRE,Banco,BANCO RIPLEY,Apoyo y Asociados Internacionales,B+,7.0
2016 - SEPTIEMBRE,Banco,BANCO RIPLEY,Class y Asociados S.A.,A-,8.0
2016 - SEPTIEMBRE,Banco,BANCOM,Moodys Local PE Clasificadora de Riesgo,B,6.0
2016 - SEPTIEMBRE,Banco,BANCOM,PCR (Pacific Credit Rating),B,6.0
2016 - SEPTIEMBRE,Banco,BBVA,Apoyo y Asociados Internacionales,A+,10.0
2016 - SEPTIEMBRE,Banco,BBVA,Moodys Local PE Clasificadora de Riesgo,A+,10.0
2016 - SEPTIEMBRE,Banco,BBVA,PCR (Pacific Credit Rating),A+,10.0
2016 - SEPTIEMBRE,Banco,BN. SANTANDER CONS.,Apoyo y Asociados Internacionales,A,9.0
2016 - SEPTIEMBRE,Banco,BN. SANTANDER CONS.,Class y Asociados S.A.,A,9.0
2016 - SEPTIEMBRE,Seguros,BNP Paribas Cardif,Class y Asociados S.A.,A,9.0
2016 - SEPTIEMBRE,Seguros,BNP Paribas Cardif,PCR (Pacific Credit Rating),A,9.0
2016 - SEPTIEMBRE,Seguros,Cesce,Class y Asociados S.A.,A,9.0
2016 - SEPTIEMBRE,Seguros,Cesce,PCR (Pacific Credit Rating),A,9.0
2016 - SEPTIEMBRE,Seguros,Chubb Perú,Apoyo y Asociados Internacionales,A,9.0
2016 - SEPTIEMBRE,Seguros,Chubb Perú,PCR (Pacific Credit Rating),A,9.0
2016 - SEPTIEMBRE,Banco,CITIBANK DEL PERU,Apoyo y Asociados Internacionales,A,9.0
2016 - SEPTIEMBRE,Banco,CITIBANK DEL PERU,PCR (Pacific Credit Rating),A+,10.0
2016 - SEPTIEMBRE,Caja Municipal de Ahorro y Crédito,CMAC AREQUIPA,Apoyo y Asociados Internacionales,B+,7.0
2016 - SEPTIEMBRE,Caja Municipal de Ahorro y Crédito,CMAC AREQUIPA,Moodys Local PE Clasificadora de Riesgo,B+,7.0
2016 - SEPTIEMBRE,Caja Municipal de Ahorro y Crédito,CMAC CUSCO,Class y Asociados S.A.,B,6.0
2016 - SEPTIEMBRE,Caja Municipal de Ahorro y Crédito,CMAC CUSCO,Moodys Local PE Clasificadora de Riesgo,B,6.0
2016 - SEPTIEMBRE,Caja Municipal de Ahorro y Crédito,CMAC DEL SANTA,Apoyo y Asociados Internacionales,D+,1.0
2016 - SEPTIEMBRE,Caja Municipal de Ahorro y Crédito,CMAC DEL SANTA,Microrate,D+,1.0
2016 - SEPTIEMBRE,Caja Municipal de Ahorro y Crédito,CMAC HUANCAYO,Class y Asociados S.A.,B+,7.0
2016 - SEPTIEMBRE,Caja Municipal de Ahorro y Crédito,CMAC HUANCAYO,Moodys Local PE Clasificadora de Riesgo,B+,7.0
2016 - SEPTIEMBRE,Caja Municipal de Ahorro y Crédito,CMAC ICA,Microrate,C+,4.0
2016 - SEPTIEMBRE,Caja Municipal de Ahorro y Crédito,CMAC ICA,Moodys Local PE Clasificadora de Riesgo,C+,4.0
2016 - SEPTIEMBRE,Caja Municipal de Ahorro y Crédito,CMAC MAYNAS,Class y Asociados S.A.,C+,4.0
2016 - SEPTIEMBRE,Caja Municipal de Ahorro y Crédito,CMAC MAYNAS,PCR (Pacific Credit Rating),C+,4.0
2016 - SEPTIEMBRE,Caja Municipal de Ahorro y Crédito,CMAC PAITA,Class y Asociados S.A.,D,0.0
2016 - SEPTIEMBRE,Caja Municipal de Ahorro y Crédito,CMAC PAITA,PCR (Pacific Credit Rating),D,0.0
2016 - SEPTIEMBRE,Caja Municipal de Ahorro y Crédito,CMAC PIURA,Class y Asociados S.A.,B-,5.0
2016 - SEPTIEMBRE,Caja Municipal de Ahorro y Crédito,CMAC PIURA,Microrate,B-,5.0
2016 - SEPTIEMBRE,Caja Municipal de Ahorro y Crédito,CMAC SULLANA,Class y Asociados S.A.,B,6.0
2016 - SEPTIEMBRE,Caja Municipal de Ahorro y Crédito,CMAC SULLANA,Microrate,B-,5.0
2016 - SEPTIEMBRE,Caja Municipal de Ahorro y Crédito,CMAC SULLANA,Moodys Local PE Clasificadora de Riesgo,B-,5.0
2016 - SEPTIEMBRE,Caja Municipal de Ahorro y Crédito,CMAC TACNA,Class y Asociados S.A.,C+,4.0
2016 - SEPTIEMBRE,Caja Municipal de Ahorro y Crédito,CMAC TACNA,Moodys Local PE Clasificadora de Riesgo,C+,4.0
2016 - SEPTIEMBRE,Caja Municipal de Ahorro y Crédito,CMAC TRUJILLO,Class y Asociados S.A.,B,6.0
2016 - SEPTIEMBRE,Caja Municipal de Ahorro y Crédito,CMAC TRUJILLO,Moodys Local PE Clasificadora de Riesgo,B-,5.0
2016 - SEPTIEMBRE,Caja Municipal de Ahorro y Crédito,CMCP LIMA,Apoyo y Asociados Internacionales,C,3.0
2016 - SEPTIEMBRE,Caja Municipal de Ahorro y Crédito,CMCP LIMA,Class y Asociados S.A.,C,3.0
2016 - SEPTIEMBRE,Banco,COFIDE,Apoyo y Asociados Internacionales,A,9.0
2016 - SEPTIEMBRE,Banco,COFIDE,Moodys Local PE Clasificadora de Riesgo,A+,10.0
2016 - SEPTIEMBRE,Banco,COMPARTAMOS BANCO,Apoyo y Asociados Internacionales,B+,7.0
2016 - SEPTIEMBRE,Banco,COMPARTAMOS BANCO,Class y Asociados S.A.,B+,7.0
2016 - SEPTIEMBRE,Caja Rural de Ahorro y Crédito,CRAC CENCOSUD SCOTIA,Apoyo y Asociados Internacionales,B+,7.0
2016 - SEPTIEMBRE,Caja Rural de Ahorro y Crédito,CRAC CENCOSUD SCOTIA,Moodys Local PE Clasificadora de Riesgo,B,6.0
2016 - SEPTIEMBRE,Caja Rural de Ahorro y Crédito,CRAC DEL CENTRO,Class y Asociados S.A.,C,3.0
2016 - SEPTIEMBRE,Caja Rural de Ahorro y Crédito,CRAC DEL CENTRO,PCR (Pacific Credit Rating),C-,2.0
2016 - SEPTIEMBRE,Caja Rural de Ahorro y Crédito,CRAC INCASUR,Apoyo y Asociados Internacionales,C,3.0
2016 - SEPTIEMBRE,Caja Rural de Ahorro y Crédito,CRAC INCASUR,Class y Asociados S.A.,C,3.0
2016 - SEPTIEMBRE,Caja Rural de Ahorro y Crédito,CRAC LOS ANDES,Class y Asociados S.A.,B-,5.0
2016 - SEPTIEMBRE,Caja Rural de Ahorro y Crédito,CRAC LOS ANDES,Microrate,B-,5.0
2016 - SEPTIEMBRE,Caja Rural de Ahorro y Crédito,CRAC PRYMERA,Apoyo y Asociados Internacionales,C,3.0
2016 - SEPTIEMBRE,Caja Rural de Ahorro y Crédito,CRAC PRYMERA,Class y Asociados S.A.,C,3.0
2016 - SEPTIEMBRE,Caja Rural de Ahorro y Crédito,CRAC Raíz en Liquida,Class y Asociados S.A.,B-,5.0
2016 - SEPTIEMBRE,Caja Rural de Ahorro y Crédito,CRAC Raíz en Liquida,Microrate,B-,5.0
2016 - SEPTIEMBRE,Caja Rural de Ahorro y Crédito,CRAC Raíz en Liquida,Moodys Local PE Clasificadora de Riesgo,C+,4.0
2016 - SEPTIEMBRE,Caja Rural de Ahorro y Crédito,CRAC SIPAN LIQUID.,Class y Asociados S.A.,C-,2.0
2016 - SEPTIEMBRE,Caja Rural de Ahorro y Crédito,CRAC SIPAN LIQUID.,Microrate,C-,2.0
2016 - SEPTIEMBRE,Seguros,Crecer Seguros,Apoyo y Asociados Internacionales,B+,7.0
2016 - SEPTIEMBRE,Seguros,Crecer Seguros,Class y Asociados S.A.,B+,7.0
2016 - SEPTIEMBRE,Financiera,FINANC. CREDINKA,Class y Asociados S.A.,B-,5.0
2016 - SEPTIEMBRE,Financiera,FINANC. CREDINKA,PCR (Pacific Credit Rating),B,6.0
2016 - SEPTIEMBRE,Financiera,FINANC. PROEMPRESA,Apoyo y Asociados Internacionales,B-,5.0
2016 - SEPTIEMBRE,Financiera,FINANC. PROEMPRESA,Class y Asociados S.A.,B-,5.0
2016 - SEPTIEMBRE,Financiera,FINANC. PROEMPRESA,Moodys Local PE Clasificadora de Riesgo,C+,4.0
2016 - SEPTIEMBRE,Financiera,FINANCIERA CONFIANZA,Apoyo y Asociados Internacionales,B+,7.0
2016 - SEPTIEMBRE,Financiera,FINANCIERA CONFIANZA,Class y Asociados S.A.,B+,7.0
2016 - SEPTIEMBRE,Financiera,FINANCIERA CONFIANZA,Moodys Local PE Clasificadora de Riesgo,B+,7.0
2016 - SEPTIEMBRE,Financiera,FINANCIERA QAPAQ,Class y Asociados S.A.,B,6.0
2016 - SEPTIEMBRE,Financiera,FINANCIERA QAPAQ,PCR (Pacific Credit Rating),B+,7.0
2016 - SEPTIEMBRE,Financiera,FINANCIERA TFC EL,Class y Asociados S.A.,B-,5.0
2016 - SEPTIEMBRE,Financiera,FINANCIERA TFC EL,PCR (Pacific Credit Rating),B,6.0
2016 - SEPTIEMBRE,Fondo,FONDO MIVIVIENDA,Apoyo y Asociados Internacionales,A,9.0
2016 - SEPTIEMBRE,Fondo,FONDO MIVIVIENDA,Class y Asociados S.A.,A+,10.0
2016 - SEPTIEMBRE,Banco,ICBC PERU BANK S.A.,Apoyo y Asociados Internacionales,A,9.0
2016 - SEPTIEMBRE,Banco,ICBC PERU BANK S.A.,Moodys Local PE Clasificadora de Riesgo,A,9.0
2016 - SEPTIEMBRE,Financiera,INFINANCE XP S.A.,Apoyo y Asociados Internacionales,B,6.0
2016 - SEPTIEMBRE,Financiera,INFINANCE XP S.A.,Class y Asociados S.A.,B+,7.0
2016 - SEPTIEMBRE,Seguros,Insur,Class y Asociados S.A.,A,9.0
2016 - SEPTIEMBRE,Seguros,Insur,PCR (Pacific Credit Rating),A,9.0
2016 - SEPTIEMBRE,Banco,INTERBANK,Apoyo y Asociados Internacionales,A,9.0
2016 - SEPTIEMBRE,Banco,INTERBANK,Class y Asociados S.A.,A+,10.0
2016 - SEPTIEMBRE,Banco,INTERBANK,Moodys Local PE Clasificadora de Riesgo,A,9.0
2016 - SEPTIEMBRE,Seguros,Interseguro,Class y Asociados S.A.,A+,10.0
2016 - SEPTIEMBRE,Seguros,Interseguro,Moodys Local PE Clasificadora de Riesgo,A,9.0
2016 - SEPTIEMBRE,Empresa de Créditos,INVERSIONES LA CRUZ,PCR (Pacific Credit Rating),B,6.0
2016 - SEPTIEMBRE,Seguros,La Positiva,Class y Asociados S.A.,A-,8.0
2016 - SEPTIEMBRE,Seguros,La Positiva,PCR (Pacific Credit Rating),A-,8.0
2016 - SEPTIEMBRE,Seguros,La Positiva Vida,Class y Asociados S.A.,A,9.0
2016 - SEPTIEMBRE,Seguros,La Positiva Vida,PCR (Pacific Credit Rating),A,9.0
2016 - SEPTIEMBRE,Seguros,Mapfre Perú,Class y Asociados S.A.,A,9.0
2016 - SEPTIEMBRE,Seguros,Mapfre Perú,PCR (Pacific Credit Rating),A+,10.0
2016 - SEPTIEMBRE,Seguros,Mapfre Peru (Abs),Class y Asociados S.A.,A,9.0
2016 - SEPTIEMBRE,Seguros,Mapfre Peru (Abs),PCR (Pacific Credit Rating),A,9.0
2016 - SEPTIEMBRE,Banco,MIBANCO,Apoyo y Asociados Internacionales,A,9.0
2016 - SEPTIEMBRE,Banco,MIBANCO,Moodys Local PE Clasificadora de Riesgo,A,9.0
2016 - SEPTIEMBRE,Banco,NACION,Apoyo y Asociados Internacionales,A,9.0
2016 - SEPTIEMBRE,Banco,NACION,Moodys Local PE Clasificadora de Riesgo,A,9.0
2016 - SEPTIEMBRE,Seguros,Pacífico Seguros,Apoyo y Asociados Internacionales,A+,10.0
2016 - SEPTIEMBRE,Seguros,Pacífico Seguros,Moodys Local PE Clasificadora de Riesgo,A+,10.0
2016 - SEPTIEMBRE,Seguros,Pacifico Seguros-Abs,Apoyo y Asociados Internacionales,A,9.0
2016 - SEPTIEMBRE,Seguros,Pacifico Seguros-Abs,Moodys Local PE Clasificadora de Riesgo,A,9.0
2016 - SEPTIEMBRE,Seguros,Protecta,Class y Asociados S.A.,A,9.0
2016 - SEPTIEMBRE,Seguros,Protecta,PCR (Pacific Credit Rating),A,9.0
2016 - SEPTIEMBRE,Seguros,Quálitas,Class y Asociados S.A.,A-,8.0
2016 - SEPTIEMBRE,Seguros,Quálitas,PCR (Pacific Credit Rating),A-,8.0
2016 - SEPTIEMBRE,Seguros,Rigel Peru EL,Apoyo y Asociados Internacionales,B+,7.0
2016 - SEPTIEMBRE,Seguros,Rigel Peru EL,Class y Asociados S.A.,B+,7.0
2016 - SEPTIEMBRE,Seguros,Rímac Seguros,Apoyo y Asociados Internacionales,A+,10.0
2016 - SEPTIEMBRE,Seguros,Rímac Seguros,Moodys Local PE Clasificadora de Riesgo,A+,10.0
2016 - SEPTIEMBRE,Banco,SANTANDER PERU,Moodys Local PE Clasificadora de Riesgo,A,9.0
2016 - SEPTIEMBRE,Banco,SANTANDER PERU,PCR (Pacific Credit Rating),A,9.0
2016 - SEPTIEMBRE,Banco,SCOTIABANK PERU,Apoyo y Asociados Internacionales,A+,10.0
2016 - SEPTIEMBRE,Banco,SCOTIABANK PERU,Class y Asociados S.A.,A+,10.0
2016 - SEPTIEMBRE,Seguros,SEGUROS SURA,Class y Asociados S.A.,A,9.0
2016 - SEPTIEMBRE,Seguros,SEGUROS SURA,Moodys Local PE Clasificadora de Riesgo,A,9.0
2016 - SEPTIEMBRE,Seguros,Vivir Seguros,Class y Asociados S.A.,A-,8.0
2016 - SEPTIEMBRE,Seguros,Vivir Seguros,PCR (Pacific Credit Rating),A-,8.0
2017 - MARZO,Empresa de Créditos,ACCESO CREDITICIO,Apoyo y Asociados Internacionales,B,6.0
2017 - MARZO,Banco,AGROBANCO,Apoyo y Asociados Internacionales,A-,8.0
2017 - MARZO,Banco,AGROBANCO,Moodys Local PE Clasificadora de Riesgo,B+,7.0
2017 - MARZO,Banco,ALFIN BANCO,Class y Asociados S.A.,B-,5.0
2017 - MARZO,Banco,ALFIN BANCO,Moodys Local PE Clasificadora de Riesgo,B-,5.0
2017 - MARZO,Financiera,AMERIKA FINANC. EL,Class y Asociados S.A.,B,6.0
2017 - MARZO,Financiera,AMERIKA FINANC. EL,Moodys Local PE Clasificadora de Riesgo,C+,4.0
2017 - MARZO,Seguros,AuguStar Seguros,Apoyo y Asociados Internacionales,A-,8.0
2017 - MARZO,Seguros,AuguStar Seguros,PCR (Pacific Credit Rating),A-,8.0
2017 - MARZO,Seguros,AVLA Perú,Class y Asociados S.A.,B+,7.0
2017 - MARZO,Seguros,AVLA Perú,PCR (Pacific Credit Rating),B+,7.0
2017 - MARZO,Banco,BANBIF,Class y Asociados S.A.,A+,10.0
2017 - MARZO,Banco,BANBIF,PCR (Pacific Credit Rating),A+,10.0
2017 - MARZO,Banco,BANCO DE CREDITO,Apoyo y Asociados Internacionales,A+,10.0
2017 - MARZO,Banco,BANCO DE CREDITO,Moodys Local PE Clasificadora de Riesgo,A+,10.0
2017 - MARZO,Banco,BANCO EFECTIVA,Apoyo y Asociados Internacionales,B+,7.0
2017 - MARZO,Banco,BANCO EFECTIVA,Class y Asociados S.A.,B+,7.0
2017 - MARZO,Banco,BANCO FALABELLA,Apoyo y Asociados Internacionales,A,9.0
2017 - MARZO,Banco,BANCO FALABELLA,Class y Asociados S.A.,A,9.0
2017 - MARZO,Banco,BANCO FALABELLA,Moodys Local PE Clasificadora de Riesgo,A-,8.0
2017 - MARZO,Banco,BANCO GNB,Class y Asociados S.A.,A,9.0
2017 - MARZO,Banco,BANCO GNB,PCR (Pacific Credit Rating),A,9.0
2017 - MARZO,Banco,BANCO PICHINCHA,Class y Asociados S.A.,A-,8.0
2017 - MARZO,Banco,BANCO PICHINCHA,PCR (Pacific Credit Rating),A,9.0
2017 - MARZO,Banco,BANCO RIPLEY,Apoyo y Asociados Internacionales,B+,7.0
2017 - MARZO,Banco,BANCO RIPLEY,Class y Asociados S.A.,A-,8.0
2017 - MARZO,Banco,BANCO RIPLEY,Moodys Local PE Clasificadora de Riesgo,A-,8.0
2017 - MARZO,Banco,BANCOM,Moodys Local PE Clasificadora de Riesgo,B+,7.0
2017 - MARZO,Banco,BANCOM,PCR (Pacific Credit Rating),B+,7.0
2017 - MARZO,Banco,BBVA,Apoyo y Asociados Internacionales,A+,10.0
2017 - MARZO,Banco,BBVA,Moodys Local PE Clasificadora de Riesgo,A+,10.0
2017 - MARZO,Banco,BBVA,PCR (Pacific Credit Rating),A+,10.0
2017 - MARZO,Banco,BN. SANTANDER CONS.,Apoyo y Asociados Internacionales,A,9.0
2017 - MARZO,Banco,BN. SANTANDER CONS.,Class y Asociados S.A.,A,9.0
2017 - MARZO,Seguros,BNP Paribas Cardif,Class y Asociados S.A.,A,9.0
2017 - MARZO,Seguros,BNP Paribas Cardif,PCR (Pacific Credit Rating),A,9.0
2017 - MARZO,Seguros,Cesce,Class y Asociados S.A.,A,9.0
2017 - MARZO,Seguros,Cesce,PCR (Pacific Credit Rating),A,9.0
2017 - MARZO,Seguros,Chubb Perú,Apoyo y Asociados Internacionales,A,9.0
2017 - MARZO,Seguros,Chubb Perú,PCR (Pacific Credit Rating),A,9.0
2017 - MARZO,Banco,CITIBANK DEL PERU,Apoyo y Asociados Internacionales,A+,10.0
2017 - MARZO,Banco,CITIBANK DEL PERU,PCR (Pacific Credit Rating),A+,10.0
2017 - MARZO,Caja Municipal de Ahorro y Crédito,CMAC AREQUIPA,Apoyo y Asociados Internacionales,B+,7.0
2017 - MARZO,Caja Municipal de Ahorro y Crédito,CMAC AREQUIPA,Moodys Local PE Clasificadora de Riesgo,B+,7.0
2017 - MARZO,Caja Municipal de Ahorro y Crédito,CMAC CUSCO,Class y Asociados S.A.,B,6.0
2017 - MARZO,Caja Municipal de Ahorro y Crédito,CMAC CUSCO,Moodys Local PE Clasificadora de Riesgo,B,6.0
2017 - MARZO,Caja Municipal de Ahorro y Crédito,CMAC DEL SANTA,Apoyo y Asociados Internacionales,D+,1.0
2017 - MARZO,Caja Municipal de Ahorro y Crédito,CMAC DEL SANTA,Microrate,D,0.0
2017 - MARZO,Caja Municipal de Ahorro y Crédito,CMAC HUANCAYO,Class y Asociados S.A.,B+,7.0
2017 - MARZO,Caja Municipal de Ahorro y Crédito,CMAC HUANCAYO,Moodys Local PE Clasificadora de Riesgo,B+,7.0
2017 - MARZO,Caja Municipal de Ahorro y Crédito,CMAC ICA,Microrate,C+,4.0
2017 - MARZO,Caja Municipal de Ahorro y Crédito,CMAC ICA,Moodys Local PE Clasificadora de Riesgo,C+,4.0
2017 - MARZO,Caja Municipal de Ahorro y Crédito,CMAC MAYNAS,Class y Asociados S.A.,C+,4.0
2017 - MARZO,Caja Municipal de Ahorro y Crédito,CMAC MAYNAS,PCR (Pacific Credit Rating),C+,4.0
2017 - MARZO,Caja Municipal de Ahorro y Crédito,CMAC PAITA,Class y Asociados S.A.,D,0.0
2017 - MARZO,Caja Municipal de Ahorro y Crédito,CMAC PAITA,PCR (Pacific Credit Rating),D,0.0
2017 - MARZO,Caja Municipal de Ahorro y Crédito,CMAC PIURA,Class y Asociados S.A.,B-,5.0
2017 - MARZO,Caja Municipal de Ahorro y Crédito,CMAC PIURA,Microrate,B-,5.0
2017 - MARZO,Caja Municipal de Ahorro y Crédito,CMAC SULLANA,Class y Asociados S.A.,B,6.0
2017 - MARZO,Caja Municipal de Ahorro y Crédito,CMAC SULLANA,Microrate,B-,5.0
2017 - MARZO,Caja Municipal de Ahorro y Crédito,CMAC SULLANA,Moodys Local PE Clasificadora de Riesgo,B-,5.0
2017 - MARZO,Caja Municipal de Ahorro y Crédito,CMAC TACNA,Class y Asociados S.A.,C+,4.0
2017 - MARZO,Caja Municipal de Ahorro y Crédito,CMAC TACNA,Moodys Local PE Clasificadora de Riesgo,C+,4.0
2017 - MARZO,Caja Municipal de Ahorro y Crédito,CMAC TRUJILLO,Class y Asociados S.A.,B,6.0
2017 - MARZO,Caja Municipal de Ahorro y Crédito,CMAC TRUJILLO,Moodys Local PE Clasificadora de Riesgo,B-,5.0
2017 - MARZO,Caja Municipal de Ahorro y Crédito,CMCP LIMA,Apoyo y Asociados Internacionales,C,3.0
2017 - MARZO,Caja Municipal de Ahorro y Crédito,CMCP LIMA,Class y Asociados S.A.,C,3.0
2017 - MARZO,Seguros,COFACE EL,Class y Asociados S.A.,B+,7.0
2017 - MARZO,Seguros,COFACE EL,PCR (Pacific Credit Rating),A-,8.0
2017 - MARZO,Banco,COFIDE,Apoyo y Asociados Internacionales,A,9.0
2017 - MARZO,Banco,COFIDE,Moodys Local PE Clasificadora de Riesgo,A+,10.0
2017 - MARZO,Banco,COMPARTAMOS BANCO,Apoyo y Asociados Internacionales,B+,7.0
2017 - MARZO,Banco,COMPARTAMOS BANCO,Class y Asociados S.A.,B+,7.0
2017 - MARZO,Caja Rural de Ahorro y Crédito,CRAC CENCOSUD SCOTIA,Apoyo y Asociados Internacionales,B+,7.0
2017 - MARZO,Caja Rural de Ahorro y Crédito,CRAC CENCOSUD SCOTIA,Moodys Local PE Clasificadora de Riesgo,B+,7.0
2017 - MARZO,Caja Rural de Ahorro y Crédito,CRAC DEL CENTRO,Class y Asociados S.A.,C,3.0
2017 - MARZO,Caja Rural de Ahorro y Crédito,CRAC DEL CENTRO,PCR (Pacific Credit Rating),C-,2.0
2017 - MARZO,Caja Rural de Ahorro y Crédito,CRAC INCASUR,Apoyo y Asociados Internacionales,C,3.0
2017 - MARZO,Caja Rural de Ahorro y Crédito,CRAC INCASUR,Class y Asociados S.A.,C,3.0
2017 - MARZO,Caja Rural de Ahorro y Crédito,CRAC LOS ANDES,Class y Asociados S.A.,B-,5.0
2017 - MARZO,Caja Rural de Ahorro y Crédito,CRAC LOS ANDES,Microrate,B-,5.0
2017 - MARZO,Caja Rural de Ahorro y Crédito,CRAC PRYMERA,Apoyo y Asociados Internacionales,C,3.0
2017 - MARZO,Caja Rural de Ahorro y Crédito,CRAC PRYMERA,Class y Asociados S.A.,C,3.0
2017 - MARZO,Caja Rural de Ahorro y Crédito,CRAC Raíz en Liquida,Apoyo y Asociados Internacionales,B-,5.0
2017 - MARZO,Caja Rural de Ahorro y Crédito,CRAC Raíz en Liquida,Class y Asociados S.A.,B-,5.0
2017 - MARZO,Caja Rural de Ahorro y Crédito,CRAC Raíz en Liquida,Microrate,B-,5.0
2017 - MARZO,Caja Rural de Ahorro y Crédito,CRAC Raíz en Liquida,Moodys Local PE Clasificadora de Riesgo,B-,5.0
2017 - MARZO,Caja Rural de Ahorro y Crédito,CRAC SIPAN LIQUID.,Class y Asociados S.A.,C-,2.0
2017 - MARZO,Caja Rural de Ahorro y Crédito,CRAC SIPAN LIQUID.,Microrate,C-,2.0
2017 - MARZO,Seguros,Crecer Seguros,Apoyo y Asociados Internacionales,B+,7.0
2017 - MARZO,Seguros,Crecer Seguros,Class y Asociados S.A.,B+,7.0
2017 - MARZO,Financiera,FINANC. CREDINKA,Class y Asociados S.A.,B-,5.0
2017 - MARZO,Financiera,FINANC. CREDINKA,PCR (Pacific Credit Rating),B,6.0
2017 - MARZO,Financiera,FINANC. PROEMPRESA,Apoyo y Asociados Internacionales,B-,5.0
2017 - MARZO,Financiera,FINANC. PROEMPRESA,Class y Asociados S.A.,B-,5.0
2017 - MARZO,Financiera,FINANCIERA CONFIANZA,Apoyo y Asociados Internacionales,B+,7.0
2017 - MARZO,Financiera,FINANCIERA CONFIANZA,Class y Asociados S.A.,B+,7.0
2017 - MARZO,Financiera,FINANCIERA CONFIANZA,Moodys Local PE Clasificadora de Riesgo,B+,7.0
2017 - MARZO,Financiera,FINANCIERA QAPAQ,Class y Asociados S.A.,B,6.0
2017 - MARZO,Financiera,FINANCIERA QAPAQ,PCR (Pacific Credit Rating),B,6.0
2017 - MARZO,Financiera,FINANCIERA TFC EL,Class y Asociados S.A.,B-,5.0
2017 - MARZO,Financiera,FINANCIERA TFC EL,PCR (Pacific Credit Rating),B,6.0
2017 - MARZO,Fondo,FONDO MIVIVIENDA,Apoyo y Asociados Internacionales,A,9.0
2017 - MARZO,Fondo,FONDO MIVIVIENDA,Class y Asociados S.A.,A+,10.0
2017 - MARZO,Banco,ICBC PERU BANK S.A.,Apoyo y Asociados Internacionales,A,9.0
2017 - MARZO,Banco,ICBC PERU BANK S.A.,Moodys Local PE Clasificadora de Riesgo,A,9.0
2017 - MARZO,Financiera,INFINANCE XP S.A.,Apoyo y Asociados Internacionales,B,6.0
2017 - MARZO,Financiera,INFINANCE XP S.A.,Class y Asociados S.A.,B+,7.0
2017 - MARZO,Financiera,INFINANCE XP S.A.,Moodys Local PE Clasificadora de Riesgo,B+,7.0
2017 - MARZO,Seguros,Insur,Class y Asociados S.A.,A,9.0
2017 - MARZO,Seguros,Insur,PCR (Pacific Credit Rating),A,9.0
2017 - MARZO,Banco,INTERBANK,Apoyo y Asociados Internacionales,A,9.0
2017 - MARZO,Banco,INTERBANK,Class y Asociados S.A.,A+,10.0
2017 - MARZO,Banco,INTERBANK,Moodys Local PE Clasificadora de Riesgo,A,9.0
2017 - MARZO,Seguros,Interseguro,Class y Asociados S.A.,A+,10.0
2017 - MARZO,Seguros,Interseguro,Moodys Local PE Clasificadora de Riesgo,A,9.0
2017 - MARZO,Empresa de Créditos,INVERSIONES LA CRUZ,PCR (Pacific Credit Rating),B,6.0
2017 - MARZO,Seguros,La Positiva,Class y Asociados S.A.,A-,8.0
2017 - MARZO,Seguros,La Positiva,PCR (Pacific Credit Rating),A-,8.0
2017 - MARZO,Seguros,La Positiva Vida,Class y Asociados S.A.,A,9.0
2017 - MARZO,Seguros,La Positiva Vida,PCR (Pacific Credit Rating),A,9.0
2017 - MARZO,Seguros,Liberty Seguros,Class y Asociados S.A.,A-,8.0
2017 - MARZO,Seguros,Liberty Seguros,Moodys Local PE Clasificadora de Riesgo,A-,8.0
2017 - MARZO,Seguros,Mapfre Perú,Class y Asociados S.A.,A,9.0
2017 - MARZO,Seguros,Mapfre Perú,PCR (Pacific Credit Rating),A+,10.0
2017 - MARZO,Seguros,Mapfre Peru (Abs),Class y Asociados S.A.,A,9.0
2017 - MARZO,Seguros,Mapfre Peru (Abs),PCR (Pacific Credit Rating),A,9.0
2017 - MARZO,Banco,MIBANCO,Apoyo y Asociados Internacionales,A,9.0
2017 - MARZO,Banco,MIBANCO,Moodys Local PE Clasificadora de Riesgo,A,9.0
2017 - MARZO,Banco,NACION,Moodys Local PE Clasificadora de Riesgo,A,9.0
2017 - MARZO,Seguros,Pacífico Seguros,Apoyo y Asociados Internacionales,A+,10.0
2017 - MARZO,Seguros,Pacífico Seguros,Moodys Local PE Clasificadora de Riesgo,A+,10.0
2017 - MARZO,Seguros,Pacifico Seguros-Abs,Apoyo y Asociados Internacionales,A,9.0
2017 - MARZO,Seguros,Pacifico Seguros-Abs,Moodys Local PE Clasificadora de Riesgo,A,9.0
2017 - MARZO,Seguros,Protecta,Class y Asociados S.A.,A,9.0
2017 - MARZO,Seguros,Protecta,PCR (Pacific Credit Rating),A,9.0
2017 - MARZO,Seguros,Quálitas,Class y Asociados S.A.,A-,8.0
2017 - MARZO,Seguros,Quálitas,PCR (Pacific Credit Rating),A-,8.0
2017 - MARZO,Seguros,Rigel Peru EL,Apoyo y Asociados Internacionales,B+,7.0
2017 - MARZO,Seguros,Rigel Peru EL,Class y Asociados S.A.,B+,7.0
2017 - MARZO,Seguros,Rímac Seguros,Apoyo y Asociados Internacionales,A+,10.0
2017 - MARZO,Seguros,Rímac Seguros,Moodys Local PE Clasificadora de Riesgo,A+,10.0
2017 - MARZO,Banco,SANTANDER PERU,Moodys Local PE Clasificadora de Riesgo,A,9.0
2017 - MARZO,Banco,SANTANDER PERU,PCR (Pacific Credit Rating),A,9.0
2017 - MARZO,Banco,SCOTIABANK PERU,Apoyo y Asociados Internacionales,A+,10.0
2017 - MARZO,Banco,SCOTIABANK PERU,Class y Asociados S.A.,A+,10.0
2017 - MARZO,Seguros,SEGUROS SURA,Class y Asociados S.A.,A,9.0
2017 - MARZO,Seguros,SEGUROS SURA,Moodys Local PE Clasificadora de Riesgo,A,9.0
2017 - MARZO,Seguros,Vivir Seguros,Class y Asociados S.A.,A-,8.0
2017 - MARZO,Seguros,Vivir Seguros,PCR (Pacific Credit Rating),A-,8.0
2017 - SEPTIEMBRE,Empresa de Créditos,ACCESO CREDITICIO,Apoyo y Asociados Internacionales,B,6.0
2017 - SEPTIEMBRE,Banco,AGROBANCO,Apoyo y Asociados Internacionales,A-,8.0
2017 - SEPTIEMBRE,Banco,AGROBANCO,Moodys Local PE Clasificadora de Riesgo,B,6.0
2017 - SEPTIEMBRE,Banco,ALFIN BANCO,Class y Asociados S.A.,B-,5.0
2017 - SEPTIEMBRE,Banco,ALFIN BANCO,Moodys Local PE Clasificadora de Riesgo,B-,5.0
2017 - SEPTIEMBRE,Financiera,AMERIKA FINANC. EL,Class y Asociados S.A.,B,6.0
2017 - SEPTIEMBRE,Financiera,AMERIKA FINANC. EL,Moodys Local PE Clasificadora de Riesgo,C+,4.0
2017 - SEPTIEMBRE,Seguros,AuguStar Seguros,Apoyo y Asociados Internacionales,A-,8.0
2017 - SEPTIEMBRE,Seguros,AuguStar Seguros,PCR (Pacific Credit Rating),A-,8.0
2017 - SEPTIEMBRE,Seguros,AVLA Perú,Class y Asociados S.A.,B+,7.0
2017 - SEPTIEMBRE,Seguros,AVLA Perú,PCR (Pacific Credit Rating),B+,7.0
2017 - SEPTIEMBRE,Banco,BANBIF,Class y Asociados S.A.,A+,10.0
2017 - SEPTIEMBRE,Banco,BANBIF,PCR (Pacific Credit Rating),A+,10.0
2017 - SEPTIEMBRE,Banco,BANCO DE CREDITO,Apoyo y Asociados Internacionales,A+,10.0
2017 - SEPTIEMBRE,Banco,BANCO DE CREDITO,Moodys Local PE Clasificadora de Riesgo,A+,10.0
2017 - SEPTIEMBRE,Banco,BANCO EFECTIVA,Apoyo y Asociados Internacionales,B+,7.0
2017 - SEPTIEMBRE,Banco,BANCO EFECTIVA,Class y Asociados S.A.,B+,7.0
2017 - SEPTIEMBRE,Banco,BANCO FALABELLA,Apoyo y Asociados Internacionales,A,9.0
2017 - SEPTIEMBRE,Banco,BANCO FALABELLA,Class y Asociados S.A.,A,9.0
2017 - SEPTIEMBRE,Banco,BANCO FALABELLA,Moodys Local PE Clasificadora de Riesgo,A-,8.0
2017 - SEPTIEMBRE,Banco,BANCO GNB,Class y Asociados S.A.,A,9.0
2017 - SEPTIEMBRE,Banco,BANCO GNB,PCR (Pacific Credit Rating),A,9.0
2017 - SEPTIEMBRE,Banco,BANCO PICHINCHA,Class y Asociados S.A.,A-,8.0
2017 - SEPTIEMBRE,Banco,BANCO PICHINCHA,PCR (Pacific Credit Rating),A,9.0
2017 - SEPTIEMBRE,Banco,BANCO RIPLEY,Apoyo y Asociados Internacionales,B+,7.0
2017 - SEPTIEMBRE,Banco,BANCO RIPLEY,Class y Asociados S.A.,A-,8.0
2017 - SEPTIEMBRE,Banco,BANCO RIPLEY,Moodys Local PE Clasificadora de Riesgo,A-,8.0
2017 - SEPTIEMBRE,Banco,BANCOM,Moodys Local PE Clasificadora de Riesgo,B+,7.0
2017 - SEPTIEMBRE,Banco,BANCOM,PCR (Pacific Credit Rating),B+,7.0
2017 - SEPTIEMBRE,Banco,BBVA,Apoyo y Asociados Internacionales,A+,10.0
2017 - SEPTIEMBRE,Banco,BBVA,Moodys Local PE Clasificadora de Riesgo,A+,10.0
2017 - SEPTIEMBRE,Banco,BBVA,PCR (Pacific Credit Rating),A+,10.0
2017 - SEPTIEMBRE,Banco,BN. SANTANDER CONS.,Apoyo y Asociados Internacionales,A,9.0
2017 - SEPTIEMBRE,Banco,BN. SANTANDER CONS.,Class y Asociados S.A.,A,9.0
2017 - SEPTIEMBRE,Seguros,BNP Paribas Cardif,Class y Asociados S.A.,A,9.0
2017 - SEPTIEMBRE,Seguros,BNP Paribas Cardif,PCR (Pacific Credit Rating),A,9.0
2017 - SEPTIEMBRE,Seguros,Cesce,Class y Asociados S.A.,A,9.0
2017 - SEPTIEMBRE,Seguros,Cesce,PCR (Pacific Credit Rating),A,9.0
2017 - SEPTIEMBRE,Seguros,Chubb Perú,Apoyo y Asociados Internacionales,A,9.0
2017 - SEPTIEMBRE,Seguros,Chubb Perú,PCR (Pacific Credit Rating),A,9.0
2017 - SEPTIEMBRE,Banco,CITIBANK DEL PERU,Apoyo y Asociados Internacionales,A+,10.0
2017 - SEPTIEMBRE,Banco,CITIBANK DEL PERU,PCR (Pacific Credit Rating),A+,10.0
2017 - SEPTIEMBRE,Caja Municipal de Ahorro y Crédito,CMAC AREQUIPA,Apoyo y Asociados Internacionales,B+,7.0
2017 - SEPTIEMBRE,Caja Municipal de Ahorro y Crédito,CMAC AREQUIPA,Moodys Local PE Clasificadora de Riesgo,B+,7.0
2017 - SEPTIEMBRE,Caja Municipal de Ahorro y Crédito,CMAC CUSCO,Class y Asociados S.A.,B,6.0
2017 - SEPTIEMBRE,Caja Municipal de Ahorro y Crédito,CMAC CUSCO,Moodys Local PE Clasificadora de Riesgo,B,6.0
2017 - SEPTIEMBRE,Caja Municipal de Ahorro y Crédito,CMAC DEL SANTA,Apoyo y Asociados Internacionales,D+,1.0
2017 - SEPTIEMBRE,Caja Municipal de Ahorro y Crédito,CMAC DEL SANTA,Microrate,D,0.0
2017 - SEPTIEMBRE,Caja Municipal de Ahorro y Crédito,CMAC HUANCAYO,Class y Asociados S.A.,B+,7.0
2017 - SEPTIEMBRE,Caja Municipal de Ahorro y Crédito,CMAC HUANCAYO,Moodys Local PE Clasificadora de Riesgo,B+,7.0
2017 - SEPTIEMBRE,Caja Municipal de Ahorro y Crédito,CMAC ICA,Class y Asociados S.A.,C+,4.0
2017 - SEPTIEMBRE,Caja Municipal de Ahorro y Crédito,CMAC ICA,Moodys Local PE Clasificadora de Riesgo,C+,4.0
2017 - SEPTIEMBRE,Caja Municipal de Ahorro y Crédito,CMAC MAYNAS,Class y Asociados S.A.,C+,4.0
2017 - SEPTIEMBRE,Caja Municipal de Ahorro y Crédito,CMAC MAYNAS,PCR (Pacific Credit Rating),C+,4.0
2017 - SEPTIEMBRE,Caja Municipal de Ahorro y Crédito,CMAC PAITA,Class y Asociados S.A.,D+,1.0
2017 - SEPTIEMBRE,Caja Municipal de Ahorro y Crédito,CMAC PAITA,Microrate,D+,1.0
2017 - SEPTIEMBRE,Caja Municipal de Ahorro y Crédito,CMAC PIURA,Class y Asociados S.A.,B-,5.0
2017 - SEPTIEMBRE,Caja Municipal de Ahorro y Crédito,CMAC PIURA,Microrate,B-,5.0
2017 - SEPTIEMBRE,Caja Municipal de Ahorro y Crédito,CMAC SULLANA,Class y Asociados S.A.,B,6.0
2017 - SEPTIEMBRE,Caja Municipal de Ahorro y Crédito,CMAC SULLANA,Microrate,B-,5.0
2017 - SEPTIEMBRE,Caja Municipal de Ahorro y Crédito,CMAC SULLANA,Moodys Local PE Clasificadora de Riesgo,C+,4.0
2017 - SEPTIEMBRE,Caja Municipal de Ahorro y Crédito,CMAC TACNA,Class y Asociados S.A.,C+,4.0
2017 - SEPTIEMBRE,Caja Municipal de Ahorro y Crédito,CMAC TACNA,Moodys Local PE Clasificadora de Riesgo,C+,4.0
2017 - SEPTIEMBRE,Caja Municipal de Ahorro y Crédito,CMAC TRUJILLO,Apoyo y Asociados Internacionales,B,6.0
2017 - SEPTIEMBRE,Caja Municipal de Ahorro y Crédito,CMAC TRUJILLO,Class y Asociados S.A.,B,6.0
2017 - SEPTIEMBRE,Caja Municipal de Ahorro y Crédito,CMAC TRUJILLO,Moodys Local PE Clasificadora de Riesgo,B-,5.0
2017 - SEPTIEMBRE,Caja Municipal de Ahorro y Crédito,CMCP LIMA,Apoyo y Asociados Internacionales,C,3.0
2017 - SEPTIEMBRE,Caja Municipal de Ahorro y Crédito,CMCP LIMA,Class y Asociados S.A.,C,3.0
2017 - SEPTIEMBRE,Seguros,COFACE EL,Class y Asociados S.A.,B+,7.0
2017 - SEPTIEMBRE,Seguros,COFACE EL,PCR (Pacific Credit Rating),A-,8.0
2017 - SEPTIEMBRE,Banco,COFIDE,Apoyo y Asociados Internacionales,A,9.0
2017 - SEPTIEMBRE,Banco,COFIDE,Moodys Local PE Clasificadora de Riesgo,A,9.0
2017 - SEPTIEMBRE,Banco,COMPARTAMOS BANCO,Apoyo y Asociados Internacionales,B+,7.0
2017 - SEPTIEMBRE,Banco,COMPARTAMOS BANCO,Class y Asociados S.A.,B+,7.0
2017 - SEPTIEMBRE,Caja Rural de Ahorro y Crédito,CRAC CENCOSUD SCOTIA,Apoyo y Asociados Internacionales,B+,7.0
2017 - SEPTIEMBRE,Caja Rural de Ahorro y Crédito,CRAC CENCOSUD SCOTIA,Moodys Local PE Clasificadora de Riesgo,B+,7.0
2017 - SEPTIEMBRE,Caja Rural de Ahorro y Crédito,CRAC DEL CENTRO,Class y Asociados S.A.,C,3.0
2017 - SEPTIEMBRE,Caja Rural de Ahorro y Crédito,CRAC DEL CENTRO,PCR (Pacific Credit Rating),C,3.0
2017 - SEPTIEMBRE,Caja Rural de Ahorro y Crédito,CRAC INCASUR,Apoyo y Asociados Internacionales,C,3.0
2017 - SEPTIEMBRE,Caja Rural de Ahorro y Crédito,CRAC INCASUR,Class y Asociados S.A.,C,3.0
2017 - SEPTIEMBRE,Caja Rural de Ahorro y Crédito,CRAC LOS ANDES,Class y Asociados S.A.,B-,5.0
2017 - SEPTIEMBRE,Caja Rural de Ahorro y Crédito,CRAC LOS ANDES,PCR (Pacific Credit Rating),B-,5.0
2017 - SEPTIEMBRE,Caja Rural de Ahorro y Crédito,CRAC PRYMERA,Apoyo y Asociados Internacionales,C,3.0
2017 - SEPTIEMBRE,Caja Rural de Ahorro y Crédito,CRAC PRYMERA,Class y Asociados S.A.,C,3.0
2017 - SEPTIEMBRE,Caja Rural de Ahorro y Crédito,CRAC Raíz en Liquida,Apoyo y Asociados Internacionales,B-,5.0
2017 - SEPTIEMBRE,Caja Rural de Ahorro y Crédito,CRAC Raíz en Liquida,Class y Asociados S.A.,B-,5.0
2017 - SEPTIEMBRE,Caja Rural de Ahorro y Crédito,CRAC Raíz en Liquida,Microrate,B-,5.0
2017 - SEPTIEMBRE,Caja Rural de Ahorro y Crédito,CRAC SIPAN LIQUID.,Class y Asociados S.A.,C-,2.0
2017 - SEPTIEMBRE,Caja Rural de Ahorro y Crédito,CRAC SIPAN LIQUID.,Microrate,D+,1.0
2017 - SEPTIEMBRE,Seguros,Crecer Seguros,Apoyo y Asociados Internacionales,B+,7.0
2017 - SEPTIEMBRE,Seguros,Crecer Seguros,Class y Asociados S.A.,B+,7.0
2017 - SEPTIEMBRE,Financiera,FINANC. CREDINKA,Class y Asociados S.A.,B-,5.0
2017 - SEPTIEMBRE,Financiera,FINANC. CREDINKA,PCR (Pacific Credit Rating),B,6.0
2017 - SEPTIEMBRE,Financiera,FINANC. PROEMPRESA,Apoyo y Asociados Internacionales,B-,5.0
2017 - SEPTIEMBRE,Financiera,FINANC. PROEMPRESA,Class y Asociados S.A.,B-,5.0
2017 - SEPTIEMBRE,Financiera,FINANCIERA CONFIANZA,Apoyo y Asociados Internacionales,B+,7.0
2017 - SEPTIEMBRE,Financiera,FINANCIERA CONFIANZA,Class y Asociados S.A.,B+,7.0
2017 - SEPTIEMBRE,Financiera,FINANCIERA QAPAQ,Class y Asociados S.A.,B,6.0
2017 - SEPTIEMBRE,Financiera,FINANCIERA QAPAQ,PCR (Pacific Credit Rating),B,6.0
2017 - SEPTIEMBRE,Financiera,FINANCIERA TFC EL,Class y Asociados S.A.,B-,5.0
2017 - SEPTIEMBRE,Financiera,FINANCIERA TFC EL,PCR (Pacific Credit Rating),B,6.0
2017 - SEPTIEMBRE,Fondo,FONDO MIVIVIENDA,Apoyo y Asociados Internacionales,A,9.0
2017 - SEPTIEMBRE,Fondo,FONDO MIVIVIENDA,Class y Asociados S.A.,A+,10.0
2017 - SEPTIEMBRE,Banco,ICBC PERU BANK S.A.,Apoyo y Asociados Internacionales,A,9.0
2017 - SEPTIEMBRE,Banco,ICBC PERU BANK S.A.,Moodys Local PE Clasificadora de Riesgo,A,9.0
2017 - SEPTIEMBRE,Financiera,INFINANCE XP S.A.,Apoyo y Asociados Internacionales,B,6.0
2017 - SEPTIEMBRE,Financiera,INFINANCE XP S.A.,Class y Asociados S.A.,B+,7.0
2017 - SEPTIEMBRE,Financiera,INFINANCE XP S.A.,Moodys Local PE Clasificadora de Riesgo,B+,7.0
2017 - SEPTIEMBRE,Seguros,Insur,Class y Asociados S.A.,A,9.0
2017 - SEPTIEMBRE,Seguros,Insur,PCR (Pacific Credit Rating),A,9.0
2017 - SEPTIEMBRE,Banco,INTERBANK,Apoyo y Asociados Internacionales,A,9.0
2017 - SEPTIEMBRE,Banco,INTERBANK,Class y Asociados S.A.,A+,10.0
2017 - SEPTIEMBRE,Banco,INTERBANK,Moodys Local PE Clasificadora de Riesgo,A,9.0
2017 - SEPTIEMBRE,Seguros,Interseguro,Class y Asociados S.A.,A+,10.0
2017 - SEPTIEMBRE,Seguros,Interseguro,Moodys Local PE Clasificadora de Riesgo,A,9.0
2017 - SEPTIEMBRE,Empresa de Créditos,INVERSIONES LA CRUZ,Apoyo y Asociados Internacionales,B+,7.0
2017 - SEPTIEMBRE,Empresa de Créditos,INVERSIONES LA CRUZ,PCR (Pacific Credit Rating),B,6.0
2017 - SEPTIEMBRE,Seguros,La Positiva,Class y Asociados S.A.,A-,8.0
2017 - SEPTIEMBRE,Seguros,La Positiva,PCR (Pacific Credit Rating),A-,8.0
2017 - SEPTIEMBRE,Seguros,La Positiva Vida,Class y Asociados S.A.,A,9.0
2017 - SEPTIEMBRE,Seguros,La Positiva Vida,PCR (Pacific Credit Rating),A,9.0
2017 - SEPTIEMBRE,Seguros,Liberty Seguros,Class y Asociados S.A.,A-,8.0
2017 - SEPTIEMBRE,Seguros,Liberty Seguros,Moodys Local PE Clasificadora de Riesgo,A-,8.0
2017 - SEPTIEMBRE,Seguros,Mapfre Perú,Class y Asociados S.A.,A,9.0
2017 - SEPTIEMBRE,Seguros,Mapfre Perú,PCR (Pacific Credit Rating),A+,10.0
2017 - SEPTIEMBRE,Seguros,Mapfre Peru (Abs),Class y Asociados S.A.,A,9.0
2017 - SEPTIEMBRE,Seguros,Mapfre Peru (Abs),PCR (Pacific Credit Rating),A,9.0
2017 - SEPTIEMBRE,Banco,MIBANCO,Apoyo y Asociados Internacionales,A,9.0
2017 - SEPTIEMBRE,Banco,MIBANCO,Moodys Local PE Clasificadora de Riesgo,A,9.0
2017 - SEPTIEMBRE,Banco,NACION,Apoyo y Asociados Internacionales,A,9.0
2017 - SEPTIEMBRE,Banco,NACION,Moodys Local PE Clasificadora de Riesgo,A,9.0
2017 - SEPTIEMBRE,Seguros,Pacífico Seguros,Apoyo y Asociados Internacionales,A+,10.0
2017 - SEPTIEMBRE,Seguros,Pacifico Seguros-Abs,Moodys Local PE Clasificadora de Riesgo,A+,10.0
2017 - SEPTIEMBRE,Seguros,Protecta,Class y Asociados S.A.,A,9.0
2017 - SEPTIEMBRE,Seguros,Protecta,PCR (Pacific Credit Rating),A,9.0
2017 - SEPTIEMBRE,Seguros,Quálitas,Class y Asociados S.A.,A-,8.0
2017 - SEPTIEMBRE,Seguros,Quálitas,PCR (Pacific Credit Rating),A-,8.0
2017 - SEPTIEMBRE,Seguros,Rigel Peru EL,Apoyo y Asociados Internacionales,B+,7.0
2017 - SEPTIEMBRE,Seguros,Rigel Peru EL,Class y Asociados S.A.,B+,7.0
2017 - SEPTIEMBRE,Seguros,Rímac Seguros,Apoyo y Asociados Internacionales,A+,10.0
2017 - SEPTIEMBRE,Seguros,Rímac Seguros,Moodys Local PE Clasificadora de Riesgo,A+,10.0
2017 - SEPTIEMBRE,Banco,SANTANDER PERU,Apoyo y Asociados Internacionales,A+,10.0
2017 - SEPTIEMBRE,Banco,SANTANDER PERU,Moodys Local PE Clasificadora de Riesgo,A,9.0
2017 - SEPTIEMBRE,Banco,SANTANDER PERU,PCR (Pacific Credit Rating),A,9.0
2017 - SEPTIEMBRE,Banco,SCOTIABANK PERU,Apoyo y Asociados Internacionales,A+,10.0
2017 - SEPTIEMBRE,Banco,SCOTIABANK PERU,Class y Asociados S.A.,A+,10.0
2017 - SEPTIEMBRE,Seguros,SEGUROS SURA,Class y Asociados S.A.,A,9.0
2017 - SEPTIEMBRE,Seguros,SEGUROS SURA,Moodys Local PE Clasificadora de Riesgo,A,9.0
2017 - SEPTIEMBRE,Seguros,Vivir Seguros,Class y Asociados S.A.,A-,8.0
2017 - SEPTIEMBRE,Seguros,Vivir Seguros,PCR (Pacific Credit Rating),A-,8.0
2018 - MARZO,Banco,ALFIN BANCO,Class y Asociados S.A.,B-,5.0
2018 - MARZO,Banco,ALFIN BANCO,Moodys Local PE Clasificadora de Riesgo,B-,5.0
2018 - MARZO,Financiera,AMERIKA FINANC. EL,Class y Asociados S.A.,B,6.0
2018 - MARZO,Financiera,AMERIKA FINANC. EL,Moodys Local PE Clasificadora de Riesgo,C+,4.0
2018 - MARZO,Seguros,AuguStar Seguros,Apoyo y Asociados Internacionales,A-,8.0
2018 - MARZO,Seguros,AuguStar Seguros,PCR (Pacific Credit Rating),A-,8.0
2018 - MARZO,Seguros,AVLA Perú,Class y Asociados S.A.,A-,8.0
2018 - MARZO,Seguros,AVLA Perú,PCR (Pacific Credit Rating),B+,7.0
2018 - MARZO,Banco,BANBIF,Class y Asociados S.A.,A+,10.0
2018 - MARZO,Banco,BANBIF,PCR (Pacific Credit Rating),A+,10.0
2018 - MARZO,Banco,BANCO DE CREDITO,Apoyo y Asociados Internacionales,A+,10.0
2018 - MARZO,Banco,BANCO DE CREDITO,Moodys Local PE Clasificadora de Riesgo,A+,10.0
2018 - MARZO,Banco,BANCO EFECTIVA,Apoyo y Asociados Internacionales,B+,7.0
2018 - MARZO,Banco,BANCO EFECTIVA,Class y Asociados S.A.,B+,7.0
2018 - MARZO,Banco,BANCO FALABELLA,Apoyo y Asociados Internacionales,A-,8.0
2018 - MARZO,Banco,BANCO FALABELLA,Class y Asociados S.A.,A,9.0
2018 - MARZO,Banco,BANCO FALABELLA,Moodys Local PE Clasificadora de Riesgo,A-,8.0
2018 - MARZO,Banco,BANCO GNB,Class y Asociados S.A.,A,9.0
2018 - MARZO,Banco,BANCO GNB,PCR (Pacific Credit Rating),A,9.0
2018 - MARZO,Banco,BANCO PICHINCHA,Class y Asociados S.A.,A-,8.0
2018 - MARZO,Banco,BANCO PICHINCHA,PCR (Pacific Credit Rating),A,9.0
2018 - MARZO,Banco,BANCO RIPLEY,Class y Asociados S.A.,A-,8.0
2018 - MARZO,Banco,BANCO RIPLEY,Moodys Local PE Clasificadora de Riesgo,A-,8.0
2018 - MARZO,Banco,BANCOM,Moodys Local PE Clasificadora de Riesgo,B+,7.0
2018 - MARZO,Banco,BANCOM,PCR (Pacific Credit Rating),B+,7.0
2018 - MARZO,Banco,BBVA,Apoyo y Asociados Internacionales,A+,10.0
2018 - MARZO,Banco,BBVA,Moodys Local PE Clasificadora de Riesgo,A+,10.0
2018 - MARZO,Banco,BBVA,PCR (Pacific Credit Rating),A+,10.0
2018 - MARZO,Banco,BN. SANTANDER CONS.,Apoyo y Asociados Internacionales,A,9.0
2018 - MARZO,Banco,BN. SANTANDER CONS.,Moodys Local PE Clasificadora de Riesgo,A,9.0
2018 - MARZO,Seguros,BNP Paribas Cardif,Class y Asociados S.A.,A,9.0
2018 - MARZO,Seguros,BNP Paribas Cardif,PCR (Pacific Credit Rating),A,9.0
2018 - MARZO,Seguros,Cesce,Class y Asociados S.A.,A,9.0
2018 - MARZO,Seguros,Cesce,PCR (Pacific Credit Rating),A,9.0
2018 - MARZO,Seguros,Chubb Perú,Apoyo y Asociados Internacionales,A,9.0
2018 - MARZO,Seguros,Chubb Perú,PCR (Pacific Credit Rating),A,9.0
2018 - MARZO,Banco,CITIBANK DEL PERU,Apoyo y Asociados Internacionales,A+,10.0
2018 - MARZO,Banco,CITIBANK DEL PERU,PCR (Pacific Credit Rating),A+,10.0
2018 - MARZO,Caja Municipal de Ahorro y Crédito,CMAC AREQUIPA,Apoyo y Asociados Internacionales,B+,7.0
2018 - MARZO,Caja Municipal de Ahorro y Crédito,CMAC AREQUIPA,Moodys Local PE Clasificadora de Riesgo,B+,7.0
2018 - MARZO,Caja Municipal de Ahorro y Crédito,CMAC CUSCO,Class y Asociados S.A.,B+,7.0
2018 - MARZO,Caja Municipal de Ahorro y Crédito,CMAC CUSCO,Moodys Local PE Clasificadora de Riesgo,B+,7.0
2018 - MARZO,Caja Municipal de Ahorro y Crédito,CMAC DEL SANTA,Apoyo y Asociados Internacionales,D+,1.0
2018 - MARZO,Caja Municipal de Ahorro y Crédito,CMAC DEL SANTA,Microrate,D,0.0
2018 - MARZO,Caja Municipal de Ahorro y Crédito,CMAC HUANCAYO,Class y Asociados S.A.,B+,7.0
2018 - MARZO,Caja Municipal de Ahorro y Crédito,CMAC HUANCAYO,Moodys Local PE Clasificadora de Riesgo,B+,7.0
2018 - MARZO,Caja Municipal de Ahorro y Crédito,CMAC ICA,Class y Asociados S.A.,C+,4.0
2018 - MARZO,Caja Municipal de Ahorro y Crédito,CMAC ICA,Moodys Local PE Clasificadora de Riesgo,C+,4.0
2018 - MARZO,Caja Municipal de Ahorro y Crédito,CMAC MAYNAS,Class y Asociados S.A.,C+,4.0
2018 - MARZO,Caja Municipal de Ahorro y Crédito,CMAC MAYNAS,PCR (Pacific Credit Rating),C+,4.0
2018 - MARZO,Caja Municipal de Ahorro y Crédito,CMAC PAITA,Class y Asociados S.A.,D+,1.0
2018 - MARZO,Caja Municipal de Ahorro y Crédito,CMAC PAITA,Microrate,D+,1.0
2018 - MARZO,Caja Municipal de Ahorro y Crédito,CMAC PIURA,Class y Asociados S.A.,B-,5.0
2018 - MARZO,Caja Municipal de Ahorro y Crédito,CMAC PIURA,Microrate,B-,5.0
2018 - MARZO,Caja Municipal de Ahorro y Crédito,CMAC SULLANA,Class y Asociados S.A.,B-,5.0
2018 - MARZO,Caja Municipal de Ahorro y Crédito,CMAC SULLANA,Microrate,B-,5.0
2018 - MARZO,Caja Municipal de Ahorro y Crédito,CMAC TACNA,Class y Asociados S.A.,C+,4.0
2018 - MARZO,Caja Municipal de Ahorro y Crédito,CMAC TACNA,Moodys Local PE Clasificadora de Riesgo,C+,4.0
2018 - MARZO,Caja Municipal de Ahorro y Crédito,CMAC TRUJILLO,Apoyo y Asociados Internacionales,B,6.0
2018 - MARZO,Caja Municipal de Ahorro y Crédito,CMAC TRUJILLO,Class y Asociados S.A.,B,6.0
2018 - MARZO,Caja Municipal de Ahorro y Crédito,CMAC TRUJILLO,Moodys Local PE Clasificadora de Riesgo,B-,5.0
2018 - MARZO,Caja Municipal de Ahorro y Crédito,CMCP LIMA,Apoyo y Asociados Internacionales,C,3.0
2018 - MARZO,Caja Municipal de Ahorro y Crédito,CMCP LIMA,Class y Asociados S.A.,C,3.0
2018 - MARZO,Seguros,COFACE EL,Class y Asociados S.A.,B+,7.0
2018 - MARZO,Seguros,COFACE EL,PCR (Pacific Credit Rating),A-,8.0
2018 - MARZO,Banco,COFIDE,Apoyo y Asociados Internacionales,A,9.0
2018 - MARZO,Banco,COFIDE,Moodys Local PE Clasificadora de Riesgo,A,9.0
2018 - MARZO,Banco,COMPARTAMOS BANCO,Apoyo y Asociados Internacionales,B+,7.0
2018 - MARZO,Banco,COMPARTAMOS BANCO,Class y Asociados S.A.,B+,7.0
2018 - MARZO,Caja Rural de Ahorro y Crédito,CRAC CENCOSUD SCOTIA,Apoyo y Asociados Internacionales,B+,7.0
2018 - MARZO,Caja Rural de Ahorro y Crédito,CRAC CENCOSUD SCOTIA,Moodys Local PE Clasificadora de Riesgo,B+,7.0
2018 - MARZO,Caja Rural de Ahorro y Crédito,CRAC DEL CENTRO,Class y Asociados S.A.,C,3.0
2018 - MARZO,Caja Rural de Ahorro y Crédito,CRAC DEL CENTRO,PCR (Pacific Credit Rating),C,3.0
2018 - MARZO,Caja Rural de Ahorro y Crédito,CRAC INCASUR,Apoyo y Asociados Internacionales,C,3.0
2018 - MARZO,Caja Rural de Ahorro y Crédito,CRAC INCASUR,Class y Asociados S.A.,C,3.0
2018 - MARZO,Caja Rural de Ahorro y Crédito,CRAC LOS ANDES,Class y Asociados S.A.,B-,5.0
2018 - MARZO,Caja Rural de Ahorro y Crédito,CRAC LOS ANDES,PCR (Pacific Credit Rating),B-,5.0
2018 - MARZO,Caja Rural de Ahorro y Crédito,CRAC PRYMERA,Apoyo y Asociados Internacionales,C,3.0
2018 - MARZO,Caja Rural de Ahorro y Crédito,CRAC PRYMERA,Class y Asociados S.A.,C,3.0
2018 - MARZO,Caja Rural de Ahorro y Crédito,CRAC Raíz en Liquida,Apoyo y Asociados Internacionales,B-,5.0
2018 - MARZO,Caja Rural de Ahorro y Crédito,CRAC Raíz en Liquida,PCR (Pacific Credit Rating),B,6.0
2018 - MARZO,Caja Rural de Ahorro y Crédito,CRAC SIPAN LIQUID.,Class y Asociados S.A.,D+,1.0
2018 - MARZO,Caja Rural de Ahorro y Crédito,CRAC SIPAN LIQUID.,Microrate,D+,1.0
2018 - MARZO,Seguros,Crecer Seguros,Apoyo y Asociados Internacionales,B+,7.0
2018 - MARZO,Seguros,Crecer Seguros,Class y Asociados S.A.,B+,7.0
2018 - MARZO,Seguros,Crecer Seguros,PCR (Pacific Credit Rating),A-,8.0
2018 - MARZO,Financiera,FINANC. CREDINKA,Class y Asociados S.A.,B-,5.0
2018 - MARZO,Financiera,FINANC. CREDINKA,PCR (Pacific Credit Rating),B,6.0
2018 - MARZO,Financiera,FINANC. PROEMPRESA,Apoyo y Asociados Internacionales,B-,5.0
2018 - MARZO,Financiera,FINANC. PROEMPRESA,Class y Asociados S.A.,B-,5.0
2018 - MARZO,Financiera,FINANCIERA CONFIANZA,Apoyo y Asociados Internacionales,B+,7.0
2018 - MARZO,Financiera,FINANCIERA CONFIANZA,Class y Asociados S.A.,B+,7.0
2018 - MARZO,Financiera,FINANCIERA QAPAQ,Class y Asociados S.A.,B,6.0
2018 - MARZO,Financiera,FINANCIERA QAPAQ,PCR (Pacific Credit Rating),B,6.0
2018 - MARZO,Financiera,FINANCIERA TFC EL,Class y Asociados S.A.,B-,5.0
2018 - MARZO,Financiera,FINANCIERA TFC EL,PCR (Pacific Credit Rating),B,6.0
2018 - MARZO,Fondo,FONDO MIVIVIENDA,Apoyo y Asociados Internacionales,A,9.0
2018 - MARZO,Fondo,FONDO MIVIVIENDA,Class y Asociados S.A.,A+,10.0
2018 - MARZO,Banco,ICBC PERU BANK S.A.,Apoyo y Asociados Internacionales,A,9.0
2018 - MARZO,Banco,ICBC PERU BANK S.A.,Moodys Local PE Clasificadora de Riesgo,A,9.0
2018 - MARZO,Financiera,INFINANCE XP S.A.,Apoyo y Asociados Internacionales,B+,7.0
2018 - MARZO,Financiera,INFINANCE XP S.A.,Class y Asociados S.A.,B+,7.0
2018 - MARZO,Financiera,INFINANCE XP S.A.,Moodys Local PE Clasificadora de Riesgo,B+,7.0
2018 - MARZO,Seguros,Insur,Class y Asociados S.A.,A,9.0
2018 - MARZO,Seguros,Insur,PCR (Pacific Credit Rating),A,9.0
2018 - MARZO,Banco,INTERBANK,Apoyo y Asociados Internacionales,A,9.0
2018 - MARZO,Banco,INTERBANK,Class y Asociados S.A.,A+,10.0
2018 - MARZO,Banco,INTERBANK,Moodys Local PE Clasificadora de Riesgo,A,9.0
2018 - MARZO,Seguros,Interseguro,Class y Asociados S.A.,A+,10.0
2018 - MARZO,Seguros,Interseguro,Moodys Local PE Clasificadora de Riesgo,A,9.0
2018 - MARZO,Empresa de Créditos,INVERSIONES LA CRUZ,Apoyo y Asociados Internacionales,B+,7.0
2018 - MARZO,Empresa de Créditos,INVERSIONES LA CRUZ,PCR (Pacific Credit Rating),B,6.0
2018 - MARZO,Seguros,La Positiva,Class y Asociados S.A.,A-,8.0
2018 - MARZO,Seguros,La Positiva,PCR (Pacific Credit Rating),A-,8.0
2018 - MARZO,Seguros,La Positiva Vida,Class y Asociados S.A.,A,9.0
2018 - MARZO,Seguros,La Positiva Vida,PCR (Pacific Credit Rating),A,9.0
2018 - MARZO,Seguros,Liberty Seguros,Class y Asociados S.A.,A-,8.0
2018 - MARZO,Seguros,Liberty Seguros,Moodys Local PE Clasificadora de Riesgo,A-,8.0
2018 - MARZO,Seguros,Mapfre Perú,Class y Asociados S.A.,A,9.0
2018 - MARZO,Seguros,Mapfre Perú,PCR (Pacific Credit Rating),A+,10.0
2018 - MARZO,Seguros,Mapfre Peru (Abs),Class y Asociados S.A.,A,9.0
2018 - MARZO,Seguros,Mapfre Peru (Abs),PCR (Pacific Credit Rating),A,9.0
2018 - MARZO,Banco,MIBANCO,Apoyo y Asociados Internacionales,A,9.0
2018 - MARZO,Banco,MIBANCO,Moodys Local PE Clasificadora de Riesgo,A,9.0
2018 - MARZO,Banco,NACION,Apoyo y Asociados Internacionales,A,9.0
2018 - MARZO,Banco,NACION,Moodys Local PE Clasificadora de Riesgo,A,9.0
2018 - MARZO,Seguros,Pacífico Seguros,Apoyo y Asociados Internacionales,A+,10.0
2018 - MARZO,Seguros,Pacífico Seguros,Moodys Local PE Clasificadora de Riesgo,A+,10.0
2018 - MARZO,Seguros,Protecta,Class y Asociados S.A.,A,9.0
2018 - MARZO,Seguros,Protecta,PCR (Pacific Credit Rating),A,9.0
2018 - MARZO,Seguros,Quálitas,Class y Asociados S.A.,A-,8.0
2018 - MARZO,Seguros,Quálitas,PCR (Pacific Credit Rating),A-,8.0
2018 - MARZO,Seguros,Rigel Peru EL,Apoyo y Asociados Internacionales,B+,7.0
2018 - MARZO,Seguros,Rigel Peru EL,Class y Asociados S.A.,B+,7.0
2018 - MARZO,Seguros,Rímac Seguros,Apoyo y Asociados Internacionales,A+,10.0
2018 - MARZO,Seguros,Rímac Seguros,Moodys Local PE Clasificadora de Riesgo,A+,10.0
2018 - MARZO,Banco,SANTANDER PERU,Apoyo y Asociados Internacionales,A+,10.0
2018 - MARZO,Banco,SANTANDER PERU,Moodys Local PE Clasificadora de Riesgo,A,9.0
2018 - MARZO,Banco,SANTANDER PERU,PCR (Pacific Credit Rating),A+,10.0
2018 - MARZO,Banco,SCOTIABANK PERU,Apoyo y Asociados Internacionales,A+,10.0
2018 - MARZO,Banco,SCOTIABANK PERU,Moodys Local PE Clasificadora de Riesgo,A+,10.0
2018 - MARZO,Seguros,SEGUROS SURA,Class y Asociados S.A.,A,9.0
2018 - MARZO,Seguros,SEGUROS SURA,Moodys Local PE Clasificadora de Riesgo,A,9.0
2018 - MARZO,Seguros,Vivir Seguros,Class y Asociados S.A.,A-,8.0
2018 - MARZO,Seguros,Vivir Seguros,PCR (Pacific Credit Rating),A-,8.0
2018 - SEPTIEMBRE,Empresa de Créditos,ACCESO CREDITICIO,Apoyo y Asociados Internacionales,B,6.0
2018 - SEPTIEMBRE,Banco,AGROBANCO,Apoyo y Asociados Internacionales,B,6.0
2018 - SEPTIEMBRE,Banco,ALFIN BANCO,Class y Asociados S.A.,B-,5.0
2018 - SEPTIEMBRE,Banco,ALFIN BANCO,Moodys Local PE Clasificadora de Riesgo,B-,5.0
2018 - SEPTIEMBRE,Financiera,AMERIKA FINANC. EL,Class y Asociados S.A.,B,6.0
2018 - SEPTIEMBRE,Seguros,AuguStar Seguros,Apoyo y Asociados Internacionales,A-,8.0
2018 - SEPTIEMBRE,Seguros,AuguStar Seguros,PCR (Pacific Credit Rating),A-,8.0
2018 - SEPTIEMBRE,Seguros,AVLA Perú,Class y Asociados S.A.,A-,8.0
2018 - SEPTIEMBRE,Seguros,AVLA Perú,PCR (Pacific Credit Rating),A-,8.0
2018 - SEPTIEMBRE,Banco,BANBIF,Class y Asociados S.A.,A+,10.0
2018 - SEPTIEMBRE,Banco,BANBIF,PCR (Pacific Credit Rating),A+,10.0
2018 - SEPTIEMBRE,Banco,BANCO DE CREDITO,Apoyo y Asociados Internacionales,A+,10.0
2018 - SEPTIEMBRE,Banco,BANCO DE CREDITO,Moodys Local PE Clasificadora de Riesgo,A+,10.0
2018 - SEPTIEMBRE,Banco,BANCO EFECTIVA,Apoyo y Asociados Internacionales,B+,7.0
2018 - SEPTIEMBRE,Banco,BANCO EFECTIVA,Class y Asociados S.A.,B+,7.0
2018 - SEPTIEMBRE,Banco,BANCO FALABELLA,Class y Asociados S.A.,A,9.0
2018 - SEPTIEMBRE,Banco,BANCO FALABELLA,Moodys Local PE Clasificadora de Riesgo,A-,8.0
2018 - SEPTIEMBRE,Banco,BANCO GNB,Class y Asociados S.A.,A,9.0
2018 - SEPTIEMBRE,Banco,BANCO GNB,PCR (Pacific Credit Rating),A,9.0
2018 - SEPTIEMBRE,Banco,BANCO PICHINCHA,Class y Asociados S.A.,A-,8.0
2018 - SEPTIEMBRE,Banco,BANCO PICHINCHA,PCR (Pacific Credit Rating),A,9.0
2018 - SEPTIEMBRE,Banco,BANCO RIPLEY,Class y Asociados S.A.,A-,8.0
2018 - SEPTIEMBRE,Banco,BANCO RIPLEY,Moodys Local PE Clasificadora de Riesgo,A-,8.0
2018 - SEPTIEMBRE,Banco,BANCOM,Moodys Local PE Clasificadora de Riesgo,B+,7.0
2018 - SEPTIEMBRE,Banco,BANCOM,PCR (Pacific Credit Rating),B+,7.0
2018 - SEPTIEMBRE,Banco,BBVA,Apoyo y Asociados Internacionales,A+,10.0
2018 - SEPTIEMBRE,Banco,BBVA,Moodys Local PE Clasificadora de Riesgo,A+,10.0
2018 - SEPTIEMBRE,Banco,BBVA,PCR (Pacific Credit Rating),A+,10.0
2018 - SEPTIEMBRE,Banco,BN. SANTANDER CONS.,Apoyo y Asociados Internacionales,A,9.0
2018 - SEPTIEMBRE,Banco,BN. SANTANDER CONS.,Moodys Local PE Clasificadora de Riesgo,A,9.0
2018 - SEPTIEMBRE,Seguros,BNP Paribas Cardif,Class y Asociados S.A.,A,9.0
2018 - SEPTIEMBRE,Seguros,BNP Paribas Cardif,PCR (Pacific Credit Rating),A,9.0
2018 - SEPTIEMBRE,Seguros,Cesce,Class y Asociados S.A.,A,9.0
2018 - SEPTIEMBRE,Seguros,Cesce,PCR (Pacific Credit Rating),A,9.0
2018 - SEPTIEMBRE,Seguros,Chubb Perú,Apoyo y Asociados Internacionales,A,9.0
2018 - SEPTIEMBRE,Seguros,Chubb Perú,PCR (Pacific Credit Rating),A,9.0
2018 - SEPTIEMBRE,Banco,CITIBANK DEL PERU,Apoyo y Asociados Internacionales,A+,10.0
2018 - SEPTIEMBRE,Banco,CITIBANK DEL PERU,PCR (Pacific Credit Rating),A+,10.0
2018 - SEPTIEMBRE,Caja Municipal de Ahorro y Crédito,CMAC AREQUIPA,Apoyo y Asociados Internacionales,B+,7.0
2018 - SEPTIEMBRE,Caja Municipal de Ahorro y Crédito,CMAC AREQUIPA,Moodys Local PE Clasificadora de Riesgo,B+,7.0
2018 - SEPTIEMBRE,Caja Municipal de Ahorro y Crédito,CMAC CUSCO,Apoyo y Asociados Internacionales,B+,7.0
2018 - SEPTIEMBRE,Caja Municipal de Ahorro y Crédito,CMAC CUSCO,Class y Asociados S.A.,B+,7.0
2018 - SEPTIEMBRE,Caja Municipal de Ahorro y Crédito,CMAC CUSCO,Moodys Local PE Clasificadora de Riesgo,B+,7.0
2018 - SEPTIEMBRE,Caja Municipal de Ahorro y Crédito,CMAC DEL SANTA,Apoyo y Asociados Internacionales,D+,1.0
2018 - SEPTIEMBRE,Caja Municipal de Ahorro y Crédito,CMAC DEL SANTA,Microrate,D,0.0
2018 - SEPTIEMBRE,Caja Municipal de Ahorro y Crédito,CMAC HUANCAYO,Class y Asociados S.A.,B+,7.0
2018 - SEPTIEMBRE,Caja Municipal de Ahorro y Crédito,CMAC HUANCAYO,Moodys Local PE Clasificadora de Riesgo,B+,7.0
2018 - SEPTIEMBRE,Caja Municipal de Ahorro y Crédito,CMAC ICA,Class y Asociados S.A.,B-,5.0
2018 - SEPTIEMBRE,Caja Municipal de Ahorro y Crédito,CMAC ICA,Moodys Local PE Clasificadora de Riesgo,C+,4.0
2018 - SEPTIEMBRE,Caja Municipal de Ahorro y Crédito,CMAC MAYNAS,Class y Asociados S.A.,C+,4.0
2018 - SEPTIEMBRE,Caja Municipal de Ahorro y Crédito,CMAC MAYNAS,PCR (Pacific Credit Rating),C+,4.0
2018 - SEPTIEMBRE,Caja Municipal de Ahorro y Crédito,CMAC PAITA,Class y Asociados S.A.,D+,1.0
2018 - SEPTIEMBRE,Caja Municipal de Ahorro y Crédito,CMAC PAITA,Microrate,D+,1.0
2018 - SEPTIEMBRE,Caja Municipal de Ahorro y Crédito,CMAC PIURA,Class y Asociados S.A.,B-,5.0
2018 - SEPTIEMBRE,Caja Municipal de Ahorro y Crédito,CMAC PIURA,Microrate,B,6.0
2018 - SEPTIEMBRE,Caja Municipal de Ahorro y Crédito,CMAC SULLANA,Class y Asociados S.A.,C+,4.0
2018 - SEPTIEMBRE,Caja Municipal de Ahorro y Crédito,CMAC SULLANA,Microrate,C+,4.0
2018 - SEPTIEMBRE,Caja Municipal de Ahorro y Crédito,CMAC TACNA,Class y Asociados S.A.,C+,4.0
2018 - SEPTIEMBRE,Caja Municipal de Ahorro y Crédito,CMAC TACNA,Moodys Local PE Clasificadora de Riesgo,C+,4.0
2018 - SEPTIEMBRE,Caja Municipal de Ahorro y Crédito,CMAC TRUJILLO,Apoyo y Asociados Internacionales,B,6.0
2018 - SEPTIEMBRE,Caja Municipal de Ahorro y Crédito,CMAC TRUJILLO,Class y Asociados S.A.,B,6.0
2018 - SEPTIEMBRE,Caja Municipal de Ahorro y Crédito,CMAC TRUJILLO,Moodys Local PE Clasificadora de Riesgo,B-,5.0
2018 - SEPTIEMBRE,Caja Municipal de Ahorro y Crédito,CMCP LIMA,Apoyo y Asociados Internacionales,C-,2.0
2018 - SEPTIEMBRE,Caja Municipal de Ahorro y Crédito,CMCP LIMA,Class y Asociados S.A.,C-,2.0
2018 - SEPTIEMBRE,Seguros,COFACE EL,Class y Asociados S.A.,B+,7.0
2018 - SEPTIEMBRE,Seguros,COFACE EL,PCR (Pacific Credit Rating),A-,8.0
2018 - SEPTIEMBRE,Banco,COFIDE,Apoyo y Asociados Internacionales,A,9.0
2018 - SEPTIEMBRE,Banco,COFIDE,Moodys Local PE Clasificadora de Riesgo,A,9.0
2018 - SEPTIEMBRE,Banco,COMPARTAMOS BANCO,Apoyo y Asociados Internacionales,B+,7.0
2018 - SEPTIEMBRE,Banco,COMPARTAMOS BANCO,Class y Asociados S.A.,A-,8.0
2018 - SEPTIEMBRE,Caja Rural de Ahorro y Crédito,CRAC CENCOSUD SCOTIA,Apoyo y Asociados Internacionales,B+,7.0
2018 - SEPTIEMBRE,Caja Rural de Ahorro y Crédito,CRAC CENCOSUD SCOTIA,Moodys Local PE Clasificadora de Riesgo,B+,7.0
2018 - SEPTIEMBRE,Caja Rural de Ahorro y Crédito,CRAC DEL CENTRO,Class y Asociados S.A.,C,3.0
2018 - SEPTIEMBRE,Caja Rural de Ahorro y Crédito,CRAC DEL CENTRO,PCR (Pacific Credit Rating),C,3.0
2018 - SEPTIEMBRE,Caja Rural de Ahorro y Crédito,CRAC INCASUR,Apoyo y Asociados Internacionales,C,3.0
2018 - SEPTIEMBRE,Caja Rural de Ahorro y Crédito,CRAC INCASUR,Class y Asociados S.A.,C,3.0
2018 - SEPTIEMBRE,Caja Rural de Ahorro y Crédito,CRAC LOS ANDES,Class y Asociados S.A.,B-,5.0
2018 - SEPTIEMBRE,Caja Rural de Ahorro y Crédito,CRAC LOS ANDES,PCR (Pacific Credit Rating),B-,5.0
2018 - SEPTIEMBRE,Caja Rural de Ahorro y Crédito,CRAC PRYMERA,Apoyo y Asociados Internacionales,C,3.0
2018 - SEPTIEMBRE,Caja Rural de Ahorro y Crédito,CRAC PRYMERA,Class y Asociados S.A.,C,3.0
2018 - SEPTIEMBRE,Caja Rural de Ahorro y Crédito,CRAC Raíz en Liquida,Apoyo y Asociados Internacionales,B-,5.0
2018 - SEPTIEMBRE,Caja Rural de Ahorro y Crédito,CRAC Raíz en Liquida,PCR (Pacific Credit Rating),B,6.0
2018 - SEPTIEMBRE,Caja Rural de Ahorro y Crédito,CRAC SIPAN LIQUID.,Class y Asociados S.A.,D+,1.0
2018 - SEPTIEMBRE,Caja Rural de Ahorro y Crédito,CRAC SIPAN LIQUID.,Microrate,D+,1.0
2018 - SEPTIEMBRE,Seguros,Crecer Seguros,Class y Asociados S.A.,B+,7.0
2018 - SEPTIEMBRE,Seguros,Crecer Seguros,PCR (Pacific Credit Rating),A-,8.0
2018 - SEPTIEMBRE,Financiera,FINANC. CREDINKA,Class y Asociados S.A.,B-,5.0
2018 - SEPTIEMBRE,Financiera,FINANC. CREDINKA,PCR (Pacific Credit Rating),B,6.0
2018 - SEPTIEMBRE,Financiera,FINANC. PROEMPRESA,Apoyo y Asociados Internacionales,B-,5.0
2018 - SEPTIEMBRE,Financiera,FINANC. PROEMPRESA,Class y Asociados S.A.,B-,5.0
2018 - SEPTIEMBRE,Financiera,FINANCIERA CONFIANZA,Apoyo y Asociados Internacionales,B+,7.0
2018 - SEPTIEMBRE,Financiera,FINANCIERA CONFIANZA,Class y Asociados S.A.,B+,7.0
2018 - SEPTIEMBRE,Financiera,FINANCIERA QAPAQ,Class y Asociados S.A.,B,6.0
2018 - SEPTIEMBRE,Financiera,FINANCIERA QAPAQ,PCR (Pacific Credit Rating),B,6.0
2018 - SEPTIEMBRE,Financiera,FINANCIERA TFC EL,Class y Asociados S.A.,B-,5.0
2018 - SEPTIEMBRE,Financiera,FINANCIERA TFC EL,PCR (Pacific Credit Rating),B-,5.0
2018 - SEPTIEMBRE,Fondo,FONDO MIVIVIENDA,Apoyo y Asociados Internacionales,A,9.0
2018 - SEPTIEMBRE,Fondo,FONDO MIVIVIENDA,Class y Asociados S.A.,A+,10.0
2018 - SEPTIEMBRE,Banco,ICBC PERU BANK S.A.,Moodys Local PE Clasificadora de Riesgo,A,9.0
2018 - SEPTIEMBRE,Banco,ICBC PERU BANK S.A.,PCR (Pacific Credit Rating),A,9.0
2018 - SEPTIEMBRE,Financiera,INFINANCE XP S.A.,Apoyo y Asociados Internacionales,B+,7.0
2018 - SEPTIEMBRE,Financiera,INFINANCE XP S.A.,Class y Asociados S.A.,B+,7.0
2018 - SEPTIEMBRE,Financiera,INFINANCE XP S.A.,Moodys Local PE Clasificadora de Riesgo,B+,7.0
2018 - SEPTIEMBRE,Seguros,Insur,Class y Asociados S.A.,A,9.0
2018 - SEPTIEMBRE,Seguros,Insur,PCR (Pacific Credit Rating),A,9.0
2018 - SEPTIEMBRE,Banco,INTERBANK,Apoyo y Asociados Internacionales,A,9.0
2018 - SEPTIEMBRE,Banco,INTERBANK,Class y Asociados S.A.,A+,10.0
2018 - SEPTIEMBRE,Banco,INTERBANK,Moodys Local PE Clasificadora de Riesgo,A,9.0
2018 - SEPTIEMBRE,Seguros,Interseguro,Class y Asociados S.A.,A+,10.0
2018 - SEPTIEMBRE,Seguros,Interseguro,Moodys Local PE Clasificadora de Riesgo,A,9.0
2018 - SEPTIEMBRE,Empresa de Créditos,INVERSIONES LA CRUZ,Apoyo y Asociados Internacionales,B+,7.0
2018 - SEPTIEMBRE,Empresa de Créditos,INVERSIONES LA CRUZ,PCR (Pacific Credit Rating),B,6.0
2018 - SEPTIEMBRE,Seguros,La Positiva,Class y Asociados S.A.,A-,8.0
2018 - SEPTIEMBRE,Seguros,La Positiva,PCR (Pacific Credit Rating),A-,8.0
2018 - SEPTIEMBRE,Seguros,La Positiva Vida,Class y Asociados S.A.,A,9.0
2018 - SEPTIEMBRE,Seguros,La Positiva Vida,PCR (Pacific Credit Rating),A,9.0
2018 - SEPTIEMBRE,Seguros,Liberty Seguros,Class y Asociados S.A.,A-,8.0
2018 - SEPTIEMBRE,Seguros,Liberty Seguros,Moodys Local PE Clasificadora de Riesgo,A-,8.0
2018 - SEPTIEMBRE,Seguros,Mapfre Perú,Class y Asociados S.A.,A,9.0
2018 - SEPTIEMBRE,Seguros,Mapfre Perú,PCR (Pacific Credit Rating),A+,10.0
2018 - SEPTIEMBRE,Seguros,Mapfre Peru (Abs),Class y Asociados S.A.,A,9.0
2018 - SEPTIEMBRE,Seguros,Mapfre Peru (Abs),PCR (Pacific Credit Rating),A,9.0
2018 - SEPTIEMBRE,Banco,MIBANCO,Apoyo y Asociados Internacionales,A,9.0
2018 - SEPTIEMBRE,Banco,MIBANCO,Moodys Local PE Clasificadora de Riesgo,A,9.0
2018 - SEPTIEMBRE,Banco,NACION,Apoyo y Asociados Internacionales,A,9.0
2018 - SEPTIEMBRE,Banco,NACION,Moodys Local PE Clasificadora de Riesgo,A,9.0
2018 - SEPTIEMBRE,Seguros,Pacífico Seguros,Apoyo y Asociados Internacionales,A+,10.0
2018 - SEPTIEMBRE,Seguros,Pacífico Seguros,Moodys Local PE Clasificadora de Riesgo,A+,10.0
2018 - SEPTIEMBRE,Seguros,Protecta,Class y Asociados S.A.,A,9.0
2018 - SEPTIEMBRE,Seguros,Protecta,PCR (Pacific Credit Rating),A,9.0
2018 - SEPTIEMBRE,Seguros,Quálitas,Class y Asociados S.A.,A-,8.0
2018 - SEPTIEMBRE,Seguros,Quálitas,PCR (Pacific Credit Rating),B+,7.0
2018 - SEPTIEMBRE,Seguros,Rigel Peru EL,Apoyo y Asociados Internacionales,B+,7.0
2018 - SEPTIEMBRE,Seguros,Rigel Peru EL,Class y Asociados S.A.,B+,7.0
2018 - SEPTIEMBRE,Seguros,Rímac Seguros,Apoyo y Asociados Internacionales,A+,10.0
2018 - SEPTIEMBRE,Seguros,Rímac Seguros,Moodys Local PE Clasificadora de Riesgo,A+,10.0
2018 - SEPTIEMBRE,Banco,SANTANDER PERU,Apoyo y Asociados Internacionales,A+,10.0
2018 - SEPTIEMBRE,Banco,SANTANDER PERU,Moodys Local PE Clasificadora de Riesgo,A+,10.0
2018 - SEPTIEMBRE,Banco,SANTANDER PERU,PCR (Pacific Credit Rating),A+,10.0
2018 - SEPTIEMBRE,Banco,SCOTIABANK PERU,Apoyo y Asociados Internacionales,A+,10.0
2018 - SEPTIEMBRE,Banco,SCOTIABANK PERU,Moodys Local PE Clasificadora de Riesgo,A+,10.0
2018 - SEPTIEMBRE,Seguros,Vivir Seguros,Class y Asociados S.A.,A-,8.0
2018 - SEPTIEMBRE,Seguros,Vivir Seguros,PCR (Pacific Credit Rating),A-,8.0
2019 - MARZO,Empresa de Créditos,ACCESO CREDITICIO,Apoyo y Asociados Internacionales,B,6.0
2019 - MARZO,Banco,ALFIN BANCO,Class y Asociados S.A.,B-,5.0
2019 - MARZO,Banco,ALFIN BANCO,Moodys Local PE Clasificadora de Riesgo,B-,5.0
2019 - MARZO,Financiera,AMERIKA FINANC. EL,Class y Asociados S.A.,B,6.0
2019 - MARZO,Seguros,AuguStar Seguros,Apoyo y Asociados Internacionales,A-,8.0
2019 - MARZO,Seguros,AuguStar Seguros,PCR (Pacific Credit Rating),A-,8.0
2019 - MARZO,Seguros,AVLA Perú,Class y Asociados S.A.,A-,8.0
2019 - MARZO,Seguros,AVLA Perú,PCR (Pacific Credit Rating),A-,8.0
2019 - MARZO,Banco,BANBIF,Class y Asociados S.A.,A+,10.0
2019 - MARZO,Banco,BANBIF,PCR (Pacific Credit Rating),A+,10.0
2019 - MARZO,Banco,BANCO DE CREDITO,Apoyo y Asociados Internacionales,A+,10.0
2019 - MARZO,Banco,BANCO DE CREDITO,Moodys Local PE Clasificadora de Riesgo,A+,10.0
2019 - MARZO,Banco,BANCO EFECTIVA,Apoyo y Asociados Internacionales,B+,7.0
2019 - MARZO,Banco,BANCO EFECTIVA,Class y Asociados S.A.,A-,8.0
2019 - MARZO,Banco,BANCO FALABELLA,Apoyo y Asociados Internacionales,A-,8.0
2019 - MARZO,Banco,BANCO FALABELLA,Class y Asociados S.A.,A,9.0
2019 - MARZO,Banco,BANCO FALABELLA,Moodys Local PE Clasificadora de Riesgo,A-,8.0
2019 - MARZO,Banco,BANCO GNB,Class y Asociados S.A.,A,9.0
2019 - MARZO,Banco,BANCO GNB,PCR (Pacific Credit Rating),A,9.0
2019 - MARZO,Banco,BANCO PICHINCHA,Class y Asociados S.A.,A-,8.0
2019 - MARZO,Banco,BANCO PICHINCHA,PCR (Pacific Credit Rating),A,9.0
2019 - MARZO,Banco,BANCO RIPLEY,Class y Asociados S.A.,A-,8.0
2019 - MARZO,Banco,BANCO RIPLEY,Moodys Local PE Clasificadora de Riesgo,A-,8.0
2019 - MARZO,Banco,BANCOM,Moodys Local PE Clasificadora de Riesgo,B+,7.0
2019 - MARZO,Banco,BANCOM,PCR (Pacific Credit Rating),B+,7.0
2019 - MARZO,Banco,BBVA,Apoyo y Asociados Internacionales,A+,10.0
2019 - MARZO,Banco,BBVA,Moodys Local PE Clasificadora de Riesgo,A+,10.0
2019 - MARZO,Banco,BBVA,PCR (Pacific Credit Rating),A+,10.0
2019 - MARZO,Banco,BN. SANTANDER CONS.,Apoyo y Asociados Internacionales,A,9.0
2019 - MARZO,Banco,BN. SANTANDER CONS.,Moodys Local PE Clasificadora de Riesgo,A,9.0
2019 - MARZO,Seguros,BNP Paribas Cardif,Class y Asociados S.A.,A,9.0
2019 - MARZO,Seguros,BNP Paribas Cardif,PCR (Pacific Credit Rating),A,9.0
2019 - MARZO,Seguros,Cesce,Class y Asociados S.A.,A,9.0
2019 - MARZO,Seguros,Cesce,PCR (Pacific Credit Rating),A,9.0
2019 - MARZO,Seguros,Chubb Perú,Apoyo y Asociados Internacionales,A,9.0
2019 - MARZO,Seguros,Chubb Perú,PCR (Pacific Credit Rating),A,9.0
2019 - MARZO,Banco,CITIBANK DEL PERU,Apoyo y Asociados Internacionales,A+,10.0
2019 - MARZO,Banco,CITIBANK DEL PERU,PCR (Pacific Credit Rating),A+,10.0
2019 - MARZO,Caja Municipal de Ahorro y Crédito,CMAC AREQUIPA,Apoyo y Asociados Internacionales,B+,7.0
2019 - MARZO,Caja Municipal de Ahorro y Crédito,CMAC AREQUIPA,Moodys Local PE Clasificadora de Riesgo,B+,7.0
2019 - MARZO,Caja Municipal de Ahorro y Crédito,CMAC CUSCO,Apoyo y Asociados Internacionales,B+,7.0
2019 - MARZO,Caja Municipal de Ahorro y Crédito,CMAC CUSCO,Class y Asociados S.A.,B+,7.0
2019 - MARZO,Caja Municipal de Ahorro y Crédito,CMAC CUSCO,Moodys Local PE Clasificadora de Riesgo,B+,7.0
2019 - MARZO,Caja Municipal de Ahorro y Crédito,CMAC DEL SANTA,Apoyo y Asociados Internacionales,D+,1.0
2019 - MARZO,Caja Municipal de Ahorro y Crédito,CMAC DEL SANTA,Microrate,D,0.0
2019 - MARZO,Caja Municipal de Ahorro y Crédito,CMAC HUANCAYO,Class y Asociados S.A.,B+,7.0
2019 - MARZO,Caja Municipal de Ahorro y Crédito,CMAC HUANCAYO,Moodys Local PE Clasificadora de Riesgo,B+,7.0
2019 - MARZO,Caja Municipal de Ahorro y Crédito,CMAC ICA,Apoyo y Asociados Internacionales,B-,5.0
2019 - MARZO,Caja Municipal de Ahorro y Crédito,CMAC ICA,Class y Asociados S.A.,B-,5.0
2019 - MARZO,Caja Municipal de Ahorro y Crédito,CMAC ICA,Moodys Local PE Clasificadora de Riesgo,B-,5.0
2019 - MARZO,Caja Municipal de Ahorro y Crédito,CMAC MAYNAS,Apoyo y Asociados Internacionales,C+,4.0
2019 - MARZO,Caja Municipal de Ahorro y Crédito,CMAC MAYNAS,Class y Asociados S.A.,C+,4.0
2019 - MARZO,Caja Municipal de Ahorro y Crédito,CMAC PAITA,Class y Asociados S.A.,D+,1.0
2019 - MARZO,Caja Municipal de Ahorro y Crédito,CMAC PAITA,Microrate,D+,1.0
2019 - MARZO,Caja Municipal de Ahorro y Crédito,CMAC PIURA,Class y Asociados S.A.,B,6.0
2019 - MARZO,Caja Municipal de Ahorro y Crédito,CMAC PIURA,Microrate,B,6.0
2019 - MARZO,Caja Municipal de Ahorro y Crédito,CMAC SULLANA,Class y Asociados S.A.,C+,4.0
2019 - MARZO,Caja Municipal de Ahorro y Crédito,CMAC SULLANA,Microrate,C+,4.0
2019 - MARZO,Caja Municipal de Ahorro y Crédito,CMAC TACNA,Class y Asociados S.A.,C+,4.0
2019 - MARZO,Caja Municipal de Ahorro y Crédito,CMAC TACNA,Moodys Local PE Clasificadora de Riesgo,C+,4.0
2019 - MARZO,Caja Municipal de Ahorro y Crédito,CMAC TRUJILLO,Apoyo y Asociados Internacionales,B,6.0
2019 - MARZO,Caja Municipal de Ahorro y Crédito,CMAC TRUJILLO,Class y Asociados S.A.,B,6.0
2019 - MARZO,Caja Municipal de Ahorro y Crédito,CMAC TRUJILLO,Moodys Local PE Clasificadora de Riesgo,B,6.0
2019 - MARZO,Caja Municipal de Ahorro y Crédito,CMCP LIMA,Apoyo y Asociados Internacionales,C-,2.0
2019 - MARZO,Caja Municipal de Ahorro y Crédito,CMCP LIMA,Class y Asociados S.A.,C-,2.0
2019 - MARZO,Seguros,COFACE EL,Class y Asociados S.A.,B+,7.0
2019 - MARZO,Seguros,COFACE EL,PCR (Pacific Credit Rating),B+,7.0
2019 - MARZO,Banco,COFIDE,Class y Asociados S.A.,A,9.0
2019 - MARZO,Banco,COFIDE,Moodys Local PE Clasificadora de Riesgo,A,9.0
2019 - MARZO,Banco,COMPARTAMOS BANCO,Apoyo y Asociados Internacionales,A-,8.0
2019 - MARZO,Banco,COMPARTAMOS BANCO,Class y Asociados S.A.,A-,8.0
2019 - MARZO,Caja Rural de Ahorro y Crédito,CRAC CENCOSUD SCOTIA,Apoyo y Asociados Internacionales,A-,8.0
2019 - MARZO,Caja Rural de Ahorro y Crédito,CRAC CENCOSUD SCOTIA,Moodys Local PE Clasificadora de Riesgo,A-,8.0
2019 - MARZO,Caja Rural de Ahorro y Crédito,CRAC DEL CENTRO,Class y Asociados S.A.,C,3.0
2019 - MARZO,Caja Rural de Ahorro y Crédito,CRAC DEL CENTRO,PCR (Pacific Credit Rating),C,3.0
2019 - MARZO,Caja Rural de Ahorro y Crédito,CRAC INCASUR,Apoyo y Asociados Internacionales,C,3.0
2019 - MARZO,Caja Rural de Ahorro y Crédito,CRAC INCASUR,Class y Asociados S.A.,C,3.0
2019 - MARZO,Caja Rural de Ahorro y Crédito,CRAC LOS ANDES,Class y Asociados S.A.,B-,5.0
2019 - MARZO,Caja Rural de Ahorro y Crédito,CRAC LOS ANDES,PCR (Pacific Credit Rating),B-,5.0
2019 - MARZO,Caja Rural de Ahorro y Crédito,CRAC PRYMERA,Apoyo y Asociados Internacionales,C,3.0
2019 - MARZO,Caja Rural de Ahorro y Crédito,CRAC PRYMERA,Class y Asociados S.A.,C,3.0
2019 - MARZO,Caja Rural de Ahorro y Crédito,CRAC Raíz en Liquida,Apoyo y Asociados Internacionales,B-,5.0
2019 - MARZO,Caja Rural de Ahorro y Crédito,CRAC Raíz en Liquida,PCR (Pacific Credit Rating),B,6.0
2019 - MARZO,Caja Rural de Ahorro y Crédito,CRAC SIPAN LIQUID.,Class y Asociados S.A.,D,0.0
2019 - MARZO,Caja Rural de Ahorro y Crédito,CRAC SIPAN LIQUID.,Microrate,D+,1.0
2019 - MARZO,Seguros,Crecer Seguros,Class y Asociados S.A.,A-,8.0
2019 - MARZO,Seguros,Crecer Seguros,PCR (Pacific Credit Rating),A-,8.0
2019 - MARZO,Financiera,FINANC. CREDINKA,Class y Asociados S.A.,B-,5.0
2019 - MARZO,Financiera,FINANC. CREDINKA,PCR (Pacific Credit Rating),B,6.0
2019 - MARZO,Financiera,FINANC. PROEMPRESA,Apoyo y Asociados Internacionales,B-,5.0
2019 - MARZO,Financiera,FINANC. PROEMPRESA,Class y Asociados S.A.,B-,5.0
2019 - MARZO,Financiera,FINANCIERA CONFIANZA,Apoyo y Asociados Internacionales,B+,7.0
2019 - MARZO,Financiera,FINANCIERA CONFIANZA,Class y Asociados S.A.,B+,7.0
2019 - MARZO,Financiera,FINANCIERA QAPAQ,Class y Asociados S.A.,B,6.0
2019 - MARZO,Financiera,FINANCIERA QAPAQ,PCR (Pacific Credit Rating),B-,5.0
2019 - MARZO,Financiera,FINANCIERA TFC EL,Class y Asociados S.A.,B-,5.0
2019 - MARZO,Financiera,FINANCIERA TFC EL,PCR (Pacific Credit Rating),B-,5.0
2019 - MARZO,Fondo,FONDO MIVIVIENDA,Class y Asociados S.A.,A+,10.0
2019 - MARZO,Fondo,FONDO MIVIVIENDA,Moodys Local PE Clasificadora de Riesgo,A,9.0
2019 - MARZO,Banco,ICBC PERU BANK S.A.,Moodys Local PE Clasificadora de Riesgo,A,9.0
2019 - MARZO,Banco,ICBC PERU BANK S.A.,PCR (Pacific Credit Rating),A,9.0
2019 - MARZO,Financiera,INFINANCE XP S.A.,Apoyo y Asociados Internacionales,B+,7.0
2019 - MARZO,Financiera,INFINANCE XP S.A.,Class y Asociados S.A.,A-,8.0
2019 - MARZO,Financiera,INFINANCE XP S.A.,Moodys Local PE Clasificadora de Riesgo,B+,7.0
2019 - MARZO,Seguros,Insur,Class y Asociados S.A.,A,9.0
2019 - MARZO,Seguros,Insur,PCR (Pacific Credit Rating),A,9.0
2019 - MARZO,Banco,INTERBANK,Apoyo y Asociados Internacionales,A,9.0
2019 - MARZO,Banco,INTERBANK,Class y Asociados S.A.,A+,10.0
2019 - MARZO,Banco,INTERBANK,Moodys Local PE Clasificadora de Riesgo,A,9.0
2019 - MARZO,Seguros,Interseguro,Class y Asociados S.A.,A+,10.0
2019 - MARZO,Seguros,Interseguro,Moodys Local PE Clasificadora de Riesgo,A+,10.0
2019 - MARZO,Empresa de Créditos,INVERSIONES LA CRUZ,Apoyo y Asociados Internacionales,B+,7.0
2019 - MARZO,Empresa de Créditos,INVERSIONES LA CRUZ,PCR (Pacific Credit Rating),B,6.0
2019 - MARZO,Seguros,La Positiva,Class y Asociados S.A.,A-,8.0
2019 - MARZO,Seguros,La Positiva,PCR (Pacific Credit Rating),A-,8.0
2019 - MARZO,Seguros,La Positiva Vida,Class y Asociados S.A.,A,9.0
2019 - MARZO,Seguros,La Positiva Vida,PCR (Pacific Credit Rating),A,9.0
2019 - MARZO,Seguros,Liberty Seguros,Class y Asociados S.A.,A-,8.0
2019 - MARZO,Seguros,Liberty Seguros,Moodys Local PE Clasificadora de Riesgo,A-,8.0
2019 - MARZO,Seguros,Mapfre Perú,Class y Asociados S.A.,A,9.0
2019 - MARZO,Seguros,Mapfre Perú,PCR (Pacific Credit Rating),A+,10.0
2019 - MARZO,Seguros,Mapfre Peru (Abs),Class y Asociados S.A.,A,9.0
2019 - MARZO,Seguros,Mapfre Peru (Abs),PCR (Pacific Credit Rating),A,9.0
2019 - MARZO,Banco,MIBANCO,Apoyo y Asociados Internacionales,A,9.0
2019 - MARZO,Banco,MIBANCO,Moodys Local PE Clasificadora de Riesgo,A,9.0
2019 - MARZO,Banco,NACION,Apoyo y Asociados Internacionales,A,9.0
2019 - MARZO,Banco,NACION,Moodys Local PE Clasificadora de Riesgo,A,9.0
2019 - MARZO,Seguros,Pacífico Seguros,Apoyo y Asociados Internacionales,A+,10.0
2019 - MARZO,Seguros,Pacífico Seguros,Moodys Local PE Clasificadora de Riesgo,A+,10.0
2019 - MARZO,Seguros,Protecta,Class y Asociados S.A.,A,9.0
2019 - MARZO,Seguros,Protecta,PCR (Pacific Credit Rating),A,9.0
2019 - MARZO,Seguros,Quálitas,Class y Asociados S.A.,A-,8.0
2019 - MARZO,Seguros,Quálitas,PCR (Pacific Credit Rating),B+,7.0
2019 - MARZO,Seguros,Rigel Peru EL,Apoyo y Asociados Internacionales,B+,7.0
2019 - MARZO,Seguros,Rigel Peru EL,Class y Asociados S.A.,B+,7.0
2019 - MARZO,Seguros,Rímac Seguros,Apoyo y Asociados Internacionales,A+,10.0
2019 - MARZO,Seguros,Rímac Seguros,Moodys Local PE Clasificadora de Riesgo,A+,10.0
2019 - MARZO,Banco,SANTANDER PERU,Apoyo y Asociados Internacionales,A+,10.0
2019 - MARZO,Banco,SANTANDER PERU,Moodys Local PE Clasificadora de Riesgo,A+,10.0
2019 - MARZO,Banco,SANTANDER PERU,PCR (Pacific Credit Rating),A+,10.0
2019 - MARZO,Banco,SCOTIABANK PERU,Apoyo y Asociados Internacionales,A+,10.0
2019 - MARZO,Banco,SCOTIABANK PERU,Moodys Local PE Clasificadora de Riesgo,A+,10.0
2019 - MARZO,Seguros,Vivir Seguros,Class y Asociados S.A.,A-,8.0
2019 - MARZO,Seguros,Vivir Seguros,JCR Latino America,A-,8.0
2019 - SEPTIEMBRE,Empresa de Créditos,ACCESO CREDITICIO,Apoyo y Asociados Internacionales,B,6.0
2019 - SEPTIEMBRE,Banco,AGROBANCO,Apoyo y Asociados Internacionales,B,6.0
2019 - SEPTIEMBRE,Banco,ALFIN BANCO,Class y Asociados S.A.,B-,5.0
2019 - SEPTIEMBRE,Banco,ALFIN BANCO,Moodys Local PE Clasificadora de Riesgo,B-,5.0
2019 - SEPTIEMBRE,Financiera,AMERIKA FINANC. EL,Class y Asociados S.A.,B,6.0
2019 - SEPTIEMBRE,Seguros,AuguStar Seguros,Apoyo y Asociados Internacionales,A-,8.0
2019 - SEPTIEMBRE,Seguros,AuguStar Seguros,PCR (Pacific Credit Rating),A-,8.0
2019 - SEPTIEMBRE,Seguros,AVLA Perú,Class y Asociados S.A.,A-,8.0
2019 - SEPTIEMBRE,Seguros,AVLA Perú,PCR (Pacific Credit Rating),A-,8.0
2019 - SEPTIEMBRE,Banco,BANBIF,Class y Asociados S.A.,A+,10.0
2019 - SEPTIEMBRE,Banco,BANBIF,PCR (Pacific Credit Rating),A+,10.0
2019 - SEPTIEMBRE,Banco,BANCO DE CREDITO,Apoyo y Asociados Internacionales,A+,10.0
2019 - SEPTIEMBRE,Banco,BANCO DE CREDITO,Moodys Local PE Clasificadora de Riesgo,A+,10.0
2019 - SEPTIEMBRE,Banco,BANCO EFECTIVA,Class y Asociados S.A.,A-,8.0
2019 - SEPTIEMBRE,Banco,BANCO EFECTIVA,PCR (Pacific Credit Rating),A-,8.0
2019 - SEPTIEMBRE,Banco,BANCO FALABELLA,Apoyo y Asociados Internacionales,A-,8.0
2019 - SEPTIEMBRE,Banco,BANCO FALABELLA,Class y Asociados S.A.,A,9.0
2019 - SEPTIEMBRE,Banco,BANCO FALABELLA,Moodys Local PE Clasificadora de Riesgo,A-,8.0
2019 - SEPTIEMBRE,Banco,BANCO GNB,Class y Asociados S.A.,A,9.0
2019 - SEPTIEMBRE,Banco,BANCO GNB,PCR (Pacific Credit Rating),A,9.0
2019 - SEPTIEMBRE,Banco,BANCO PICHINCHA,Class y Asociados S.A.,A-,8.0
2019 - SEPTIEMBRE,Banco,BANCO PICHINCHA,PCR (Pacific Credit Rating),A,9.0
2019 - SEPTIEMBRE,Banco,BANCO RIPLEY,Class y Asociados S.A.,A-,8.0
2019 - SEPTIEMBRE,Banco,BANCO RIPLEY,Moodys Local PE Clasificadora de Riesgo,A-,8.0
2019 - SEPTIEMBRE,Banco,BANCOM,Moodys Local PE Clasificadora de Riesgo,B+,7.0
2019 - SEPTIEMBRE,Banco,BANCOM,PCR (Pacific Credit Rating),B+,7.0
2019 - SEPTIEMBRE,Banco,BBVA,Apoyo y Asociados Internacionales,A+,10.0
2019 - SEPTIEMBRE,Banco,BBVA,Moodys Local PE Clasificadora de Riesgo,A+,10.0
2019 - SEPTIEMBRE,Banco,BBVA,PCR (Pacific Credit Rating),A+,10.0
2019 - SEPTIEMBRE,Banco,BN. SANTANDER CONS.,Apoyo y Asociados Internacionales,A,9.0
2019 - SEPTIEMBRE,Banco,BN. SANTANDER CONS.,Moodys Local PE Clasificadora de Riesgo,A,9.0
2019 - SEPTIEMBRE,Seguros,BNP Paribas Cardif,Class y Asociados S.A.,A,9.0
2019 - SEPTIEMBRE,Seguros,BNP Paribas Cardif,PCR (Pacific Credit Rating),A,9.0
2019 - SEPTIEMBRE,Seguros,Cesce,Class y Asociados S.A.,A,9.0
2019 - SEPTIEMBRE,Seguros,Cesce,PCR (Pacific Credit Rating),A,9.0
2019 - SEPTIEMBRE,Seguros,Chubb Perú,Moodys Local PE Clasificadora de Riesgo,A,9.0
2019 - SEPTIEMBRE,Seguros,Chubb Perú,PCR (Pacific Credit Rating),A,9.0
2019 - SEPTIEMBRE,Banco,CITIBANK DEL PERU,Apoyo y Asociados Internacionales,A+,10.0
2019 - SEPTIEMBRE,Banco,CITIBANK DEL PERU,PCR (Pacific Credit Rating),A+,10.0
2019 - SEPTIEMBRE,Caja Municipal de Ahorro y Crédito,CMAC AREQUIPA,Apoyo y Asociados Internacionales,B+,7.0
2019 - SEPTIEMBRE,Caja Municipal de Ahorro y Crédito,CMAC AREQUIPA,Moodys Local PE Clasificadora de Riesgo,B+,7.0
2019 - SEPTIEMBRE,Caja Municipal de Ahorro y Crédito,CMAC CUSCO,Apoyo y Asociados Internacionales,B+,7.0
2019 - SEPTIEMBRE,Caja Municipal de Ahorro y Crédito,CMAC CUSCO,Class y Asociados S.A.,B+,7.0
2019 - SEPTIEMBRE,Caja Municipal de Ahorro y Crédito,CMAC CUSCO,Moodys Local PE Clasificadora de Riesgo,B+,7.0
2019 - SEPTIEMBRE,Caja Municipal de Ahorro y Crédito,CMAC DEL SANTA,Apoyo y Asociados Internacionales,D+,1.0
2019 - SEPTIEMBRE,Caja Municipal de Ahorro y Crédito,CMAC DEL SANTA,Microrate,D,0.0
2019 - SEPTIEMBRE,Caja Municipal de Ahorro y Crédito,CMAC HUANCAYO,Class y Asociados S.A.,B+,7.0
2019 - SEPTIEMBRE,Caja Municipal de Ahorro y Crédito,CMAC HUANCAYO,Moodys Local PE Clasificadora de Riesgo,B+,7.0
2019 - SEPTIEMBRE,Caja Municipal de Ahorro y Crédito,CMAC ICA,Apoyo y Asociados Internacionales,B-,5.0
2019 - SEPTIEMBRE,Caja Municipal de Ahorro y Crédito,CMAC ICA,Class y Asociados S.A.,B-,5.0
2019 - SEPTIEMBRE,Caja Municipal de Ahorro y Crédito,CMAC ICA,Moodys Local PE Clasificadora de Riesgo,B-,5.0
2019 - SEPTIEMBRE,Caja Municipal de Ahorro y Crédito,CMAC MAYNAS,Apoyo y Asociados Internacionales,C+,4.0
2019 - SEPTIEMBRE,Caja Municipal de Ahorro y Crédito,CMAC MAYNAS,Class y Asociados S.A.,C+,4.0
2019 - SEPTIEMBRE,Caja Municipal de Ahorro y Crédito,CMAC PAITA,Class y Asociados S.A.,D+,1.0
2019 - SEPTIEMBRE,Caja Municipal de Ahorro y Crédito,CMAC PAITA,Microrate,D+,1.0
2019 - SEPTIEMBRE,Caja Municipal de Ahorro y Crédito,CMAC PIURA,Class y Asociados S.A.,B,6.0
2019 - SEPTIEMBRE,Caja Municipal de Ahorro y Crédito,CMAC PIURA,Microrate,B,6.0
2019 - SEPTIEMBRE,Caja Municipal de Ahorro y Crédito,CMAC SULLANA,Class y Asociados S.A.,C+,4.0
2019 - SEPTIEMBRE,Caja Municipal de Ahorro y Crédito,CMAC SULLANA,Microrate,C+,4.0
2019 - SEPTIEMBRE,Caja Municipal de Ahorro y Crédito,CMAC TACNA,Class y Asociados S.A.,C+,4.0
2019 - SEPTIEMBRE,Caja Municipal de Ahorro y Crédito,CMAC TACNA,Moodys Local PE Clasificadora de Riesgo,C,3.0
2019 - SEPTIEMBRE,Caja Municipal de Ahorro y Crédito,CMAC TRUJILLO,Apoyo y Asociados Internacionales,B,6.0
2019 - SEPTIEMBRE,Caja Municipal de Ahorro y Crédito,CMAC TRUJILLO,Moodys Local PE Clasificadora de Riesgo,B,6.0
2019 - SEPTIEMBRE,Caja Municipal de Ahorro y Crédito,CMCP LIMA,Apoyo y Asociados Internacionales,C-,2.0
2019 - SEPTIEMBRE,Caja Municipal de Ahorro y Crédito,CMCP LIMA,Class y Asociados S.A.,C-,2.0
2019 - SEPTIEMBRE,Seguros,COFACE EL,Class y Asociados S.A.,B+,7.0
2019 - SEPTIEMBRE,Seguros,COFACE EL,PCR (Pacific Credit Rating),B+,7.0
2019 - SEPTIEMBRE,Banco,COFIDE,Class y Asociados S.A.,A,9.0
2019 - SEPTIEMBRE,Banco,COFIDE,Moodys Local PE Clasificadora de Riesgo,A,9.0
2019 - SEPTIEMBRE,Banco,COMPARTAMOS BANCO,Apoyo y Asociados Internacionales,A-,8.0
2019 - SEPTIEMBRE,Banco,COMPARTAMOS BANCO,Class y Asociados S.A.,A-,8.0
2019 - SEPTIEMBRE,Caja Rural de Ahorro y Crédito,CRAC CENCOSUD SCOTIA,Apoyo y Asociados Internacionales,A-,8.0
2019 - SEPTIEMBRE,Caja Rural de Ahorro y Crédito,CRAC CENCOSUD SCOTIA,Moodys Local PE Clasificadora de Riesgo,A-,8.0
2019 - SEPTIEMBRE,Caja Rural de Ahorro y Crédito,CRAC DEL CENTRO,Class y Asociados S.A.,C,3.0
2019 - SEPTIEMBRE,Caja Rural de Ahorro y Crédito,CRAC DEL CENTRO,PCR (Pacific Credit Rating),C,3.0
2019 - SEPTIEMBRE,Caja Rural de Ahorro y Crédito,CRAC INCASUR,Apoyo y Asociados Internacionales,C,3.0
2019 - SEPTIEMBRE,Caja Rural de Ahorro y Crédito,CRAC INCASUR,Class y Asociados S.A.,C,3.0
2019 - SEPTIEMBRE,Caja Rural de Ahorro y Crédito,CRAC LOS ANDES,Class y Asociados S.A.,B-,5.0
2019 - SEPTIEMBRE,Caja Rural de Ahorro y Crédito,CRAC LOS ANDES,PCR (Pacific Credit Rating),B-,5.0
2019 - SEPTIEMBRE,Caja Rural de Ahorro y Crédito,CRAC PRYMERA,Apoyo y Asociados Internacionales,C,3.0
2019 - SEPTIEMBRE,Caja Rural de Ahorro y Crédito,CRAC PRYMERA,Class y Asociados S.A.,C,3.0
2019 - SEPTIEMBRE,Caja Rural de Ahorro y Crédito,CRAC Raíz en Liquida,Apoyo y Asociados Internacionales,B-,5.0
2019 - SEPTIEMBRE,Caja Rural de Ahorro y Crédito,CRAC Raíz en Liquida,PCR (Pacific Credit Rating),B,6.0
2019 - SEPTIEMBRE,Caja Rural de Ahorro y Crédito,CRAC SIPAN LIQUID.,Class y Asociados S.A.,D,0.0
2019 - SEPTIEMBRE,Caja Rural de Ahorro y Crédito,CRAC SIPAN LIQUID.,JCR Latino America,D,0.0
2019 - SEPTIEMBRE,Seguros,Crecer Seguros,Class y Asociados S.A.,A-,8.0
2019 - SEPTIEMBRE,Seguros,Crecer Seguros,PCR (Pacific Credit Rating),A-,8.0
2019 - SEPTIEMBRE,Financiera,FINANC. CREDINKA,Class y Asociados S.A.,B-,5.0
2019 - SEPTIEMBRE,Financiera,FINANC. CREDINKA,PCR (Pacific Credit Rating),B,6.0
2019 - SEPTIEMBRE,Financiera,FINANC. PROEMPRESA,Apoyo y Asociados Internacionales,B-,5.0
2019 - SEPTIEMBRE,Financiera,FINANC. PROEMPRESA,Class y Asociados S.A.,B-,5.0
2019 - SEPTIEMBRE,Financiera,FINANCIERA CONFIANZA,Apoyo y Asociados Internacionales,B+,7.0
2019 - SEPTIEMBRE,Financiera,FINANCIERA CONFIANZA,Class y Asociados S.A.,B+,7.0
2019 - SEPTIEMBRE,Financiera,FINANCIERA QAPAQ,Class y Asociados S.A.,B-,5.0
2019 - SEPTIEMBRE,Financiera,FINANCIERA QAPAQ,PCR (Pacific Credit Rating),B-,5.0
2019 - SEPTIEMBRE,Fondo,FONDO MIVIVIENDA,Class y Asociados S.A.,A+,10.0
2019 - SEPTIEMBRE,Fondo,FONDO MIVIVIENDA,Moodys Local PE Clasificadora de Riesgo,A,9.0
2019 - SEPTIEMBRE,Banco,ICBC PERU BANK S.A.,Moodys Local PE Clasificadora de Riesgo,A,9.0
2019 - SEPTIEMBRE,Banco,ICBC PERU BANK S.A.,PCR (Pacific Credit Rating),A,9.0
2019 - SEPTIEMBRE,Financiera,INFINANCE XP S.A.,Apoyo y Asociados Internacionales,B+,7.0
2019 - SEPTIEMBRE,Financiera,INFINANCE XP S.A.,Class y Asociados S.A.,A-,8.0
2019 - SEPTIEMBRE,Financiera,INFINANCE XP S.A.,Moodys Local PE Clasificadora de Riesgo,B+,7.0
2019 - SEPTIEMBRE,Seguros,Insur,Class y Asociados S.A.,A,9.0
2019 - SEPTIEMBRE,Seguros,Insur,PCR (Pacific Credit Rating),A,9.0
2019 - SEPTIEMBRE,Banco,INTERBANK,Apoyo y Asociados Internacionales,A,9.0
2019 - SEPTIEMBRE,Banco,INTERBANK,Class y Asociados S.A.,A+,10.0
2019 - SEPTIEMBRE,Banco,INTERBANK,Moodys Local PE Clasificadora de Riesgo,A+,10.0
2019 - SEPTIEMBRE,Seguros,Interseguro,Class y Asociados S.A.,A+,10.0
2019 - SEPTIEMBRE,Seguros,Interseguro,Moodys Local PE Clasificadora de Riesgo,A+,10.0
2019 - SEPTIEMBRE,Empresa de Créditos,INVERSIONES LA CRUZ,Apoyo y Asociados Internacionales,B+,7.0
2019 - SEPTIEMBRE,Empresa de Créditos,INVERSIONES LA CRUZ,PCR (Pacific Credit Rating),B,6.0
2019 - SEPTIEMBRE,Seguros,La Positiva,Class y Asociados S.A.,A-,8.0
2019 - SEPTIEMBRE,Seguros,La Positiva,PCR (Pacific Credit Rating),A-,8.0
2019 - SEPTIEMBRE,Seguros,La Positiva Vida,Class y Asociados S.A.,A,9.0
2019 - SEPTIEMBRE,Seguros,La Positiva Vida,PCR (Pacific Credit Rating),A,9.0
2019 - SEPTIEMBRE,Seguros,Liberty Seguros,Class y Asociados S.A.,A-,8.0
2019 - SEPTIEMBRE,Seguros,Liberty Seguros,Moodys Local PE Clasificadora de Riesgo,A-,8.0
2019 - SEPTIEMBRE,Seguros,Mapfre Perú,Class y Asociados S.A.,A,9.0
2019 - SEPTIEMBRE,Seguros,Mapfre Perú,PCR (Pacific Credit Rating),A+,10.0
2019 - SEPTIEMBRE,Seguros,Mapfre Peru (Abs),Class y Asociados S.A.,A,9.0
2019 - SEPTIEMBRE,Seguros,Mapfre Peru (Abs),PCR (Pacific Credit Rating),A,9.0
2019 - SEPTIEMBRE,Banco,MIBANCO,Apoyo y Asociados Internacionales,A,9.0
2019 - SEPTIEMBRE,Banco,MIBANCO,Moodys Local PE Clasificadora de Riesgo,A,9.0
2019 - SEPTIEMBRE,Banco,NACION,Apoyo y Asociados Internacionales,A,9.0
2019 - SEPTIEMBRE,Banco,NACION,Moodys Local PE Clasificadora de Riesgo,A,9.0
2019 - SEPTIEMBRE,Seguros,Pacífico Seguros,Apoyo y Asociados Internacionales,A+,10.0
2019 - SEPTIEMBRE,Seguros,Pacífico Seguros,Moodys Local PE Clasificadora de Riesgo,A+,10.0
2019 - SEPTIEMBRE,Seguros,Protecta,Class y Asociados S.A.,A,9.0
2019 - SEPTIEMBRE,Seguros,Protecta,PCR (Pacific Credit Rating),A,9.0
2019 - SEPTIEMBRE,Seguros,Quálitas,Class y Asociados S.A.,A-,8.0
2019 - SEPTIEMBRE,Seguros,Quálitas,PCR (Pacific Credit Rating),B+,7.0
2019 - SEPTIEMBRE,Seguros,Rigel Peru EL,Apoyo y Asociados Internacionales,B+,7.0
2019 - SEPTIEMBRE,Seguros,Rigel Peru EL,Class y Asociados S.A.,B+,7.0
2019 - SEPTIEMBRE,Seguros,Rímac Seguros,Apoyo y Asociados Internacionales,A+,10.0
2019 - SEPTIEMBRE,Seguros,Rímac Seguros,Moodys Local PE Clasificadora de Riesgo,A+,10.0
2019 - SEPTIEMBRE,Banco,SANTANDER PERU,Apoyo y Asociados Internacionales,A+,10.0
2019 - SEPTIEMBRE,Banco,SANTANDER PERU,Moodys Local PE Clasificadora de Riesgo,A+,10.0
2019 - SEPTIEMBRE,Banco,SANTANDER PERU,PCR (Pacific Credit Rating),A+,10.0
2019 - SEPTIEMBRE,Banco,SCOTIABANK PERU,Apoyo y Asociados Internacionales,A+,10.0
2019 - SEPTIEMBRE,Banco,SCOTIABANK PERU,Moodys Local PE Clasificadora de Riesgo,A+,10.0
2019 - SEPTIEMBRE,Seguros,Vivir Seguros,Class y Asociados S.A.,A-,8.0
2019 - SEPTIEMBRE,Seguros,Vivir Seguros,JCR Latino America,A-,8.0
2020 - MARZO,Banco,AGROBANCO,Apoyo y Asociados Internacionales,B,6.0
2020 - MARZO,Banco,ALFIN BANCO,Class y Asociados S.A.,B-,5.0
2020 - MARZO,Banco,ALFIN BANCO,Moodys Local PE Clasificadora de Riesgo,B-,5.0
2020 - MARZO,Financiera,AMERIKA FINANC. EL,Class y Asociados S.A.,B-,5.0
2020 - MARZO,Seguros,AuguStar Seguros,Apoyo y Asociados Internacionales,A-,8.0
2020 - MARZO,Seguros,AuguStar Seguros,PCR (Pacific Credit Rating),A-,8.0
2020 - MARZO,Seguros,AVLA Perú,Class y Asociados S.A.,A-,8.0
2020 - MARZO,Seguros,AVLA Perú,PCR (Pacific Credit Rating),A-,8.0
2020 - MARZO,Banco,BANBIF,Class y Asociados S.A.,A+,10.0
2020 - MARZO,Banco,BANBIF,PCR (Pacific Credit Rating),A+,10.0
2020 - MARZO,Banco,BANCO DE CREDITO,Apoyo y Asociados Internacionales,A+,10.0
2020 - MARZO,Banco,BANCO DE CREDITO,Moodys Local PE Clasificadora de Riesgo,A+,10.0
2020 - MARZO,Banco,BANCO EFECTIVA,Class y Asociados S.A.,A-,8.0
2020 - MARZO,Banco,BANCO EFECTIVA,PCR (Pacific Credit Rating),A-,8.0
2020 - MARZO,Banco,BANCO FALABELLA,Apoyo y Asociados Internacionales,A-,8.0
2020 - MARZO,Banco,BANCO FALABELLA,Class y Asociados S.A.,A,9.0
2020 - MARZO,Banco,BANCO GNB,Class y Asociados S.A.,A,9.0
2020 - MARZO,Banco,BANCO GNB,PCR (Pacific Credit Rating),A,9.0
2020 - MARZO,Banco,BANCO PICHINCHA,Class y Asociados S.A.,A-,8.0
2020 - MARZO,Banco,BANCO PICHINCHA,PCR (Pacific Credit Rating),A,9.0
2020 - MARZO,Banco,BANCO RIPLEY,Class y Asociados S.A.,A-,8.0
2020 - MARZO,Banco,BANCO RIPLEY,Moodys Local PE Clasificadora de Riesgo,A-,8.0
2020 - MARZO,Banco,BANCOM,Moodys Local PE Clasificadora de Riesgo,B+,7.0
2020 - MARZO,Banco,BANCOM,PCR (Pacific Credit Rating),B+,7.0
2020 - MARZO,Banco,BANK OF CHINA (PERU),Moodys Local PE Clasificadora de Riesgo,A,9.0
2020 - MARZO,Banco,BBVA,Apoyo y Asociados Internacionales,A+,10.0
2020 - MARZO,Banco,BBVA,Moodys Local PE Clasificadora de Riesgo,A+,10.0
2020 - MARZO,Banco,BBVA,PCR (Pacific Credit Rating),A+,10.0
2020 - MARZO,Banco,BN. SANTANDER CONS.,Apoyo y Asociados Internacionales,A,9.0
2020 - MARZO,Banco,BN. SANTANDER CONS.,Moodys Local PE Clasificadora de Riesgo,A,9.0
2020 - MARZO,Seguros,BNP Paribas Cardif,Class y Asociados S.A.,A,9.0
2020 - MARZO,Seguros,BNP Paribas Cardif,PCR (Pacific Credit Rating),A,9.0
2020 - MARZO,Seguros,Cesce,Class y Asociados S.A.,A,9.0
2020 - MARZO,Seguros,Cesce,PCR (Pacific Credit Rating),A,9.0
2020 - MARZO,Seguros,Chubb Perú,Moodys Local PE Clasificadora de Riesgo,A,9.0
2020 - MARZO,Seguros,Chubb Perú,PCR (Pacific Credit Rating),A,9.0
2020 - MARZO,Banco,CITIBANK DEL PERU,Apoyo y Asociados Internacionales,A+,10.0
2020 - MARZO,Banco,CITIBANK DEL PERU,PCR (Pacific Credit Rating),A+,10.0
2020 - MARZO,Caja Municipal de Ahorro y Crédito,CMAC AREQUIPA,Apoyo y Asociados Internacionales,B+,7.0
2020 - MARZO,Caja Municipal de Ahorro y Crédito,CMAC AREQUIPA,Moodys Local PE Clasificadora de Riesgo,B+,7.0
2020 - MARZO,Caja Municipal de Ahorro y Crédito,CMAC CUSCO,Apoyo y Asociados Internacionales,B+,7.0
2020 - MARZO,Caja Municipal de Ahorro y Crédito,CMAC CUSCO,Class y Asociados S.A.,B+,7.0
2020 - MARZO,Caja Municipal de Ahorro y Crédito,CMAC CUSCO,Moodys Local PE Clasificadora de Riesgo,B+,7.0
2020 - MARZO,Caja Municipal de Ahorro y Crédito,CMAC DEL SANTA,Apoyo y Asociados Internacionales,D,0.0
2020 - MARZO,Caja Municipal de Ahorro y Crédito,CMAC DEL SANTA,Microrate,D,0.0
2020 - MARZO,Caja Municipal de Ahorro y Crédito,CMAC HUANCAYO,Class y Asociados S.A.,B+,7.0
2020 - MARZO,Caja Municipal de Ahorro y Crédito,CMAC HUANCAYO,Moodys Local PE Clasificadora de Riesgo,B+,7.0
2020 - MARZO,Caja Municipal de Ahorro y Crédito,CMAC ICA,Apoyo y Asociados Internacionales,B-,5.0
2020 - MARZO,Caja Municipal de Ahorro y Crédito,CMAC ICA,Class y Asociados S.A.,B-,5.0
2020 - MARZO,Caja Municipal de Ahorro y Crédito,CMAC ICA,Moodys Local PE Clasificadora de Riesgo,B-,5.0
2020 - MARZO,Caja Municipal de Ahorro y Crédito,CMAC MAYNAS,Apoyo y Asociados Internacionales,C+,4.0
2020 - MARZO,Caja Municipal de Ahorro y Crédito,CMAC MAYNAS,Class y Asociados S.A.,C+,4.0
2020 - MARZO,Caja Municipal de Ahorro y Crédito,CMAC PAITA,Class y Asociados S.A.,D+,1.0
2020 - MARZO,Caja Municipal de Ahorro y Crédito,CMAC PAITA,Microrate,D+,1.0
2020 - MARZO,Caja Municipal de Ahorro y Crédito,CMAC PIURA,Class y Asociados S.A.,B,6.0
2020 - MARZO,Caja Municipal de Ahorro y Crédito,CMAC PIURA,Microrate,B,6.0
2020 - MARZO,Caja Municipal de Ahorro y Crédito,CMAC SULLANA,Class y Asociados S.A.,C+,4.0
2020 - MARZO,Caja Municipal de Ahorro y Crédito,CMAC SULLANA,Microrate,C,3.0
2020 - MARZO,Caja Municipal de Ahorro y Crédito,CMAC TACNA,Class y Asociados S.A.,C+,4.0
2020 - MARZO,Caja Municipal de Ahorro y Crédito,CMAC TACNA,Moodys Local PE Clasificadora de Riesgo,C,3.0
2020 - MARZO,Caja Municipal de Ahorro y Crédito,CMAC TRUJILLO,Apoyo y Asociados Internacionales,B,6.0
2020 - MARZO,Caja Municipal de Ahorro y Crédito,CMAC TRUJILLO,Moodys Local PE Clasificadora de Riesgo,B,6.0
2020 - MARZO,Caja Municipal de Ahorro y Crédito,CMCP LIMA,Apoyo y Asociados Internacionales,C-,2.0
2020 - MARZO,Caja Municipal de Ahorro y Crédito,CMCP LIMA,Class y Asociados S.A.,C-,2.0
2020 - MARZO,Seguros,COFACE EL,Class y Asociados S.A.,B+,7.0
2020 - MARZO,Seguros,COFACE EL,PCR (Pacific Credit Rating),B+,7.0
2020 - MARZO,Banco,COFIDE,Class y Asociados S.A.,A,9.0
2020 - MARZO,Banco,COFIDE,Moodys Local PE Clasificadora de Riesgo,A,9.0
2020 - MARZO,Banco,COMPARTAMOS BANCO,Apoyo y Asociados Internacionales,A-,8.0
2020 - MARZO,Banco,COMPARTAMOS BANCO,Class y Asociados S.A.,A-,8.0
2020 - MARZO,Caja Rural de Ahorro y Crédito,CRAC CENCOSUD SCOTIA,Apoyo y Asociados Internacionales,A-,8.0
2020 - MARZO,Caja Rural de Ahorro y Crédito,CRAC CENCOSUD SCOTIA,Moodys Local PE Clasificadora de Riesgo,A-,8.0
2020 - MARZO,Caja Rural de Ahorro y Crédito,CRAC DEL CENTRO,Class y Asociados S.A.,C,3.0
2020 - MARZO,Caja Rural de Ahorro y Crédito,CRAC DEL CENTRO,PCR (Pacific Credit Rating),C,3.0
2020 - MARZO,Caja Rural de Ahorro y Crédito,CRAC INCASUR,Apoyo y Asociados Internacionales,C,3.0
2020 - MARZO,Caja Rural de Ahorro y Crédito,CRAC INCASUR,Class y Asociados S.A.,C,3.0
2020 - MARZO,Caja Rural de Ahorro y Crédito,CRAC LOS ANDES,Class y Asociados S.A.,B-,5.0
2020 - MARZO,Caja Rural de Ahorro y Crédito,CRAC LOS ANDES,PCR (Pacific Credit Rating),C+,4.0
2020 - MARZO,Caja Rural de Ahorro y Crédito,CRAC PRYMERA,Apoyo y Asociados Internacionales,C,3.0
2020 - MARZO,Caja Rural de Ahorro y Crédito,CRAC PRYMERA,Class y Asociados S.A.,C,3.0
2020 - MARZO,Caja Rural de Ahorro y Crédito,CRAC Raíz en Liquida,Apoyo y Asociados Internacionales,C+,4.0
2020 - MARZO,Caja Rural de Ahorro y Crédito,CRAC Raíz en Liquida,PCR (Pacific Credit Rating),B-,5.0
2020 - MARZO,Caja Rural de Ahorro y Crédito,CRAC SIPAN LIQUID.,Class y Asociados S.A.,D-,
2020 - MARZO,Caja Rural de Ahorro y Crédito,CRAC SIPAN LIQUID.,JCR Latino America,D,0.0
2020 - MARZO,Seguros,Crecer Seguros,Class y Asociados S.A.,A-,8.0
2020 - MARZO,Seguros,Crecer Seguros,PCR (Pacific Credit Rating),A-,8.0
2020 - MARZO,Financiera,FINANC. CREDINKA,Class y Asociados S.A.,B-,5.0
2020 - MARZO,Financiera,FINANC. CREDINKA,PCR (Pacific Credit Rating),B,6.0
2020 - MARZO,Financiera,FINANC. PROEMPRESA,Apoyo y Asociados Internacionales,B-,5.0
2020 - MARZO,Financiera,FINANC. PROEMPRESA,Class y Asociados S.A.,B-,5.0
2020 - MARZO,Financiera,FINANCIERA CONFIANZA,Apoyo y Asociados Internacionales,B+,7.0
2020 - MARZO,Financiera,FINANCIERA CONFIANZA,Class y Asociados S.A.,B+,7.0
2020 - MARZO,Financiera,FINANCIERA QAPAQ,Class y Asociados S.A.,B-,5.0
2020 - MARZO,Financiera,FINANCIERA QAPAQ,PCR (Pacific Credit Rating),B-,5.0
2020 - MARZO,Fondo,FONDO MIVIVIENDA,Class y Asociados S.A.,A+,10.0
2020 - MARZO,Fondo,FONDO MIVIVIENDA,Moodys Local PE Clasificadora de Riesgo,A,9.0
2020 - MARZO,Banco,ICBC PERU BANK S.A.,Moodys Local PE Clasificadora de Riesgo,A,9.0
2020 - MARZO,Banco,ICBC PERU BANK S.A.,PCR (Pacific Credit Rating),A,9.0
2020 - MARZO,Financiera,INFINANCE XP S.A.,Apoyo y Asociados Internacionales,B+,7.0
2020 - MARZO,Financiera,INFINANCE XP S.A.,Class y Asociados S.A.,A-,8.0
2020 - MARZO,Financiera,INFINANCE XP S.A.,Moodys Local PE Clasificadora de Riesgo,B+,7.0
2020 - MARZO,Seguros,Insur,Class y Asociados S.A.,A,9.0
2020 - MARZO,Seguros,Insur,PCR (Pacific Credit Rating),A,9.0
2020 - MARZO,Banco,INTERBANK,Apoyo y Asociados Internacionales,A,9.0
2020 - MARZO,Banco,INTERBANK,Class y Asociados S.A.,A+,10.0
2020 - MARZO,Banco,INTERBANK,Moodys Local PE Clasificadora de Riesgo,A+,10.0
2020 - MARZO,Seguros,Interseguro,Class y Asociados S.A.,A+,10.0
2020 - MARZO,Seguros,Interseguro,Moodys Local PE Clasificadora de Riesgo,A+,10.0
2020 - MARZO,Empresa de Créditos,INVERSIONES LA CRUZ,Apoyo y Asociados Internacionales,B+,7.0
2020 - MARZO,Seguros,La Positiva,Class y Asociados S.A.,A-,8.0
2020 - MARZO,Seguros,La Positiva,PCR (Pacific Credit Rating),A-,8.0
2020 - MARZO,Seguros,La Positiva Vida,Class y Asociados S.A.,A,9.0
2020 - MARZO,Seguros,La Positiva Vida,PCR (Pacific Credit Rating),A,9.0
2020 - MARZO,Seguros,Liberty Seguros,Class y Asociados S.A.,A-,8.0
2020 - MARZO,Seguros,Liberty Seguros,Moodys Local PE Clasificadora de Riesgo,A-,8.0
2020 - MARZO,Seguros,Mapfre Perú,Class y Asociados S.A.,A,9.0
2020 - MARZO,Seguros,Mapfre Perú,PCR (Pacific Credit Rating),A+,10.0
2020 - MARZO,Seguros,Mapfre Peru (Abs),Class y Asociados S.A.,A,9.0
2020 - MARZO,Seguros,Mapfre Peru (Abs),PCR (Pacific Credit Rating),A,9.0
2020 - MARZO,Banco,MIBANCO,Apoyo y Asociados Internacionales,A,9.0
2020 - MARZO,Banco,MIBANCO,Moodys Local PE Clasificadora de Riesgo,A,9.0
2020 - MARZO,Banco,NACION,Apoyo y Asociados Internacionales,A,9.0
2020 - MARZO,Banco,NACION,Moodys Local PE Clasificadora de Riesgo,A,9.0
2020 - MARZO,Seguros,Pacífico Seguros,Apoyo y Asociados Internacionales,A+,10.0
2020 - MARZO,Seguros,Pacífico Seguros,Moodys Local PE Clasificadora de Riesgo,A+,10.0
2020 - MARZO,Seguros,Protecta,Class y Asociados S.A.,A,9.0
2020 - MARZO,Seguros,Protecta,PCR (Pacific Credit Rating),A,9.0
2020 - MARZO,Seguros,Quálitas,Class y Asociados S.A.,A-,8.0
2020 - MARZO,Seguros,Quálitas,PCR (Pacific Credit Rating),B+,7.0
2020 - MARZO,Seguros,Rímac Seguros,Apoyo y Asociados Internacionales,A+,10.0
2020 - MARZO,Seguros,Rímac Seguros,Moodys Local PE Clasificadora de Riesgo,A+,10.0
2020 - MARZO,Banco,SANTANDER PERU,Apoyo y Asociados Internacionales,A+,10.0
2020 - MARZO,Banco,SANTANDER PERU,Moodys Local PE Clasificadora de Riesgo,A+,10.0
2020 - MARZO,Banco,SANTANDER PERU,PCR (Pacific Credit Rating),A+,10.0
2020 - MARZO,Banco,SCOTIABANK PERU,Apoyo y Asociados Internacionales,A+,10.0
2020 - MARZO,Banco,SCOTIABANK PERU,Moodys Local PE Clasificadora de Riesgo,A+,10.0
2020 - MARZO,Seguros,Vivir Seguros,Class y Asociados S.A.,A-,8.0
2020 - MARZO,Seguros,Vivir Seguros,JCR Latino America,A-,8.0
2020 - SEPTIEMBRE,Empresa de Créditos,ACCESO CREDITICIO,Apoyo y Asociados Internacionales,B-,5.0
2020 - SEPTIEMBRE,Banco,AGROBANCO,Apoyo y Asociados Internacionales,B,6.0
2020 - SEPTIEMBRE,Banco,ALFIN BANCO,Class y Asociados S.A.,B-,5.0
2020 - SEPTIEMBRE,Banco,ALFIN BANCO,Moodys Local PE Clasificadora de Riesgo,B-,5.0
2020 - SEPTIEMBRE,Financiera,AMERIKA FINANC. EL,Class y Asociados S.A.,B-,5.0
2020 - SEPTIEMBRE,Seguros,AuguStar Seguros,Apoyo y Asociados Internacionales,A-,8.0
2020 - SEPTIEMBRE,Seguros,AuguStar Seguros,PCR (Pacific Credit Rating),A-,8.0
2020 - SEPTIEMBRE,Seguros,AVLA Perú,Class y Asociados S.A.,A-,8.0
2020 - SEPTIEMBRE,Seguros,AVLA Perú,PCR (Pacific Credit Rating),A-,8.0
2020 - SEPTIEMBRE,Banco,BANBIF,Class y Asociados S.A.,A+,10.0
2020 - SEPTIEMBRE,Banco,BANBIF,PCR (Pacific Credit Rating),A+,10.0
2020 - SEPTIEMBRE,Banco,BANCO DE CREDITO,Apoyo y Asociados Internacionales,A+,10.0
2020 - SEPTIEMBRE,Banco,BANCO DE CREDITO,Moodys Local PE Clasificadora de Riesgo,A+,10.0
2020 - SEPTIEMBRE,Banco,BANCO EFECTIVA,Class y Asociados S.A.,A-,8.0
2020 - SEPTIEMBRE,Banco,BANCO EFECTIVA,PCR (Pacific Credit Rating),A-,8.0
2020 - SEPTIEMBRE,Banco,BANCO FALABELLA,Apoyo y Asociados Internacionales,A-,8.0
2020 - SEPTIEMBRE,Banco,BANCO FALABELLA,Class y Asociados S.A.,A,9.0
2020 - SEPTIEMBRE,Banco,BANCO GNB,Class y Asociados S.A.,A,9.0
2020 - SEPTIEMBRE,Banco,BANCO GNB,PCR (Pacific Credit Rating),A,9.0
2020 - SEPTIEMBRE,Banco,BANCO PICHINCHA,Class y Asociados S.A.,A-,8.0
2020 - SEPTIEMBRE,Banco,BANCO PICHINCHA,PCR (Pacific Credit Rating),A,9.0
2020 - SEPTIEMBRE,Banco,BANCO RIPLEY,Class y Asociados S.A.,A-,8.0
2020 - SEPTIEMBRE,Banco,BANCO RIPLEY,Moodys Local PE Clasificadora de Riesgo,B+,7.0
2020 - SEPTIEMBRE,Banco,BANCOM,Moodys Local PE Clasificadora de Riesgo,B+,7.0
2020 - SEPTIEMBRE,Banco,BANCOM,PCR (Pacific Credit Rating),B+,7.0
2020 - SEPTIEMBRE,Banco,BANK OF CHINA (PERU),Class y Asociados S.A.,A,9.0
2020 - SEPTIEMBRE,Banco,BANK OF CHINA (PERU),Moodys Local PE Clasificadora de Riesgo,A,9.0
2020 - SEPTIEMBRE,Banco,BBVA,Apoyo y Asociados Internacionales,A+,10.0
2020 - SEPTIEMBRE,Banco,BBVA,Moodys Local PE Clasificadora de Riesgo,A+,10.0
2020 - SEPTIEMBRE,Banco,BBVA,PCR (Pacific Credit Rating),A+,10.0
2020 - SEPTIEMBRE,Banco,BN. SANTANDER CONS.,Apoyo y Asociados Internacionales,A,9.0
2020 - SEPTIEMBRE,Banco,BN. SANTANDER CONS.,Moodys Local PE Clasificadora de Riesgo,A,9.0
2020 - SEPTIEMBRE,Seguros,BNP Paribas Cardif,Class y Asociados S.A.,A,9.0
2020 - SEPTIEMBRE,Seguros,BNP Paribas Cardif,PCR (Pacific Credit Rating),A,9.0
2020 - SEPTIEMBRE,Seguros,Cesce,Class y Asociados S.A.,A,9.0
2020 - SEPTIEMBRE,Seguros,Cesce,PCR (Pacific Credit Rating),A,9.0
2020 - SEPTIEMBRE,Seguros,Chubb Perú,Moodys Local PE Clasificadora de Riesgo,A,9.0
2020 - SEPTIEMBRE,Seguros,Chubb Perú,PCR (Pacific Credit Rating),A,9.0
2020 - SEPTIEMBRE,Banco,CITIBANK DEL PERU,Apoyo y Asociados Internacionales,A+,10.0
2020 - SEPTIEMBRE,Banco,CITIBANK DEL PERU,PCR (Pacific Credit Rating),A+,10.0
2020 - SEPTIEMBRE,Caja Municipal de Ahorro y Crédito,CMAC AREQUIPA,Apoyo y Asociados Internacionales,B+,7.0
2020 - SEPTIEMBRE,Caja Municipal de Ahorro y Crédito,CMAC AREQUIPA,Class y Asociados S.A.,B+,7.0
2020 - SEPTIEMBRE,Caja Municipal de Ahorro y Crédito,CMAC AREQUIPA,Moodys Local PE Clasificadora de Riesgo,B+,7.0
2020 - SEPTIEMBRE,Caja Municipal de Ahorro y Crédito,CMAC CUSCO,Apoyo y Asociados Internacionales,B+,7.0
2020 - SEPTIEMBRE,Caja Municipal de Ahorro y Crédito,CMAC CUSCO,Class y Asociados S.A.,B+,7.0
2020 - SEPTIEMBRE,Caja Municipal de Ahorro y Crédito,CMAC CUSCO,Moodys Local PE Clasificadora de Riesgo,B+,7.0
2020 - SEPTIEMBRE,Caja Municipal de Ahorro y Crédito,CMAC DEL SANTA,Apoyo y Asociados Internacionales,D,0.0
2020 - SEPTIEMBRE,Caja Municipal de Ahorro y Crédito,CMAC DEL SANTA,Microrate,D,0.0
2020 - SEPTIEMBRE,Caja Municipal de Ahorro y Crédito,CMAC HUANCAYO,Class y Asociados S.A.,B+,7.0
2020 - SEPTIEMBRE,Caja Municipal de Ahorro y Crédito,CMAC HUANCAYO,Moodys Local PE Clasificadora de Riesgo,B+,7.0
2020 - SEPTIEMBRE,Caja Municipal de Ahorro y Crédito,CMAC ICA,Apoyo y Asociados Internacionales,B-,5.0
2020 - SEPTIEMBRE,Caja Municipal de Ahorro y Crédito,CMAC ICA,Class y Asociados S.A.,B-,5.0
2020 - SEPTIEMBRE,Caja Municipal de Ahorro y Crédito,CMAC ICA,Moodys Local PE Clasificadora de Riesgo,B-,5.0
2020 - SEPTIEMBRE,Caja Municipal de Ahorro y Crédito,CMAC MAYNAS,Apoyo y Asociados Internacionales,C+,4.0
2020 - SEPTIEMBRE,Caja Municipal de Ahorro y Crédito,CMAC MAYNAS,Class y Asociados S.A.,C+,4.0
2020 - SEPTIEMBRE,Caja Municipal de Ahorro y Crédito,CMAC PAITA,Class y Asociados S.A.,D+,1.0
2020 - SEPTIEMBRE,Caja Municipal de Ahorro y Crédito,CMAC PAITA,Microrate,D+,1.0
2020 - SEPTIEMBRE,Caja Municipal de Ahorro y Crédito,CMAC PIURA,Class y Asociados S.A.,B,6.0
2020 - SEPTIEMBRE,Caja Municipal de Ahorro y Crédito,CMAC PIURA,Microrate,B,6.0
2020 - SEPTIEMBRE,Caja Municipal de Ahorro y Crédito,CMAC SULLANA,Class y Asociados S.A.,C,3.0
2020 - SEPTIEMBRE,Caja Municipal de Ahorro y Crédito,CMAC SULLANA,Microrate,C,3.0
2020 - SEPTIEMBRE,Caja Municipal de Ahorro y Crédito,CMAC TACNA,Class y Asociados S.A.,C,3.0
2020 - SEPTIEMBRE,Caja Municipal de Ahorro y Crédito,CMAC TACNA,Moodys Local PE Clasificadora de Riesgo,C,3.0
2020 - SEPTIEMBRE,Caja Municipal de Ahorro y Crédito,CMAC TRUJILLO,Apoyo y Asociados Internacionales,B,6.0
2020 - SEPTIEMBRE,Caja Municipal de Ahorro y Crédito,CMAC TRUJILLO,Moodys Local PE Clasificadora de Riesgo,B,6.0
2020 - SEPTIEMBRE,Caja Municipal de Ahorro y Crédito,CMCP LIMA,Microrate,C,3.0
2020 - SEPTIEMBRE,Caja Municipal de Ahorro y Crédito,CMCP LIMA,PCR (Pacific Credit Rating),C,3.0
2020 - SEPTIEMBRE,Seguros,COFACE EL,Class y Asociados S.A.,B+,7.0
2020 - SEPTIEMBRE,Seguros,COFACE EL,PCR (Pacific Credit Rating),B+,7.0
2020 - SEPTIEMBRE,Banco,COFIDE,Class y Asociados S.A.,A,9.0
2020 - SEPTIEMBRE,Banco,COFIDE,Moodys Local PE Clasificadora de Riesgo,A,9.0
2020 - SEPTIEMBRE,Banco,COMPARTAMOS BANCO,Apoyo y Asociados Internacionales,A-,8.0
2020 - SEPTIEMBRE,Banco,COMPARTAMOS BANCO,Class y Asociados S.A.,A-,8.0
2020 - SEPTIEMBRE,Caja Rural de Ahorro y Crédito,CRAC CENCOSUD SCOTIA,Apoyo y Asociados Internacionales,A-,8.0
2020 - SEPTIEMBRE,Caja Rural de Ahorro y Crédito,CRAC CENCOSUD SCOTIA,Moodys Local PE Clasificadora de Riesgo,A-,8.0
2020 - SEPTIEMBRE,Caja Rural de Ahorro y Crédito,CRAC DEL CENTRO,Class y Asociados S.A.,C,3.0
2020 - SEPTIEMBRE,Caja Rural de Ahorro y Crédito,CRAC DEL CENTRO,PCR (Pacific Credit Rating),C,3.0
2020 - SEPTIEMBRE,Caja Rural de Ahorro y Crédito,CRAC INCASUR,Apoyo y Asociados Internacionales,C,3.0
2020 - SEPTIEMBRE,Caja Rural de Ahorro y Crédito,CRAC INCASUR,Class y Asociados S.A.,C-,2.0
2020 - SEPTIEMBRE,Caja Rural de Ahorro y Crédito,CRAC LOS ANDES,Class y Asociados S.A.,B-,5.0
2020 - SEPTIEMBRE,Caja Rural de Ahorro y Crédito,CRAC LOS ANDES,JCR Latino America,B-,5.0
2020 - SEPTIEMBRE,Caja Rural de Ahorro y Crédito,CRAC PRYMERA,Apoyo y Asociados Internacionales,C,3.0
2020 - SEPTIEMBRE,Caja Rural de Ahorro y Crédito,CRAC PRYMERA,Class y Asociados S.A.,C,3.0
2020 - SEPTIEMBRE,Caja Rural de Ahorro y Crédito,CRAC Raíz en Liquida,Apoyo y Asociados Internacionales,C+,4.0
2020 - SEPTIEMBRE,Caja Rural de Ahorro y Crédito,CRAC Raíz en Liquida,JCR Latino America,B-,5.0
2020 - SEPTIEMBRE,Caja Rural de Ahorro y Crédito,CRAC Raíz en Liquida,PCR (Pacific Credit Rating),B-,5.0
2020 - SEPTIEMBRE,Caja Rural de Ahorro y Crédito,CRAC SIPAN LIQUID.,Class y Asociados S.A.,D-,
2020 - SEPTIEMBRE,Caja Rural de Ahorro y Crédito,CRAC SIPAN LIQUID.,JCR Latino America,D,0.0
2020 - SEPTIEMBRE,Seguros,Crecer Seguros,Class y Asociados S.A.,A-,8.0
2020 - SEPTIEMBRE,Seguros,Crecer Seguros,PCR (Pacific Credit Rating),A-,8.0
2020 - SEPTIEMBRE,Financiera,FINANC. CREDINKA,Class y Asociados S.A.,B-,5.0
2020 - SEPTIEMBRE,Financiera,FINANC. CREDINKA,PCR (Pacific Credit Rating),B,6.0
2020 - SEPTIEMBRE,Financiera,FINANC. PROEMPRESA,Apoyo y Asociados Internacionales,B-,5.0
2020 - SEPTIEMBRE,Financiera,FINANC. PROEMPRESA,Class y Asociados S.A.,B-,5.0
2020 - SEPTIEMBRE,Financiera,FINANCIERA CONFIANZA,Apoyo y Asociados Internacionales,B+,7.0
2020 - SEPTIEMBRE,Financiera,FINANCIERA CONFIANZA,Class y Asociados S.A.,B+,7.0
2020 - SEPTIEMBRE,Financiera,FINANCIERA QAPAQ,Class y Asociados S.A.,B-,5.0
2020 - SEPTIEMBRE,Financiera,FINANCIERA QAPAQ,PCR (Pacific Credit Rating),B-,5.0
2020 - SEPTIEMBRE,Fondo,FONDO MIVIVIENDA,Class y Asociados S.A.,A+,10.0
2020 - SEPTIEMBRE,Fondo,FONDO MIVIVIENDA,Moodys Local PE Clasificadora de Riesgo,A,9.0
2020 - SEPTIEMBRE,Banco,ICBC PERU BANK S.A.,Moodys Local PE Clasificadora de Riesgo,A,9.0
2020 - SEPTIEMBRE,Banco,ICBC PERU BANK S.A.,PCR (Pacific Credit Rating),A,9.0
2020 - SEPTIEMBRE,Financiera,INFINANCE XP S.A.,Apoyo y Asociados Internacionales,B+,7.0
2020 - SEPTIEMBRE,Financiera,INFINANCE XP S.A.,Class y Asociados S.A.,A-,8.0
2020 - SEPTIEMBRE,Seguros,Insur,Class y Asociados S.A.,A,9.0
2020 - SEPTIEMBRE,Seguros,Insur,PCR (Pacific Credit Rating),A,9.0
2020 - SEPTIEMBRE,Banco,INTERBANK,Apoyo y Asociados Internacionales,A,9.0
2020 - SEPTIEMBRE,Banco,INTERBANK,Class y Asociados S.A.,A+,10.0
2020 - SEPTIEMBRE,Banco,INTERBANK,Moodys Local PE Clasificadora de Riesgo,A+,10.0
2020 - SEPTIEMBRE,Seguros,Interseguro,Class y Asociados S.A.,A+,10.0
2020 - SEPTIEMBRE,Seguros,Interseguro,Moodys Local PE Clasificadora de Riesgo,A+,10.0
2020 - SEPTIEMBRE,Seguros,La Positiva,Class y Asociados S.A.,A-,8.0
2020 - SEPTIEMBRE,Seguros,La Positiva,PCR (Pacific Credit Rating),A-,8.0
2020 - SEPTIEMBRE,Seguros,La Positiva Vida,Class y Asociados S.A.,A,9.0
2020 - SEPTIEMBRE,Seguros,La Positiva Vida,PCR (Pacific Credit Rating),A,9.0
2020 - SEPTIEMBRE,Seguros,Liberty Seguros,Class y Asociados S.A.,A-,8.0
2020 - SEPTIEMBRE,Seguros,Liberty Seguros,Moodys Local PE Clasificadora de Riesgo,A-,8.0
2020 - SEPTIEMBRE,Seguros,Mapfre Perú,Class y Asociados S.A.,A,9.0
2020 - SEPTIEMBRE,Seguros,Mapfre Perú,PCR (Pacific Credit Rating),A+,10.0
2020 - SEPTIEMBRE,Seguros,Mapfre Peru (Abs),Class y Asociados S.A.,A,9.0
2020 - SEPTIEMBRE,Seguros,Mapfre Peru (Abs),PCR (Pacific Credit Rating),A,9.0
2020 - SEPTIEMBRE,Banco,MIBANCO,Apoyo y Asociados Internacionales,A,9.0
2020 - SEPTIEMBRE,Banco,MIBANCO,Moodys Local PE Clasificadora de Riesgo,A,9.0
2020 - SEPTIEMBRE,Banco,NACION,Apoyo y Asociados Internacionales,A,9.0
2020 - SEPTIEMBRE,Banco,NACION,Moodys Local PE Clasificadora de Riesgo,A,9.0
2020 - SEPTIEMBRE,Seguros,Pacífico Seguros,Apoyo y Asociados Internacionales,A+,10.0
2020 - SEPTIEMBRE,Seguros,Pacífico Seguros,Moodys Local PE Clasificadora de Riesgo,A+,10.0
2020 - SEPTIEMBRE,Seguros,Protecta,Class y Asociados S.A.,A,9.0
2020 - SEPTIEMBRE,Seguros,Protecta,PCR (Pacific Credit Rating),A,9.0
2020 - SEPTIEMBRE,Seguros,Quálitas,Class y Asociados S.A.,A-,8.0
2020 - SEPTIEMBRE,Seguros,Quálitas,PCR (Pacific Credit Rating),B+,7.0
2020 - SEPTIEMBRE,Seguros,Rímac Seguros,Apoyo y Asociados Internacionales,A+,10.0
2020 - SEPTIEMBRE,Seguros,Rímac Seguros,Moodys Local PE Clasificadora de Riesgo,A+,10.0
2020 - SEPTIEMBRE,Banco,SANTANDER PERU,Apoyo y Asociados Internacionales,A+,10.0
2020 - SEPTIEMBRE,Banco,SANTANDER PERU,Moodys Local PE Clasificadora de Riesgo,A+,10.0
2020 - SEPTIEMBRE,Banco,SANTANDER PERU,PCR (Pacific Credit Rating),A+,10.0
2020 - SEPTIEMBRE,Banco,SCOTIABANK PERU,Apoyo y Asociados Internacionales,A+,10.0
2020 - SEPTIEMBRE,Banco,SCOTIABANK PERU,Moodys Local PE Clasificadora de Riesgo,A+,10.0
2020 - SEPTIEMBRE,Seguros,Vivir Seguros,Class y Asociados S.A.,A-,8.0
2020 - SEPTIEMBRE,Seguros,Vivir Seguros,JCR Latino America,A-,8.0
2021 - MARZO,Empresa de Créditos,ACCESO CREDITICIO,Apoyo y Asociados Internacionales,B-,5.0
2021 - MARZO,Banco,AGROBANCO,Apoyo y Asociados Internacionales,B,6.0
2021 - MARZO,Banco,ALFIN BANCO,Class y Asociados S.A.,B-,5.0
2021 - MARZO,Banco,ALFIN BANCO,Moodys Local PE Clasificadora de Riesgo,B-,5.0
2021 - MARZO,Financiera,AMERIKA FINANC. EL,Class y Asociados S.A.,B-,5.0
2021 - MARZO,Seguros,AuguStar Seguros,Apoyo y Asociados Internacionales,A-,8.0
2021 - MARZO,Seguros,AuguStar Seguros,PCR (Pacific Credit Rating),A-,8.0
2021 - MARZO,Seguros,AVLA Perú,Class y Asociados S.A.,A-,8.0
2021 - MARZO,Seguros,AVLA Perú,PCR (Pacific Credit Rating),A-,8.0
2021 - MARZO,Banco,BANBIF,Class y Asociados S.A.,A+,10.0
2021 - MARZO,Banco,BANBIF,PCR (Pacific Credit Rating),A+,10.0
2021 - MARZO,Banco,BANCO DE CREDITO,Apoyo y Asociados Internacionales,A+,10.0
2021 - MARZO,Banco,BANCO DE CREDITO,Moodys Local PE Clasificadora de Riesgo,A+,10.0
2021 - MARZO,Banco,BANCO EFECTIVA,Class y Asociados S.A.,A-,8.0
2021 - MARZO,Banco,BANCO EFECTIVA,PCR (Pacific Credit Rating),A-,8.0
2021 - MARZO,Banco,BANCO FALABELLA,Apoyo y Asociados Internacionales,A-,8.0
2021 - MARZO,Banco,BANCO FALABELLA,Class y Asociados S.A.,A-,8.0
2021 - MARZO,Banco,BANCO GNB,Class y Asociados S.A.,A,9.0
2021 - MARZO,Banco,BANCO GNB,PCR (Pacific Credit Rating),A,9.0
2021 - MARZO,Banco,BANCO PICHINCHA,Class y Asociados S.A.,A-,8.0
2021 - MARZO,Banco,BANCO PICHINCHA,PCR (Pacific Credit Rating),A,9.0
2021 - MARZO,Banco,BANCO RIPLEY,Class y Asociados S.A.,B+,7.0
2021 - MARZO,Banco,BANCO RIPLEY,Moodys Local PE Clasificadora de Riesgo,B+,7.0
2021 - MARZO,Banco,BANCOM,Moodys Local PE Clasificadora de Riesgo,B+,7.0
2021 - MARZO,Banco,BANCOM,PCR (Pacific Credit Rating),B+,7.0
2021 - MARZO,Banco,BANK OF CHINA (PERU),Class y Asociados S.A.,A,9.0
2021 - MARZO,Banco,BANK OF CHINA (PERU),Moodys Local PE Clasificadora de Riesgo,A,9.0
2021 - MARZO,Banco,BBVA,Apoyo y Asociados Internacionales,A+,10.0
2021 - MARZO,Banco,BBVA,Moodys Local PE Clasificadora de Riesgo,A+,10.0
2021 - MARZO,Banco,BBVA,PCR (Pacific Credit Rating),A+,10.0
2021 - MARZO,Banco,BN. SANTANDER CONS.,Apoyo y Asociados Internacionales,A,9.0
2021 - MARZO,Banco,BN. SANTANDER CONS.,Moodys Local PE Clasificadora de Riesgo,A,9.0
2021 - MARZO,Seguros,BNP Paribas Cardif,Class y Asociados S.A.,A,9.0
2021 - MARZO,Seguros,BNP Paribas Cardif,PCR (Pacific Credit Rating),A,9.0
2021 - MARZO,Seguros,Cesce,Class y Asociados S.A.,A,9.0
2021 - MARZO,Seguros,Cesce,PCR (Pacific Credit Rating),A,9.0
2021 - MARZO,Seguros,Chubb Perú,Moodys Local PE Clasificadora de Riesgo,A,9.0
2021 - MARZO,Seguros,Chubb Perú,PCR (Pacific Credit Rating),A,9.0
2021 - MARZO,Banco,CITIBANK DEL PERU,Apoyo y Asociados Internacionales,A+,10.0
2021 - MARZO,Banco,CITIBANK DEL PERU,PCR (Pacific Credit Rating),A+,10.0
2021 - MARZO,Caja Municipal de Ahorro y Crédito,CMAC AREQUIPA,Apoyo y Asociados Internacionales,B+,7.0
2021 - MARZO,Caja Municipal de Ahorro y Crédito,CMAC AREQUIPA,Class y Asociados S.A.,B+,7.0
2021 - MARZO,Caja Municipal de Ahorro y Crédito,CMAC CUSCO,Apoyo y Asociados Internacionales,B+,7.0
2021 - MARZO,Caja Municipal de Ahorro y Crédito,CMAC CUSCO,Class y Asociados S.A.,B+,7.0
2021 - MARZO,Caja Municipal de Ahorro y Crédito,CMAC DEL SANTA,Apoyo y Asociados Internacionales,D,0.0
2021 - MARZO,Caja Municipal de Ahorro y Crédito,CMAC DEL SANTA,Microrate,D,0.0
2021 - MARZO,Caja Municipal de Ahorro y Crédito,CMAC HUANCAYO,Class y Asociados S.A.,B+,7.0
2021 - MARZO,Caja Municipal de Ahorro y Crédito,CMAC HUANCAYO,Moodys Local PE Clasificadora de Riesgo,B+,7.0
2021 - MARZO,Caja Municipal de Ahorro y Crédito,CMAC ICA,Apoyo y Asociados Internacionales,B-,5.0
2021 - MARZO,Caja Municipal de Ahorro y Crédito,CMAC ICA,Class y Asociados S.A.,B-,5.0
2021 - MARZO,Caja Municipal de Ahorro y Crédito,CMAC ICA,Moodys Local PE Clasificadora de Riesgo,B-,5.0
2021 - MARZO,Caja Municipal de Ahorro y Crédito,CMAC MAYNAS,Apoyo y Asociados Internacionales,C+,4.0
2021 - MARZO,Caja Municipal de Ahorro y Crédito,CMAC MAYNAS,Class y Asociados S.A.,C+,4.0
2021 - MARZO,Caja Municipal de Ahorro y Crédito,CMAC PAITA,Class y Asociados S.A.,D+,1.0
2021 - MARZO,Caja Municipal de Ahorro y Crédito,CMAC PAITA,Microrate,D+,1.0
2021 - MARZO,Caja Municipal de Ahorro y Crédito,CMAC PIURA,Class y Asociados S.A.,B,6.0
2021 - MARZO,Caja Municipal de Ahorro y Crédito,CMAC PIURA,Microrate,B,6.0
2021 - MARZO,Caja Municipal de Ahorro y Crédito,CMAC SULLANA,Class y Asociados S.A.,C,3.0
2021 - MARZO,Caja Municipal de Ahorro y Crédito,CMAC SULLANA,Microrate,C-,2.0
2021 - MARZO,Caja Municipal de Ahorro y Crédito,CMAC TACNA,Class y Asociados S.A.,C,3.0
2021 - MARZO,Caja Municipal de Ahorro y Crédito,CMAC TACNA,Moodys Local PE Clasificadora de Riesgo,C,3.0
2021 - MARZO,Caja Municipal de Ahorro y Crédito,CMAC TRUJILLO,Apoyo y Asociados Internacionales,B,6.0
2021 - MARZO,Caja Municipal de Ahorro y Crédito,CMAC TRUJILLO,Moodys Local PE Clasificadora de Riesgo,B,6.0
2021 - MARZO,Caja Municipal de Ahorro y Crédito,CMCP LIMA,Microrate,C,3.0
2021 - MARZO,Caja Municipal de Ahorro y Crédito,CMCP LIMA,PCR (Pacific Credit Rating),C,3.0
2021 - MARZO,Banco,COFIDE,Class y Asociados S.A.,A,9.0
2021 - MARZO,Banco,COFIDE,Moodys Local PE Clasificadora de Riesgo,A,9.0
2021 - MARZO,Banco,COMPARTAMOS BANCO,Apoyo y Asociados Internacionales,A-,8.0
2021 - MARZO,Banco,COMPARTAMOS BANCO,Class y Asociados S.A.,A-,8.0
2021 - MARZO,Caja Rural de Ahorro y Crédito,CRAC CENCOSUD SCOTIA,Apoyo y Asociados Internacionales,A-,8.0
2021 - MARZO,Caja Rural de Ahorro y Crédito,CRAC CENCOSUD SCOTIA,Moodys Local PE Clasificadora de Riesgo,A-,8.0
2021 - MARZO,Caja Rural de Ahorro y Crédito,CRAC DEL CENTRO,Microrate,C,3.0
2021 - MARZO,Caja Rural de Ahorro y Crédito,CRAC DEL CENTRO,PCR (Pacific Credit Rating),C,3.0
2021 - MARZO,Caja Rural de Ahorro y Crédito,CRAC INCASUR,Apoyo y Asociados Internacionales,C,3.0
2021 - MARZO,Caja Rural de Ahorro y Crédito,CRAC INCASUR,Class y Asociados S.A.,C-,2.0
2021 - MARZO,Caja Rural de Ahorro y Crédito,CRAC LOS ANDES,Class y Asociados S.A.,B-,5.0
2021 - MARZO,Caja Rural de Ahorro y Crédito,CRAC LOS ANDES,JCR Latino America,B-,5.0
2021 - MARZO,Caja Rural de Ahorro y Crédito,CRAC PRYMERA,Apoyo y Asociados Internacionales,C,3.0
2021 - MARZO,Caja Rural de Ahorro y Crédito,CRAC PRYMERA,Class y Asociados S.A.,C,3.0
2021 - MARZO,Caja Rural de Ahorro y Crédito,CRAC Raíz en Liquida,JCR Latino America,B-,5.0
2021 - MARZO,Caja Rural de Ahorro y Crédito,CRAC Raíz en Liquida,PCR (Pacific Credit Rating),B-,5.0
2021 - MARZO,Caja Rural de Ahorro y Crédito,CRAC SIPAN LIQUID.,Class y Asociados S.A.,D-,
2021 - MARZO,Caja Rural de Ahorro y Crédito,CRAC SIPAN LIQUID.,JCR Latino America,D,0.0
2021 - MARZO,Seguros,Crecer Seguros,Class y Asociados S.A.,A-,8.0
2021 - MARZO,Seguros,Crecer Seguros,PCR (Pacific Credit Rating),A-,8.0
2021 - MARZO,Financiera,FINANC. CREDINKA,Class y Asociados S.A.,B-,5.0
2021 - MARZO,Financiera,FINANC. CREDINKA,PCR (Pacific Credit Rating),B,6.0
2021 - MARZO,Financiera,FINANC. PROEMPRESA,Apoyo y Asociados Internacionales,B-,5.0
2021 - MARZO,Financiera,FINANC. PROEMPRESA,Class y Asociados S.A.,B-,5.0
2021 - MARZO,Financiera,FINANCIERA CONFIANZA,Apoyo y Asociados Internacionales,A-,8.0
2021 - MARZO,Financiera,FINANCIERA CONFIANZA,Class y Asociados S.A.,B+,7.0
2021 - MARZO,Financiera,FINANCIERA QAPAQ,Class y Asociados S.A.,B-,5.0
2021 - MARZO,Financiera,FINANCIERA QAPAQ,PCR (Pacific Credit Rating),B-,5.0
2021 - MARZO,Fondo,FONDO MIVIVIENDA,Apoyo y Asociados Internacionales,A,9.0
2021 - MARZO,Fondo,FONDO MIVIVIENDA,Moodys Local PE Clasificadora de Riesgo,A,9.0
2021 - MARZO,Banco,ICBC PERU BANK S.A.,Moodys Local PE Clasificadora de Riesgo,A,9.0
2021 - MARZO,Banco,ICBC PERU BANK S.A.,PCR (Pacific Credit Rating),A,9.0
2021 - MARZO,Financiera,INFINANCE XP S.A.,Apoyo y Asociados Internacionales,B+,7.0
2021 - MARZO,Financiera,INFINANCE XP S.A.,Class y Asociados S.A.,A-,8.0
2021 - MARZO,Seguros,Insur,Class y Asociados S.A.,A,9.0
2021 - MARZO,Seguros,Insur,PCR (Pacific Credit Rating),A,9.0
2021 - MARZO,Banco,INTERBANK,Apoyo y Asociados Internacionales,A,9.0
2021 - MARZO,Banco,INTERBANK,Class y Asociados S.A.,A+,10.0
2021 - MARZO,Banco,INTERBANK,Moodys Local PE Clasificadora de Riesgo,A+,10.0
2021 - MARZO,Seguros,Interseguro,Class y Asociados S.A.,A+,10.0
2021 - MARZO,Seguros,Interseguro,Moodys Local PE Clasificadora de Riesgo,A+,10.0
2021 - MARZO,Seguros,La Positiva,Class y Asociados S.A.,A-,8.0
2021 - MARZO,Seguros,La Positiva,PCR (Pacific Credit Rating),A,9.0
2021 - MARZO,Seguros,La Positiva Vida,Class y Asociados S.A.,A,9.0
2021 - MARZO,Seguros,La Positiva Vida,PCR (Pacific Credit Rating),A,9.0
2021 - MARZO,Seguros,Liberty Seguros,Class y Asociados S.A.,A-,8.0
2021 - MARZO,Seguros,Liberty Seguros,Moodys Local PE Clasificadora de Riesgo,A-,8.0
2021 - MARZO,Seguros,Mapfre Perú,Class y Asociados S.A.,A,9.0
2021 - MARZO,Seguros,Mapfre Perú,PCR (Pacific Credit Rating),A+,10.0
2021 - MARZO,Seguros,Mapfre Peru (Abs),Class y Asociados S.A.,A,9.0
2021 - MARZO,Seguros,Mapfre Peru (Abs),PCR (Pacific Credit Rating),A,9.0
2021 - MARZO,Banco,MIBANCO,Apoyo y Asociados Internacionales,A,9.0
2021 - MARZO,Banco,MIBANCO,Moodys Local PE Clasificadora de Riesgo,A,9.0
2021 - MARZO,Banco,NACION,Apoyo y Asociados Internacionales,A,9.0
2021 - MARZO,Banco,NACION,Class y Asociados S.A.,A,9.0
2021 - MARZO,Banco,NACION,Moodys Local PE Clasificadora de Riesgo,A,9.0
2021 - MARZO,Seguros,Pacífico Seguros,Apoyo y Asociados Internacionales,A+,10.0
2021 - MARZO,Seguros,Pacífico Seguros,Moodys Local PE Clasificadora de Riesgo,A+,10.0
2021 - MARZO,Seguros,Protecta,Class y Asociados S.A.,A,9.0
2021 - MARZO,Seguros,Protecta,PCR (Pacific Credit Rating),A,9.0
2021 - MARZO,Seguros,Quálitas,Class y Asociados S.A.,A-,8.0
2021 - MARZO,Seguros,Quálitas,PCR (Pacific Credit Rating),B+,7.0
2021 - MARZO,Seguros,Rímac Seguros,Apoyo y Asociados Internacionales,A+,10.0
2021 - MARZO,Seguros,Rímac Seguros,Moodys Local PE Clasificadora de Riesgo,A+,10.0
2021 - MARZO,Banco,SANTANDER PERU,Apoyo y Asociados Internacionales,A+,10.0
2021 - MARZO,Banco,SANTANDER PERU,Moodys Local PE Clasificadora de Riesgo,A+,10.0
2021 - MARZO,Banco,SANTANDER PERU,PCR (Pacific Credit Rating),A+,10.0
2021 - MARZO,Banco,SCOTIABANK PERU,Apoyo y Asociados Internacionales,A+,10.0
2021 - MARZO,Banco,SCOTIABANK PERU,Moodys Local PE Clasificadora de Riesgo,A+,10.0
2021 - MARZO,Seguros,Vivir Seguros,Class y Asociados S.A.,A-,8.0
2021 - MARZO,Seguros,Vivir Seguros,JCR Latino America,A-,8.0
2021 - SEPTIEMBRE,Empresa de Créditos,ACCESO CREDITICIO,Apoyo y Asociados Internacionales,C+,4.0
2021 - SEPTIEMBRE,Banco,AGROBANCO,Apoyo y Asociados Internacionales,B,6.0
2021 - SEPTIEMBRE,Banco,ALFIN BANCO,Class y Asociados S.A.,B-,5.0
2021 - SEPTIEMBRE,Banco,ALFIN BANCO,JCR Latino America,B-,5.0
2021 - SEPTIEMBRE,Banco,ALFIN BANCO,Moodys Local PE Clasificadora de Riesgo,C+,4.0
2021 - SEPTIEMBRE,Financiera,AMERIKA FINANC. EL,Class y Asociados S.A.,B-,5.0
2021 - SEPTIEMBRE,Seguros,AuguStar Seguros,Apoyo y Asociados Internacionales,A-,8.0
2021 - SEPTIEMBRE,Seguros,AuguStar Seguros,PCR (Pacific Credit Rating),A-,8.0
2021 - SEPTIEMBRE,Seguros,AVLA Perú,Class y Asociados S.A.,A-,8.0
2021 - SEPTIEMBRE,Seguros,AVLA Perú,PCR (Pacific Credit Rating),A-,8.0
2021 - SEPTIEMBRE,Banco,BANBIF,Class y Asociados S.A.,A+,10.0
2021 - SEPTIEMBRE,Banco,BANBIF,PCR (Pacific Credit Rating),A+,10.0
2021 - SEPTIEMBRE,Banco,BANCO DE CREDITO,Apoyo y Asociados Internacionales,A+,10.0
2021 - SEPTIEMBRE,Banco,BANCO DE CREDITO,Moodys Local PE Clasificadora de Riesgo,A+,10.0
2021 - SEPTIEMBRE,Banco,BANCO EFECTIVA,Class y Asociados S.A.,A-,8.0
2021 - SEPTIEMBRE,Banco,BANCO EFECTIVA,PCR (Pacific Credit Rating),A-,8.0
2021 - SEPTIEMBRE,Banco,BANCO FALABELLA,Apoyo y Asociados Internacionales,A-,8.0
2021 - SEPTIEMBRE,Banco,BANCO FALABELLA,Class y Asociados S.A.,A-,8.0
2021 - SEPTIEMBRE,Banco,BANCO GNB,Class y Asociados S.A.,A,9.0
2021 - SEPTIEMBRE,Banco,BANCO GNB,PCR (Pacific Credit Rating),A,9.0
2021 - SEPTIEMBRE,Banco,BANCO PICHINCHA,Class y Asociados S.A.,A-,8.0
2021 - SEPTIEMBRE,Banco,BANCO PICHINCHA,PCR (Pacific Credit Rating),A,9.0
2021 - SEPTIEMBRE,Banco,BANCO RIPLEY,Class y Asociados S.A.,B+,7.0
2021 - SEPTIEMBRE,Banco,BANCO RIPLEY,Moodys Local PE Clasificadora de Riesgo,B+,7.0
2021 - SEPTIEMBRE,Banco,BANCOM,Moodys Local PE Clasificadora de Riesgo,B+,7.0
2021 - SEPTIEMBRE,Banco,BANCOM,PCR (Pacific Credit Rating),B+,7.0
2021 - SEPTIEMBRE,Banco,BANK OF CHINA (PERU),Class y Asociados S.A.,A,9.0
2021 - SEPTIEMBRE,Banco,BANK OF CHINA (PERU),Moodys Local PE Clasificadora de Riesgo,A,9.0
2021 - SEPTIEMBRE,Banco,BBVA,Apoyo y Asociados Internacionales,A+,10.0
2021 - SEPTIEMBRE,Banco,BBVA,Moodys Local PE Clasificadora de Riesgo,A+,10.0
2021 - SEPTIEMBRE,Banco,BN. SANTANDER CONS.,Apoyo y Asociados Internacionales,A,9.0
2021 - SEPTIEMBRE,Banco,BN. SANTANDER CONS.,Moodys Local PE Clasificadora de Riesgo,A,9.0
2021 - SEPTIEMBRE,Seguros,BNP Paribas Cardif,Class y Asociados S.A.,A,9.0
2021 - SEPTIEMBRE,Seguros,BNP Paribas Cardif,PCR (Pacific Credit Rating),A,9.0
2021 - SEPTIEMBRE,Seguros,Cesce,Class y Asociados S.A.,A,9.0
2021 - SEPTIEMBRE,Seguros,Cesce,PCR (Pacific Credit Rating),A,9.0
2021 - SEPTIEMBRE,Seguros,Chubb Perú,Moodys Local PE Clasificadora de Riesgo,A,9.0
2021 - SEPTIEMBRE,Seguros,Chubb Perú,PCR (Pacific Credit Rating),A,9.0
2021 - SEPTIEMBRE,Banco,CITIBANK DEL PERU,Apoyo y Asociados Internacionales,A+,10.0
2021 - SEPTIEMBRE,Banco,CITIBANK DEL PERU,PCR (Pacific Credit Rating),A+,10.0
2021 - SEPTIEMBRE,Caja Municipal de Ahorro y Crédito,CMAC AREQUIPA,Apoyo y Asociados Internacionales,B+,7.0
2021 - SEPTIEMBRE,Caja Municipal de Ahorro y Crédito,CMAC AREQUIPA,Class y Asociados S.A.,B+,7.0
2021 - SEPTIEMBRE,Caja Municipal de Ahorro y Crédito,CMAC CUSCO,Apoyo y Asociados Internacionales,B+,7.0
2021 - SEPTIEMBRE,Caja Municipal de Ahorro y Crédito,CMAC CUSCO,Class y Asociados S.A.,B+,7.0
2021 - SEPTIEMBRE,Caja Municipal de Ahorro y Crédito,CMAC DEL SANTA,Apoyo y Asociados Internacionales,D,0.0
2021 - SEPTIEMBRE,Caja Municipal de Ahorro y Crédito,CMAC DEL SANTA,Microrate,D,0.0
2021 - SEPTIEMBRE,Caja Municipal de Ahorro y Crédito,CMAC HUANCAYO,Class y Asociados S.A.,B+,7.0
2021 - SEPTIEMBRE,Caja Municipal de Ahorro y Crédito,CMAC HUANCAYO,Moodys Local PE Clasificadora de Riesgo,B+,7.0
2021 - SEPTIEMBRE,Caja Municipal de Ahorro y Crédito,CMAC ICA,Apoyo y Asociados Internacionales,B-,5.0
2021 - SEPTIEMBRE,Caja Municipal de Ahorro y Crédito,CMAC ICA,JCR Latino America,B-,5.0
2021 - SEPTIEMBRE,Caja Municipal de Ahorro y Crédito,CMAC ICA,Moodys Local PE Clasificadora de Riesgo,B-,5.0
2021 - SEPTIEMBRE,Caja Municipal de Ahorro y Crédito,CMAC MAYNAS,Apoyo y Asociados Internacionales,B-,5.0
2021 - SEPTIEMBRE,Caja Municipal de Ahorro y Crédito,CMAC MAYNAS,Class y Asociados S.A.,B-,5.0
2021 - SEPTIEMBRE,Caja Municipal de Ahorro y Crédito,CMAC PAITA,Apoyo y Asociados Internacionales,C-,2.0
2021 - SEPTIEMBRE,Caja Municipal de Ahorro y Crédito,CMAC PAITA,Microrate,D+,1.0
2021 - SEPTIEMBRE,Caja Municipal de Ahorro y Crédito,CMAC PIURA,Class y Asociados S.A.,B,6.0
2021 - SEPTIEMBRE,Caja Municipal de Ahorro y Crédito,CMAC PIURA,Microrate,B,6.0
2021 - SEPTIEMBRE,Caja Municipal de Ahorro y Crédito,CMAC SULLANA,Class y Asociados S.A.,C-,2.0
2021 - SEPTIEMBRE,Caja Municipal de Ahorro y Crédito,CMAC SULLANA,Microrate,C-,2.0
2021 - SEPTIEMBRE,Caja Municipal de Ahorro y Crédito,CMAC TACNA,Class y Asociados S.A.,C-,2.0
2021 - SEPTIEMBRE,Caja Municipal de Ahorro y Crédito,CMAC TACNA,Moodys Local PE Clasificadora de Riesgo,C,3.0
2021 - SEPTIEMBRE,Caja Municipal de Ahorro y Crédito,CMAC TRUJILLO,Apoyo y Asociados Internacionales,B,6.0
2021 - SEPTIEMBRE,Caja Municipal de Ahorro y Crédito,CMAC TRUJILLO,Class y Asociados S.A.,B,6.0
2021 - SEPTIEMBRE,Caja Municipal de Ahorro y Crédito,CMCP LIMA,Microrate,C,3.0
2021 - SEPTIEMBRE,Caja Municipal de Ahorro y Crédito,CMCP LIMA,PCR (Pacific Credit Rating),C,3.0
2021 - SEPTIEMBRE,Banco,COFIDE,Apoyo y Asociados Internacionales,A,9.0
2021 - SEPTIEMBRE,Banco,COFIDE,Class y Asociados S.A.,A,9.0
2021 - SEPTIEMBRE,Banco,COFIDE,Moodys Local PE Clasificadora de Riesgo,A,9.0
2021 - SEPTIEMBRE,Banco,COMPARTAMOS BANCO,Apoyo y Asociados Internacionales,A-,8.0
2021 - SEPTIEMBRE,Banco,COMPARTAMOS BANCO,Class y Asociados S.A.,A-,8.0
2021 - SEPTIEMBRE,Caja Rural de Ahorro y Crédito,CRAC CENCOSUD SCOTIA,Apoyo y Asociados Internacionales,A-,8.0
2021 - SEPTIEMBRE,Caja Rural de Ahorro y Crédito,CRAC CENCOSUD SCOTIA,Moodys Local PE Clasificadora de Riesgo,A-,8.0
2021 - SEPTIEMBRE,Caja Rural de Ahorro y Crédito,CRAC DEL CENTRO,Microrate,C,3.0
2021 - SEPTIEMBRE,Caja Rural de Ahorro y Crédito,CRAC DEL CENTRO,PCR (Pacific Credit Rating),C,3.0
2021 - SEPTIEMBRE,Caja Rural de Ahorro y Crédito,CRAC INCASUR,Apoyo y Asociados Internacionales,C,3.0
2021 - SEPTIEMBRE,Caja Rural de Ahorro y Crédito,CRAC INCASUR,Class y Asociados S.A.,C-,2.0
2021 - SEPTIEMBRE,Caja Rural de Ahorro y Crédito,CRAC LOS ANDES,Class y Asociados S.A.,B-,5.0
2021 - SEPTIEMBRE,Caja Rural de Ahorro y Crédito,CRAC LOS ANDES,JCR Latino America,B-,5.0
2021 - SEPTIEMBRE,Caja Rural de Ahorro y Crédito,CRAC PRYMERA,Apoyo y Asociados Internacionales,C-,2.0
2021 - SEPTIEMBRE,Caja Rural de Ahorro y Crédito,CRAC PRYMERA,Class y Asociados S.A.,C-,2.0
2021 - SEPTIEMBRE,Caja Rural de Ahorro y Crédito,CRAC Raíz en Liquida,JCR Latino America,B-,5.0
2021 - SEPTIEMBRE,Caja Rural de Ahorro y Crédito,CRAC Raíz en Liquida,PCR (Pacific Credit Rating),B-,5.0
2021 - SEPTIEMBRE,Caja Rural de Ahorro y Crédito,CRAC SIPAN LIQUID.,Class y Asociados S.A.,D-,
2021 - SEPTIEMBRE,Seguros,Crecer Seguros,Class y Asociados S.A.,A-,8.0
2021 - SEPTIEMBRE,Seguros,Crecer Seguros,PCR (Pacific Credit Rating),A-,8.0
2021 - SEPTIEMBRE,Financiera,FINANC. CREDINKA,Class y Asociados S.A.,B-,5.0
2021 - SEPTIEMBRE,Financiera,FINANC. CREDINKA,PCR (Pacific Credit Rating),B-,5.0
2021 - SEPTIEMBRE,Financiera,FINANC. PROEMPRESA,Apoyo y Asociados Internacionales,B-,5.0
2021 - SEPTIEMBRE,Financiera,FINANC. PROEMPRESA,Class y Asociados S.A.,B-,5.0
2021 - SEPTIEMBRE,Financiera,FINANCIERA CONFIANZA,Apoyo y Asociados Internacionales,A-,8.0
2021 - SEPTIEMBRE,Financiera,FINANCIERA CONFIANZA,Class y Asociados S.A.,A-,8.0
2021 - SEPTIEMBRE,Financiera,FINANCIERA QAPAQ,Class y Asociados S.A.,C+,4.0
2021 - SEPTIEMBRE,Financiera,FINANCIERA QAPAQ,PCR (Pacific Credit Rating),C+,4.0
2021 - SEPTIEMBRE,Afianzadora y de Garantías,FOGAPI,PCR (Pacific Credit Rating),A,9.0
2021 - SEPTIEMBRE,Fondo,FONDO MIVIVIENDA,Apoyo y Asociados Internacionales,A,9.0
2021 - SEPTIEMBRE,Fondo,FONDO MIVIVIENDA,Moodys Local PE Clasificadora de Riesgo,A,9.0
2021 - SEPTIEMBRE,Banco,ICBC PERU BANK S.A.,Moodys Local PE Clasificadora de Riesgo,A,9.0
2021 - SEPTIEMBRE,Banco,ICBC PERU BANK S.A.,PCR (Pacific Credit Rating),A,9.0
2021 - SEPTIEMBRE,Financiera,INFINANCE XP S.A.,Apoyo y Asociados Internacionales,B+,7.0
2021 - SEPTIEMBRE,Financiera,INFINANCE XP S.A.,Class y Asociados S.A.,A-,8.0
2021 - SEPTIEMBRE,Seguros,Insur,Class y Asociados S.A.,A,9.0
2021 - SEPTIEMBRE,Seguros,Insur,PCR (Pacific Credit Rating),A,9.0
2021 - SEPTIEMBRE,Banco,INTERBANK,Apoyo y Asociados Internacionales,A,9.0
2021 - SEPTIEMBRE,Banco,INTERBANK,Class y Asociados S.A.,A+,10.0
2021 - SEPTIEMBRE,Banco,INTERBANK,Moodys Local PE Clasificadora de Riesgo,A+,10.0
2021 - SEPTIEMBRE,Seguros,Interseguro,Class y Asociados S.A.,A+,10.0
2021 - SEPTIEMBRE,Seguros,Interseguro,Moodys Local PE Clasificadora de Riesgo,A+,10.0
2021 - SEPTIEMBRE,Seguros,La Positiva,Moodys Local PE Clasificadora de Riesgo,A,9.0
2021 - SEPTIEMBRE,Seguros,La Positiva,PCR (Pacific Credit Rating),A,9.0
2021 - SEPTIEMBRE,Seguros,La Positiva Vida,Moodys Local PE Clasificadora de Riesgo,A,9.0
2021 - SEPTIEMBRE,Seguros,La Positiva Vida,PCR (Pacific Credit Rating),A,9.0
2021 - SEPTIEMBRE,Seguros,Liberty Seguros,Class y Asociados S.A.,A-,8.0
2021 - SEPTIEMBRE,Seguros,Liberty Seguros,Moodys Local PE Clasificadora de Riesgo,A-,8.0
2021 - SEPTIEMBRE,Seguros,Mapfre Perú,Class y Asociados S.A.,A,9.0
2021 - SEPTIEMBRE,Seguros,Mapfre Perú,PCR (Pacific Credit Rating),A+,10.0
2021 - SEPTIEMBRE,Seguros,Mapfre Peru (Abs),Class y Asociados S.A.,A,9.0
2021 - SEPTIEMBRE,Seguros,Mapfre Peru (Abs),PCR (Pacific Credit Rating),A,9.0
2021 - SEPTIEMBRE,Banco,MIBANCO,Apoyo y Asociados Internacionales,A,9.0
2021 - SEPTIEMBRE,Banco,MIBANCO,Moodys Local PE Clasificadora de Riesgo,A,9.0
2021 - SEPTIEMBRE,Banco,NACION,Apoyo y Asociados Internacionales,A,9.0
2021 - SEPTIEMBRE,Banco,NACION,Class y Asociados S.A.,A,9.0
2021 - SEPTIEMBRE,Seguros,Pacífico Seguros,Apoyo y Asociados Internacionales,A+,10.0
2021 - SEPTIEMBRE,Seguros,Pacífico Seguros,Moodys Local PE Clasificadora de Riesgo,A+,10.0
2021 - SEPTIEMBRE,Seguros,Protecta,Class y Asociados S.A.,A,9.0
2021 - SEPTIEMBRE,Seguros,Protecta,Moodys Local PE Clasificadora de Riesgo,A,9.0
2021 - SEPTIEMBRE,Seguros,Protecta,PCR (Pacific Credit Rating),A,9.0
2021 - SEPTIEMBRE,Seguros,Quálitas,Class y Asociados S.A.,A-,8.0
2021 - SEPTIEMBRE,Seguros,Quálitas,PCR (Pacific Credit Rating),A-,8.0
2021 - SEPTIEMBRE,Seguros,Rímac Seguros,Apoyo y Asociados Internacionales,A+,10.0
2021 - SEPTIEMBRE,Seguros,Rímac Seguros,Moodys Local PE Clasificadora de Riesgo,A+,10.0
2021 - SEPTIEMBRE,Banco,SANTANDER PERU,Apoyo y Asociados Internacionales,A+,10.0
2021 - SEPTIEMBRE,Banco,SANTANDER PERU,Moodys Local PE Clasificadora de Riesgo,A+,10.0
2021 - SEPTIEMBRE,Banco,SANTANDER PERU,PCR (Pacific Credit Rating),A+,10.0
2021 - SEPTIEMBRE,Banco,SCOTIABANK PERU,Apoyo y Asociados Internacionales,A+,10.0
2021 - SEPTIEMBRE,Banco,SCOTIABANK PERU,Moodys Local PE Clasificadora de Riesgo,A+,10.0
2021 - SEPTIEMBRE,Seguros,Vivir Seguros,Class y Asociados S.A.,A-,8.0
2021 - SEPTIEMBRE,Seguros,Vivir Seguros,JCR Latino America,A-,8.0
2022 - MARZO,Empresa de Créditos,ACCESO CREDITICIO,PCR (Pacific Credit Rating),B-,5.0
2022 - MARZO,Banco,AGROBANCO,Apoyo y Asociados Internacionales,B,6.0
2022 - MARZO,Banco,ALFIN BANCO,Class y Asociados S.A.,C+,4.0
2022 - MARZO,Banco,ALFIN BANCO,JCR Latino America,B-,5.0
2022 - MARZO,Banco,ALFIN BANCO,Moodys Local PE Clasificadora de Riesgo,C-,2.0
2022 - MARZO,Financiera,AMERIKA FINANC. EL,Class y Asociados S.A.,B-,5.0
2022 - MARZO,Seguros,AuguStar Seguros,Apoyo y Asociados Internacionales,A-,8.0
2022 - MARZO,Seguros,AuguStar Seguros,PCR (Pacific Credit Rating),A-,8.0
2022 - MARZO,Seguros,AVLA Perú,Class y Asociados S.A.,A-,8.0
2022 - MARZO,Seguros,AVLA Perú,PCR (Pacific Credit Rating),A-,8.0
2022 - MARZO,Banco,BANBIF,Class y Asociados S.A.,A+,10.0
2022 - MARZO,Banco,BANBIF,PCR (Pacific Credit Rating),A+,10.0
2022 - MARZO,Banco,BANCO DE CREDITO,Apoyo y Asociados Internacionales,A+,10.0
2022 - MARZO,Banco,BANCO DE CREDITO,Moodys Local PE Clasificadora de Riesgo,A+,10.0
2022 - MARZO,Banco,BANCO EFECTIVA,Class y Asociados S.A.,A-,8.0
2022 - MARZO,Banco,BANCO EFECTIVA,PCR (Pacific Credit Rating),A-,8.0
2022 - MARZO,Banco,BANCO FALABELLA,Apoyo y Asociados Internacionales,A-,8.0
2022 - MARZO,Banco,BANCO FALABELLA,Class y Asociados S.A.,A-,8.0
2022 - MARZO,Banco,BANCO GNB,Class y Asociados S.A.,A,9.0
2022 - MARZO,Banco,BANCO GNB,PCR (Pacific Credit Rating),A,9.0
2022 - MARZO,Banco,BANCO PICHINCHA,Class y Asociados S.A.,A-,8.0
2022 - MARZO,Banco,BANCO PICHINCHA,PCR (Pacific Credit Rating),A-,8.0
2022 - MARZO,Banco,BANCO RIPLEY,Class y Asociados S.A.,B+,7.0
2022 - MARZO,Banco,BANCO RIPLEY,Moodys Local PE Clasificadora de Riesgo,B+,7.0
2022 - MARZO,Banco,BANCOM,Moodys Local PE Clasificadora de Riesgo,B+,7.0
2022 - MARZO,Banco,BANCOM,PCR (Pacific Credit Rating),B+,7.0
2022 - MARZO,Banco,BANK OF CHINA (PERU),Class y Asociados S.A.,A,9.0
2022 - MARZO,Banco,BANK OF CHINA (PERU),Moodys Local PE Clasificadora de Riesgo,A,9.0
2022 - MARZO,Banco,BBVA,Apoyo y Asociados Internacionales,A+,10.0
2022 - MARZO,Banco,BBVA,Moodys Local PE Clasificadora de Riesgo,A+,10.0
2022 - MARZO,Banco,BN. SANTANDER CONS.,Apoyo y Asociados Internacionales,A,9.0
2022 - MARZO,Banco,BN. SANTANDER CONS.,Moodys Local PE Clasificadora de Riesgo,A,9.0
2022 - MARZO,Seguros,BNP Paribas Cardif,Class y Asociados S.A.,A,9.0
2022 - MARZO,Seguros,BNP Paribas Cardif,PCR (Pacific Credit Rating),A,9.0
2022 - MARZO,Seguros,Cesce,Class y Asociados S.A.,A,9.0
2022 - MARZO,Seguros,Cesce,PCR (Pacific Credit Rating),A,9.0
2022 - MARZO,Seguros,Chubb Perú,Moodys Local PE Clasificadora de Riesgo,A,9.0
2022 - MARZO,Seguros,Chubb Perú,PCR (Pacific Credit Rating),A,9.0
2022 - MARZO,Banco,CITIBANK DEL PERU,Apoyo y Asociados Internacionales,A+,10.0
2022 - MARZO,Banco,CITIBANK DEL PERU,PCR (Pacific Credit Rating),A+,10.0
2022 - MARZO,Caja Municipal de Ahorro y Crédito,CMAC AREQUIPA,Apoyo y Asociados Internacionales,B+,7.0
2022 - MARZO,Caja Municipal de Ahorro y Crédito,CMAC AREQUIPA,Class y Asociados S.A.,B+,7.0
2022 - MARZO,Caja Municipal de Ahorro y Crédito,CMAC CUSCO,Apoyo y Asociados Internacionales,B+,7.0
2022 - MARZO,Caja Municipal de Ahorro y Crédito,CMAC CUSCO,Class y Asociados S.A.,B+,7.0
2022 - MARZO,Caja Municipal de Ahorro y Crédito,CMAC DEL SANTA,Apoyo y Asociados Internacionales,D,0.0
2022 - MARZO,Caja Municipal de Ahorro y Crédito,CMAC DEL SANTA,Microrate,D,0.0
2022 - MARZO,Caja Municipal de Ahorro y Crédito,CMAC HUANCAYO,Class y Asociados S.A.,B+,7.0
2022 - MARZO,Caja Municipal de Ahorro y Crédito,CMAC HUANCAYO,Moodys Local PE Clasificadora de Riesgo,B+,7.0
2022 - MARZO,Caja Municipal de Ahorro y Crédito,CMAC ICA,Apoyo y Asociados Internacionales,B-,5.0
2022 - MARZO,Caja Municipal de Ahorro y Crédito,CMAC ICA,JCR Latino America,B,6.0
2022 - MARZO,Caja Municipal de Ahorro y Crédito,CMAC ICA,Moodys Local PE Clasificadora de Riesgo,B-,5.0
2022 - MARZO,Caja Municipal de Ahorro y Crédito,CMAC MAYNAS,Apoyo y Asociados Internacionales,B-,5.0
2022 - MARZO,Caja Municipal de Ahorro y Crédito,CMAC MAYNAS,Class y Asociados S.A.,B-,5.0
2022 - MARZO,Caja Municipal de Ahorro y Crédito,CMAC PAITA,Apoyo y Asociados Internacionales,C-,2.0
2022 - MARZO,Caja Municipal de Ahorro y Crédito,CMAC PAITA,Microrate,C-,2.0
2022 - MARZO,Caja Municipal de Ahorro y Crédito,CMAC PIURA,Class y Asociados S.A.,B,6.0
2022 - MARZO,Caja Municipal de Ahorro y Crédito,CMAC PIURA,Microrate,B,6.0
2022 - MARZO,Caja Municipal de Ahorro y Crédito,CMAC SULLANA,Class y Asociados S.A.,C-,2.0
2022 - MARZO,Caja Municipal de Ahorro y Crédito,CMAC SULLANA,Microrate,D+,1.0
2022 - MARZO,Caja Municipal de Ahorro y Crédito,CMAC TACNA,Class y Asociados S.A.,C-,2.0
2022 - MARZO,Caja Municipal de Ahorro y Crédito,CMAC TACNA,Moodys Local PE Clasificadora de Riesgo,C,3.0
2022 - MARZO,Caja Municipal de Ahorro y Crédito,CMAC TRUJILLO,Apoyo y Asociados Internacionales,B,6.0
2022 - MARZO,Caja Municipal de Ahorro y Crédito,CMAC TRUJILLO,Class y Asociados S.A.,B,6.0
2022 - MARZO,Caja Municipal de Ahorro y Crédito,CMCP LIMA,Microrate,C,3.0
2022 - MARZO,Caja Municipal de Ahorro y Crédito,CMCP LIMA,PCR (Pacific Credit Rating),C,3.0
2022 - MARZO,Banco,COFIDE,Apoyo y Asociados Internacionales,A,9.0
2022 - MARZO,Banco,COFIDE,Class y Asociados S.A.,A,9.0
2022 - MARZO,Banco,COMPARTAMOS BANCO,Apoyo y Asociados Internacionales,A-,8.0
2022 - MARZO,Banco,COMPARTAMOS BANCO,Class y Asociados S.A.,A-,8.0
2022 - MARZO,Caja Rural de Ahorro y Crédito,CRAC CENCOSUD SCOTIA,Apoyo y Asociados Internacionales,A-,8.0
2022 - MARZO,Caja Rural de Ahorro y Crédito,CRAC CENCOSUD SCOTIA,Moodys Local PE Clasificadora de Riesgo,A-,8.0
2022 - MARZO,Caja Rural de Ahorro y Crédito,CRAC DEL CENTRO,Microrate,C-,2.0
2022 - MARZO,Caja Rural de Ahorro y Crédito,CRAC DEL CENTRO,PCR (Pacific Credit Rating),C,3.0
2022 - MARZO,Caja Rural de Ahorro y Crédito,CRAC INCASUR,Apoyo y Asociados Internacionales,C,3.0
2022 - MARZO,Caja Rural de Ahorro y Crédito,CRAC INCASUR,Class y Asociados S.A.,C-,2.0
2022 - MARZO,Caja Rural de Ahorro y Crédito,CRAC LOS ANDES,Class y Asociados S.A.,B-,5.0
2022 - MARZO,Caja Rural de Ahorro y Crédito,CRAC LOS ANDES,JCR Latino America,B-,5.0
2022 - MARZO,Caja Rural de Ahorro y Crédito,CRAC PRYMERA,Apoyo y Asociados Internacionales,C-,2.0
2022 - MARZO,Caja Rural de Ahorro y Crédito,CRAC PRYMERA,Class y Asociados S.A.,C-,2.0
2022 - MARZO,Caja Rural de Ahorro y Crédito,CRAC Raíz en Liquida,JCR Latino America,B-,5.0
2022 - MARZO,Caja Rural de Ahorro y Crédito,CRAC Raíz en Liquida,PCR (Pacific Credit Rating),C+,4.0
2022 - MARZO,Seguros,Crecer Seguros,Class y Asociados S.A.,A-,8.0
2022 - MARZO,Seguros,Crecer Seguros,PCR (Pacific Credit Rating),A-,8.0
2022 - MARZO,Empresa de Créditos,EMP.CRED.SANTANDER,Moodys Local PE Clasificadora de Riesgo,A-,8.0
2022 - MARZO,Empresa de Créditos,EMP.CRED.VIVELA,PCR (Pacific Credit Rating),B+,7.0
2022 - MARZO,Financiera,FINANC. CREDINKA,Class y Asociados S.A.,C+,4.0
2022 - MARZO,Financiera,FINANC. CREDINKA,PCR (Pacific Credit Rating),B-,5.0
2022 - MARZO,Financiera,FINANC. PROEMPRESA,Apoyo y Asociados Internacionales,B-,5.0
2022 - MARZO,Financiera,FINANC. PROEMPRESA,Class y Asociados S.A.,B-,5.0
2022 - MARZO,Financiera,FINANCIERA CONFIANZA,Apoyo y Asociados Internacionales,A-,8.0
2022 - MARZO,Financiera,FINANCIERA CONFIANZA,Class y Asociados S.A.,A-,8.0
2022 - MARZO,Financiera,FINANCIERA QAPAQ,Class y Asociados S.A.,C+,4.0
2022 - MARZO,Financiera,FINANCIERA QAPAQ,PCR (Pacific Credit Rating),C+,4.0
2022 - MARZO,Afianzadora y de Garantías,FOGAPI,PCR (Pacific Credit Rating),A,9.0
2022 - MARZO,Fondo,FONDO MIVIVIENDA,Apoyo y Asociados Internacionales,A,9.0
2022 - MARZO,Fondo,FONDO MIVIVIENDA,Moodys Local PE Clasificadora de Riesgo,A,9.0
2022 - MARZO,Banco,ICBC PERU BANK S.A.,Moodys Local PE Clasificadora de Riesgo,A,9.0
2022 - MARZO,Banco,ICBC PERU BANK S.A.,PCR (Pacific Credit Rating),A,9.0
2022 - MARZO,Financiera,INFINANCE XP S.A.,Apoyo y Asociados Internacionales,A-,8.0
2022 - MARZO,Financiera,INFINANCE XP S.A.,Class y Asociados S.A.,A-,8.0
2022 - MARZO,Seguros,Insur,Class y Asociados S.A.,A,9.0
2022 - MARZO,Seguros,Insur,PCR (Pacific Credit Rating),A,9.0
2022 - MARZO,Banco,INTERBANK,Apoyo y Asociados Internacionales,A,9.0
2022 - MARZO,Banco,INTERBANK,Class y Asociados S.A.,A+,10.0
2022 - MARZO,Banco,INTERBANK,Moodys Local PE Clasificadora de Riesgo,A+,10.0
2022 - MARZO,Seguros,Interseguro,Class y Asociados S.A.,A+,10.0
2022 - MARZO,Seguros,Interseguro,Moodys Local PE Clasificadora de Riesgo,A+,10.0
2022 - MARZO,Seguros,La Positiva,Moodys Local PE Clasificadora de Riesgo,A,9.0
2022 - MARZO,Seguros,La Positiva,PCR (Pacific Credit Rating),A,9.0
2022 - MARZO,Seguros,La Positiva Vida,Moodys Local PE Clasificadora de Riesgo,A,9.0
2022 - MARZO,Seguros,La Positiva Vida,PCR (Pacific Credit Rating),A,9.0
2022 - MARZO,Seguros,Liberty Seguros,Class y Asociados S.A.,A-,8.0
2022 - MARZO,Seguros,Liberty Seguros,Moodys Local PE Clasificadora de Riesgo,A-,8.0
2022 - MARZO,Seguros,Mapfre Perú,Class y Asociados S.A.,A,9.0
2022 - MARZO,Seguros,Mapfre Perú,PCR (Pacific Credit Rating),A+,10.0
2022 - MARZO,Seguros,Mapfre Peru (Abs),Class y Asociados S.A.,A,9.0
2022 - MARZO,Seguros,Mapfre Peru (Abs),PCR (Pacific Credit Rating),A,9.0
2022 - MARZO,Banco,MIBANCO,Apoyo y Asociados Internacionales,A,9.0
2022 - MARZO,Banco,MIBANCO,Moodys Local PE Clasificadora de Riesgo,A,9.0
2022 - MARZO,Banco,NACION,Apoyo y Asociados Internacionales,A,9.0
2022 - MARZO,Banco,NACION,Class y Asociados S.A.,A,9.0
2022 - MARZO,Seguros,Pacífico Seguros,Apoyo y Asociados Internacionales,A+,10.0
2022 - MARZO,Seguros,Pacífico Seguros,Moodys Local PE Clasificadora de Riesgo,A+,10.0
2022 - MARZO,Seguros,Protecta,Class y Asociados S.A.,A,9.0
2022 - MARZO,Seguros,Protecta,Moodys Local PE Clasificadora de Riesgo,A,9.0
2022 - MARZO,Seguros,Quálitas,Class y Asociados S.A.,A-,8.0
2022 - MARZO,Seguros,Quálitas,PCR (Pacific Credit Rating),A-,8.0
2022 - MARZO,Seguros,Rímac Seguros,Apoyo y Asociados Internacionales,A+,10.0
2022 - MARZO,Seguros,Rímac Seguros,Moodys Local PE Clasificadora de Riesgo,A+,10.0
2022 - MARZO,Banco,SANTANDER PERU,Apoyo y Asociados Internacionales,A+,10.0
2022 - MARZO,Banco,SANTANDER PERU,Moodys Local PE Clasificadora de Riesgo,A+,10.0
2022 - MARZO,Banco,SANTANDER PERU,PCR (Pacific Credit Rating),A+,10.0
2022 - MARZO,Banco,SCOTIABANK PERU,Apoyo y Asociados Internacionales,A+,10.0
2022 - MARZO,Banco,SCOTIABANK PERU,Moodys Local PE Clasificadora de Riesgo,A+,10.0
2022 - MARZO,Seguros,Vivir Seguros,Class y Asociados S.A.,A-,8.0
2022 - MARZO,Seguros,Vivir Seguros,JCR Latino America,A-,8.0
2022 - SEPTIEMBRE,Empresa de Créditos,ACCESO CREDITICIO,PCR (Pacific Credit Rating),B-,5.0
2022 - SEPTIEMBRE,Banco,AGROBANCO,Apoyo y Asociados Internacionales,B,6.0
2022 - SEPTIEMBRE,Banco,ALFIN BANCO,Class y Asociados S.A.,C-,2.0
2022 - SEPTIEMBRE,Banco,ALFIN BANCO,JCR Latino America,B-,5.0
2022 - SEPTIEMBRE,Financiera,AMERIKA FINANC. EL,Class y Asociados S.A.,B-,5.0
2022 - SEPTIEMBRE,Seguros,AuguStar Seguros,Apoyo y Asociados Internacionales,A-,8.0
2022 - SEPTIEMBRE,Seguros,AuguStar Seguros,PCR (Pacific Credit Rating),A-,8.0
2022 - SEPTIEMBRE,Seguros,AVLA Perú,JCR Latino America,A,9.0
2022 - SEPTIEMBRE,Seguros,AVLA Perú,PCR (Pacific Credit Rating),A-,8.0
2022 - SEPTIEMBRE,Banco,BANBIF,Class y Asociados S.A.,A,9.0
2022 - SEPTIEMBRE,Banco,BANBIF,PCR (Pacific Credit Rating),A+,10.0
2022 - SEPTIEMBRE,Banco,BANCO BCI,Apoyo y Asociados Internacionales,A,9.0
2022 - SEPTIEMBRE,Banco,BANCO BCI,Class y Asociados S.A.,A,9.0
2022 - SEPTIEMBRE,Banco,BANCO DE CREDITO,Apoyo y Asociados Internacionales,A+,10.0
2022 - SEPTIEMBRE,Banco,BANCO DE CREDITO,Moodys Local PE Clasificadora de Riesgo,A+,10.0
2022 - SEPTIEMBRE,Banco,BANCO EFECTIVA,Class y Asociados S.A.,A-,8.0
2022 - SEPTIEMBRE,Banco,BANCO EFECTIVA,JCR Latino America,A,9.0
2022 - SEPTIEMBRE,Banco,BANCO EFECTIVA,PCR (Pacific Credit Rating),A-,8.0
2022 - SEPTIEMBRE,Banco,BANCO FALABELLA,Apoyo y Asociados Internacionales,A-,8.0
2022 - SEPTIEMBRE,Banco,BANCO FALABELLA,Class y Asociados S.A.,A-,8.0
2022 - SEPTIEMBRE,Banco,BANCO GNB,Class y Asociados S.A.,A,9.0
2022 - SEPTIEMBRE,Banco,BANCO GNB,PCR (Pacific Credit Rating),A,9.0
2022 - SEPTIEMBRE,Banco,BANCO PICHINCHA,Class y Asociados S.A.,A-,8.0
2022 - SEPTIEMBRE,Banco,BANCO PICHINCHA,PCR (Pacific Credit Rating),A-,8.0
2022 - SEPTIEMBRE,Banco,BANCO RIPLEY,Moodys Local PE Clasificadora de Riesgo,B+,7.0
2022 - SEPTIEMBRE,Banco,BANCO RIPLEY,PCR (Pacific Credit Rating),B+,7.0
2022 - SEPTIEMBRE,Banco,BANCOM,Moodys Local PE Clasificadora de Riesgo,B+,7.0
2022 - SEPTIEMBRE,Banco,BANCOM,PCR (Pacific Credit Rating),B+,7.0
2022 - SEPTIEMBRE,Banco,BANK OF CHINA (PERU),Moodys Local PE Clasificadora de Riesgo,A,9.0
2022 - SEPTIEMBRE,Banco,BANK OF CHINA (PERU),PCR (Pacific Credit Rating),A,9.0
2022 - SEPTIEMBRE,Banco,BBVA,Apoyo y Asociados Internacionales,A+,10.0
2022 - SEPTIEMBRE,Banco,BBVA,Moodys Local PE Clasificadora de Riesgo,A+,10.0
2022 - SEPTIEMBRE,Banco,BN. SANTANDER CONS.,Apoyo y Asociados Internacionales,A,9.0
2022 - SEPTIEMBRE,Banco,BN. SANTANDER CONS.,Moodys Local PE Clasificadora de Riesgo,A,9.0
2022 - SEPTIEMBRE,Seguros,BNP Paribas Cardif,Class y Asociados S.A.,A,9.0
2022 - SEPTIEMBRE,Seguros,BNP Paribas Cardif,PCR (Pacific Credit Rating),A,9.0
2022 - SEPTIEMBRE,Seguros,Cesce,Class y Asociados S.A.,A,9.0
2022 - SEPTIEMBRE,Seguros,Cesce,PCR (Pacific Credit Rating),A,9.0
2022 - SEPTIEMBRE,Seguros,Chubb Perú,Moodys Local PE Clasificadora de Riesgo,A,9.0
2022 - SEPTIEMBRE,Seguros,Chubb Perú,PCR (Pacific Credit Rating),A,9.0
2022 - SEPTIEMBRE,Banco,CITIBANK DEL PERU,Apoyo y Asociados Internacionales,A+,10.0
2022 - SEPTIEMBRE,Banco,CITIBANK DEL PERU,PCR (Pacific Credit Rating),A+,10.0
2022 - SEPTIEMBRE,Caja Municipal de Ahorro y Crédito,CMAC AREQUIPA,Apoyo y Asociados Internacionales,B+,7.0
2022 - SEPTIEMBRE,Caja Municipal de Ahorro y Crédito,CMAC AREQUIPA,Class y Asociados S.A.,B+,7.0
2022 - SEPTIEMBRE,Caja Municipal de Ahorro y Crédito,CMAC CUSCO,Apoyo y Asociados Internacionales,B+,7.0
2022 - SEPTIEMBRE,Caja Municipal de Ahorro y Crédito,CMAC CUSCO,Class y Asociados S.A.,B+,7.0
2022 - SEPTIEMBRE,Caja Municipal de Ahorro y Crédito,CMAC DEL SANTA,Apoyo y Asociados Internacionales,D+,1.0
2022 - SEPTIEMBRE,Caja Municipal de Ahorro y Crédito,CMAC DEL SANTA,Microrate,D+,1.0
2022 - SEPTIEMBRE,Caja Municipal de Ahorro y Crédito,CMAC HUANCAYO,JCR Latino America,B+,7.0
2022 - SEPTIEMBRE,Caja Municipal de Ahorro y Crédito,CMAC HUANCAYO,Moodys Local PE Clasificadora de Riesgo,B+,7.0
2022 - SEPTIEMBRE,Caja Municipal de Ahorro y Crédito,CMAC ICA,Apoyo y Asociados Internacionales,B-,5.0
2022 - SEPTIEMBRE,Caja Municipal de Ahorro y Crédito,CMAC ICA,JCR Latino America,B,6.0
2022 - SEPTIEMBRE,Caja Municipal de Ahorro y Crédito,CMAC ICA,Moodys Local PE Clasificadora de Riesgo,B-,5.0
2022 - SEPTIEMBRE,Caja Municipal de Ahorro y Crédito,CMAC MAYNAS,Apoyo y Asociados Internacionales,B-,5.0
2022 - SEPTIEMBRE,Caja Municipal de Ahorro y Crédito,CMAC MAYNAS,Class y Asociados S.A.,B-,5.0
2022 - SEPTIEMBRE,Caja Municipal de Ahorro y Crédito,CMAC PAITA,Apoyo y Asociados Internacionales,C-,2.0
2022 - SEPTIEMBRE,Caja Municipal de Ahorro y Crédito,CMAC PAITA,Microrate,C-,2.0
2022 - SEPTIEMBRE,Caja Municipal de Ahorro y Crédito,CMAC PIURA,Class y Asociados S.A.,B,6.0
2022 - SEPTIEMBRE,Caja Municipal de Ahorro y Crédito,CMAC PIURA,Microrate,B,6.0
2022 - SEPTIEMBRE,Caja Municipal de Ahorro y Crédito,CMAC SULLANA,Class y Asociados S.A.,C-,2.0
2022 - SEPTIEMBRE,Caja Municipal de Ahorro y Crédito,CMAC SULLANA,Microrate,C-,2.0
2022 - SEPTIEMBRE,Caja Municipal de Ahorro y Crédito,CMAC TACNA,Microrate,C-,2.0
2022 - SEPTIEMBRE,Caja Municipal de Ahorro y Crédito,CMAC TACNA,Moodys Local PE Clasificadora de Riesgo,C,3.0
2022 - SEPTIEMBRE,Caja Municipal de Ahorro y Crédito,CMAC TRUJILLO,Apoyo y Asociados Internacionales,B,6.0
2022 - SEPTIEMBRE,Caja Municipal de Ahorro y Crédito,CMAC TRUJILLO,Class y Asociados S.A.,B,6.0
2022 - SEPTIEMBRE,Caja Municipal de Ahorro y Crédito,CMCP LIMA,Microrate,C,3.0
2022 - SEPTIEMBRE,Caja Municipal de Ahorro y Crédito,CMCP LIMA,PCR (Pacific Credit Rating),C,3.0
2022 - SEPTIEMBRE,Banco,COFIDE,Apoyo y Asociados Internacionales,A,9.0
2022 - SEPTIEMBRE,Banco,COFIDE,Class y Asociados S.A.,A,9.0
2022 - SEPTIEMBRE,Banco,COMPARTAMOS BANCO,Apoyo y Asociados Internacionales,A-,8.0
2022 - SEPTIEMBRE,Banco,COMPARTAMOS BANCO,Class y Asociados S.A.,A-,8.0
2022 - SEPTIEMBRE,Caja Rural de Ahorro y Crédito,CRAC CENCOSUD SCOTIA,Apoyo y Asociados Internacionales,A-,8.0
2022 - SEPTIEMBRE,Caja Rural de Ahorro y Crédito,CRAC CENCOSUD SCOTIA,Moodys Local PE Clasificadora de Riesgo,A-,8.0
2022 - SEPTIEMBRE,Caja Rural de Ahorro y Crédito,CRAC DEL CENTRO,Microrate,C,3.0
2022 - SEPTIEMBRE,Caja Rural de Ahorro y Crédito,CRAC DEL CENTRO,PCR (Pacific Credit Rating),C,3.0
2022 - SEPTIEMBRE,Caja Rural de Ahorro y Crédito,CRAC INCASUR,Apoyo y Asociados Internacionales,C,3.0
2022 - SEPTIEMBRE,Caja Rural de Ahorro y Crédito,CRAC INCASUR,Class y Asociados S.A.,C-,2.0
2022 - SEPTIEMBRE,Caja Rural de Ahorro y Crédito,CRAC LOS ANDES,Class y Asociados S.A.,B-,5.0
2022 - SEPTIEMBRE,Caja Rural de Ahorro y Crédito,CRAC LOS ANDES,JCR Latino America,B-,5.0
2022 - SEPTIEMBRE,Caja Rural de Ahorro y Crédito,CRAC PRYMERA,Apoyo y Asociados Internacionales,C-,2.0
2022 - SEPTIEMBRE,Caja Rural de Ahorro y Crédito,CRAC PRYMERA,Class y Asociados S.A.,C-,2.0
2022 - SEPTIEMBRE,Caja Rural de Ahorro y Crédito,CRAC Raíz en Liquida,JCR Latino America,B-,5.0
2022 - SEPTIEMBRE,Caja Rural de Ahorro y Crédito,CRAC Raíz en Liquida,PCR (Pacific Credit Rating),C+,4.0
2022 - SEPTIEMBRE,Seguros,Crecer Seguros,Class y Asociados S.A.,A-,8.0
2022 - SEPTIEMBRE,Seguros,Crecer Seguros,PCR (Pacific Credit Rating),A-,8.0
2022 - SEPTIEMBRE,Empresa de Créditos,EMP.CRED.SANTANDER,Moodys Local PE Clasificadora de Riesgo,A-,8.0
2022 - SEPTIEMBRE,Empresa de Créditos,EMP.CRED.VIVELA,PCR (Pacific Credit Rating),B+,7.0
2022 - SEPTIEMBRE,Financiera,FINANC. CREDINKA,Class y Asociados S.A.,C,3.0
2022 - SEPTIEMBRE,Financiera,FINANC. CREDINKA,PCR (Pacific Credit Rating),C+,4.0
2022 - SEPTIEMBRE,Financiera,FINANC. PROEMPRESA,Apoyo y Asociados Internacionales,B-,5.0
2022 - SEPTIEMBRE,Financiera,FINANC. PROEMPRESA,Class y Asociados S.A.,B-,5.0
2022 - SEPTIEMBRE,Financiera,FINANCIERA CONFIANZA,Apoyo y Asociados Internacionales,A-,8.0
2022 - SEPTIEMBRE,Financiera,FINANCIERA CONFIANZA,Class y Asociados S.A.,A-,8.0
2022 - SEPTIEMBRE,Financiera,FINANCIERA QAPAQ,Class y Asociados S.A.,C+,4.0
2022 - SEPTIEMBRE,Financiera,FINANCIERA QAPAQ,PCR (Pacific Credit Rating),C+,4.0
2022 - SEPTIEMBRE,Afianzadora y de Garantías,FOGAPI,PCR (Pacific Credit Rating),A,9.0
2022 - SEPTIEMBRE,Fondo,FONDO MIVIVIENDA,Apoyo y Asociados Internacionales,A,9.0
2022 - SEPTIEMBRE,Fondo,FONDO MIVIVIENDA,Moodys Local PE Clasificadora de Riesgo,A,9.0
2022 - SEPTIEMBRE,Banco,ICBC PERU BANK S.A.,Moodys Local PE Clasificadora de Riesgo,A,9.0
2022 - SEPTIEMBRE,Banco,ICBC PERU BANK S.A.,PCR (Pacific Credit Rating),A,9.0
2022 - SEPTIEMBRE,Financiera,INFINANCE XP S.A.,Apoyo y Asociados Internacionales,A-,8.0
2022 - SEPTIEMBRE,Financiera,INFINANCE XP S.A.,Class y Asociados S.A.,A-,8.0
2022 - SEPTIEMBRE,Seguros,Insur,Class y Asociados S.A.,A,9.0
2022 - SEPTIEMBRE,Seguros,Insur,PCR (Pacific Credit Rating),A,9.0
2022 - SEPTIEMBRE,Banco,INTERBANK,Apoyo y Asociados Internacionales,A,9.0
2022 - SEPTIEMBRE,Banco,INTERBANK,Moodys Local PE Clasificadora de Riesgo,A+,10.0
2022 - SEPTIEMBRE,Seguros,Interseguro,Moodys Local PE Clasificadora de Riesgo,A+,10.0
2022 - SEPTIEMBRE,Seguros,Interseguro,PCR (Pacific Credit Rating),A+,10.0
2022 - SEPTIEMBRE,Seguros,La Positiva,Moodys Local PE Clasificadora de Riesgo,A,9.0
2022 - SEPTIEMBRE,Seguros,La Positiva,PCR (Pacific Credit Rating),A,9.0
2022 - SEPTIEMBRE,Seguros,La Positiva Vida,Moodys Local PE Clasificadora de Riesgo,A,9.0
2022 - SEPTIEMBRE,Seguros,La Positiva Vida,PCR (Pacific Credit Rating),A,9.0
2022 - SEPTIEMBRE,Seguros,Liberty Seguros,JCR Latino America,A-,8.0
2022 - SEPTIEMBRE,Seguros,Liberty Seguros,Moodys Local PE Clasificadora de Riesgo,A-,8.0
2022 - SEPTIEMBRE,Seguros,Mapfre Perú,Class y Asociados S.A.,A,9.0
2022 - SEPTIEMBRE,Seguros,Mapfre Perú,PCR (Pacific Credit Rating),A+,10.0
2022 - SEPTIEMBRE,Banco,MIBANCO,Apoyo y Asociados Internacionales,A,9.0
2022 - SEPTIEMBRE,Banco,MIBANCO,Moodys Local PE Clasificadora de Riesgo,A,9.0
2022 - SEPTIEMBRE,Banco,NACION,Apoyo y Asociados Internacionales,A,9.0
2022 - SEPTIEMBRE,Banco,NACION,Class y Asociados S.A.,A,9.0
2022 - SEPTIEMBRE,Seguros,Pacífico Seguros,Apoyo y Asociados Internacionales,A+,10.0
2022 - SEPTIEMBRE,Seguros,Pacífico Seguros,Moodys Local PE Clasificadora de Riesgo,A+,10.0
2022 - SEPTIEMBRE,Seguros,Protecta,Moodys Local PE Clasificadora de Riesgo,A,9.0
2022 - SEPTIEMBRE,Seguros,Protecta,PCR (Pacific Credit Rating),A,9.0
2022 - SEPTIEMBRE,Seguros,Quálitas,Class y Asociados S.A.,A-,8.0
2022 - SEPTIEMBRE,Seguros,Quálitas,PCR (Pacific Credit Rating),A-,8.0
2022 - SEPTIEMBRE,Seguros,Rímac Seguros,Apoyo y Asociados Internacionales,A+,10.0
2022 - SEPTIEMBRE,Seguros,Rímac Seguros,Moodys Local PE Clasificadora de Riesgo,A+,10.0
2022 - SEPTIEMBRE,Banco,SANTANDER PERU,Apoyo y Asociados Internacionales,A+,10.0
2022 - SEPTIEMBRE,Banco,SANTANDER PERU,Moodys Local PE Clasificadora de Riesgo,A+,10.0
2022 - SEPTIEMBRE,Banco,SANTANDER PERU,PCR (Pacific Credit Rating),A+,10.0
2022 - SEPTIEMBRE,Banco,SCOTIABANK PERU,Apoyo y Asociados Internacionales,A+,10.0
2022 - SEPTIEMBRE,Banco,SCOTIABANK PERU,Moodys Local PE Clasificadora de Riesgo,A+,10.0
2022 - SEPTIEMBRE,Seguros,Vivir Seguros,Class y Asociados S.A.,A-,8.0
2022 - SEPTIEMBRE,Seguros,Vivir Seguros,JCR Latino America,A-,8.0
2023 - MARZO,Banco,AGROBANCO,Apoyo y Asociados Internacionales,B,6.0
2023 - MARZO,Banco,AGROBANCO,Microrate,B-,5.0
2023 - MARZO,Banco,ALFIN BANCO,JCR Latino America,B,6.0
2023 - MARZO,Banco,ALFIN BANCO,PCR (Pacific Credit Rating),B-,5.0
2023 - MARZO,Seguros,AuguStar Seguros,Apoyo y Asociados Internacionales,A-,8.0
2023 - MARZO,Seguros,AuguStar Seguros,PCR (Pacific Credit Rating),A-,8.0
2023 - MARZO,Seguros,AVLA Perú,JCR Latino America,A,9.0
2023 - MARZO,Seguros,AVLA Perú,PCR (Pacific Credit Rating),A-,8.0
2023 - MARZO,Banco,BANBIF,Moodys Local PE Clasificadora de Riesgo,A,9.0
2023 - MARZO,Banco,BANBIF,PCR (Pacific Credit Rating),A+,10.0
2023 - MARZO,Banco,BANCO BCI,Apoyo y Asociados Internacionales,A,9.0
2023 - MARZO,Banco,BANCO BCI,Moodys Local PE Clasificadora de Riesgo,A,9.0
2023 - MARZO,Banco,BANCO DE CREDITO,Apoyo y Asociados Internacionales,A+,10.0
2023 - MARZO,Banco,BANCO DE CREDITO,Moodys Local PE Clasificadora de Riesgo,A+,10.0
2023 - MARZO,Banco,BANCO EFECTIVA,JCR Latino America,A,9.0
2023 - MARZO,Banco,BANCO EFECTIVA,Moodys Local PE Clasificadora de Riesgo,A-,8.0
2023 - MARZO,Banco,BANCO EFECTIVA,PCR (Pacific Credit Rating),A-,8.0
2023 - MARZO,Banco,BANCO FALABELLA,Apoyo y Asociados Internacionales,A-,8.0
2023 - MARZO,Banco,BANCO FALABELLA,Moodys Local PE Clasificadora de Riesgo,A-,8.0
2023 - MARZO,Banco,BANCO GNB,Moodys Local PE Clasificadora de Riesgo,A,9.0
2023 - MARZO,Banco,BANCO GNB,PCR (Pacific Credit Rating),A,9.0
2023 - MARZO,Banco,BANCO PICHINCHA,Moodys Local PE Clasificadora de Riesgo,A-,8.0
2023 - MARZO,Banco,BANCO PICHINCHA,PCR (Pacific Credit Rating),A-,8.0
2023 - MARZO,Banco,BANCO RIPLEY,Moodys Local PE Clasificadora de Riesgo,B+,7.0
2023 - MARZO,Banco,BANCO RIPLEY,PCR (Pacific Credit Rating),B+,7.0
2023 - MARZO,Banco,BANCOM,Moodys Local PE Clasificadora de Riesgo,B+,7.0
2023 - MARZO,Banco,BANCOM,PCR (Pacific Credit Rating),B+,7.0
2023 - MARZO,Banco,BANK OF CHINA (PERU),Moodys Local PE Clasificadora de Riesgo,A,9.0
2023 - MARZO,Banco,BANK OF CHINA (PERU),PCR (Pacific Credit Rating),A,9.0
2023 - MARZO,Banco,BBVA,Apoyo y Asociados Internacionales,A+,10.0
2023 - MARZO,Banco,BBVA,Moodys Local PE Clasificadora de Riesgo,A+,10.0
2023 - MARZO,Banco,BN. SANTANDER CONS.,Apoyo y Asociados Internacionales,A,9.0
2023 - MARZO,Banco,BN. SANTANDER CONS.,Moodys Local PE Clasificadora de Riesgo,A,9.0
2023 - MARZO,Seguros,BNP Paribas Cardif,Moodys Local PE Clasificadora de Riesgo,A,9.0
2023 - MARZO,Seguros,BNP Paribas Cardif,PCR (Pacific Credit Rating),A,9.0
2023 - MARZO,Seguros,Cesce,Moodys Local PE Clasificadora de Riesgo,A,9.0
2023 - MARZO,Seguros,Cesce,PCR (Pacific Credit Rating),A,9.0
2023 - MARZO,Seguros,Chubb Perú,Moodys Local PE Clasificadora de Riesgo,A,9.0
2023 - MARZO,Seguros,Chubb Perú,PCR (Pacific Credit Rating),A,9.0
2023 - MARZO,Banco,CITIBANK DEL PERU,Apoyo y Asociados Internacionales,A+,10.0
2023 - MARZO,Banco,CITIBANK DEL PERU,PCR (Pacific Credit Rating),A+,10.0
2023 - MARZO,Caja Municipal de Ahorro y Crédito,CMAC AREQUIPA,Apoyo y Asociados Internacionales,B+,7.0
2023 - MARZO,Caja Municipal de Ahorro y Crédito,CMAC AREQUIPA,Moodys Local PE Clasificadora de Riesgo,B+,7.0
2023 - MARZO,Caja Municipal de Ahorro y Crédito,CMAC CUSCO,Apoyo y Asociados Internacionales,B+,7.0
2023 - MARZO,Caja Municipal de Ahorro y Crédito,CMAC CUSCO,Moodys Local PE Clasificadora de Riesgo,B+,7.0
2023 - MARZO,Caja Municipal de Ahorro y Crédito,CMAC DEL SANTA,Apoyo y Asociados Internacionales,D+,1.0
2023 - MARZO,Caja Municipal de Ahorro y Crédito,CMAC DEL SANTA,Microrate,D+,1.0
2023 - MARZO,Caja Municipal de Ahorro y Crédito,CMAC HUANCAYO,JCR Latino America,B+,7.0
2023 - MARZO,Caja Municipal de Ahorro y Crédito,CMAC HUANCAYO,Moodys Local PE Clasificadora de Riesgo,B+,7.0
2023 - MARZO,Caja Municipal de Ahorro y Crédito,CMAC ICA,Apoyo y Asociados Internacionales,B-,5.0
2023 - MARZO,Caja Municipal de Ahorro y Crédito,CMAC ICA,JCR Latino America,B,6.0
2023 - MARZO,Caja Municipal de Ahorro y Crédito,CMAC ICA,Moodys Local PE Clasificadora de Riesgo,B-,5.0
2023 - MARZO,Caja Municipal de Ahorro y Crédito,CMAC MAYNAS,Apoyo y Asociados Internacionales,B-,5.0
2023 - MARZO,Caja Municipal de Ahorro y Crédito,CMAC MAYNAS,Moodys Local PE Clasificadora de Riesgo,B-,5.0
2023 - MARZO,Caja Municipal de Ahorro y Crédito,CMAC PAITA,Apoyo y Asociados Internacionales,C,3.0
2023 - MARZO,Caja Municipal de Ahorro y Crédito,CMAC PAITA,Microrate,C,3.0
2023 - MARZO,Caja Municipal de Ahorro y Crédito,CMAC PIURA,Microrate,B+,7.0
2023 - MARZO,Caja Municipal de Ahorro y Crédito,CMAC PIURA,Moodys Local PE Clasificadora de Riesgo,B,6.0
2023 - MARZO,Caja Municipal de Ahorro y Crédito,CMAC SULLANA,Microrate,C-,2.0
2023 - MARZO,Caja Municipal de Ahorro y Crédito,CMAC SULLANA,Moodys Local PE Clasificadora de Riesgo,C,3.0
2023 - MARZO,Caja Municipal de Ahorro y Crédito,CMAC TACNA,Microrate,C-,2.0
2023 - MARZO,Caja Municipal de Ahorro y Crédito,CMAC TACNA,Moodys Local PE Clasificadora de Riesgo,C,3.0
2023 - MARZO,Caja Municipal de Ahorro y Crédito,CMAC TRUJILLO,Apoyo y Asociados Internacionales,B+,7.0
2023 - MARZO,Caja Municipal de Ahorro y Crédito,CMAC TRUJILLO,Moodys Local PE Clasificadora de Riesgo,B,6.0
2023 - MARZO,Caja Municipal de Ahorro y Crédito,CMCP LIMA,Microrate,C,3.0
2023 - MARZO,Caja Municipal de Ahorro y Crédito,CMCP LIMA,PCR (Pacific Credit Rating),C,3.0
2023 - MARZO,Banco,COFIDE,Apoyo y Asociados Internacionales,A,9.0
2023 - MARZO,Banco,COFIDE,Moodys Local PE Clasificadora de Riesgo,A,9.0
2023 - MARZO,Banco,COMPARTAMOS BANCO,Apoyo y Asociados Internacionales,A-,8.0
2023 - MARZO,Banco,COMPARTAMOS BANCO,Moodys Local PE Clasificadora de Riesgo,A-,8.0
2023 - MARZO,Caja Rural de Ahorro y Crédito,CRAC CENCOSUD SCOTIA,Apoyo y Asociados Internacionales,A-,8.0
2023 - MARZO,Caja Rural de Ahorro y Crédito,CRAC CENCOSUD SCOTIA,Moodys Local PE Clasificadora de Riesgo,A-,8.0
2023 - MARZO,Caja Rural de Ahorro y Crédito,CRAC DEL CENTRO,Microrate,C,3.0
2023 - MARZO,Caja Rural de Ahorro y Crédito,CRAC DEL CENTRO,PCR (Pacific Credit Rating),C,3.0
2023 - MARZO,Caja Rural de Ahorro y Crédito,CRAC INCASUR,Apoyo y Asociados Internacionales,C,3.0
2023 - MARZO,Caja Rural de Ahorro y Crédito,CRAC INCASUR,Moodys Local PE Clasificadora de Riesgo,C-,2.0
2023 - MARZO,Caja Rural de Ahorro y Crédito,CRAC LOS ANDES,JCR Latino America,B-,5.0
2023 - MARZO,Caja Rural de Ahorro y Crédito,CRAC LOS ANDES,Moodys Local PE Clasificadora de Riesgo,B-,5.0
2023 - MARZO,Caja Rural de Ahorro y Crédito,CRAC PRYMERA,Apoyo y Asociados Internacionales,C-,2.0
2023 - MARZO,Caja Rural de Ahorro y Crédito,CRAC PRYMERA,Moodys Local PE Clasificadora de Riesgo,C-,2.0
2023 - MARZO,Caja Rural de Ahorro y Crédito,CRAC Raíz en Liquida,JCR Latino America,C+,4.0
2023 - MARZO,Caja Rural de Ahorro y Crédito,CRAC Raíz en Liquida,PCR (Pacific Credit Rating),C,3.0
2023 - MARZO,Seguros,Crecer Seguros,Moodys Local PE Clasificadora de Riesgo,A-,8.0
2023 - MARZO,Seguros,Crecer Seguros,PCR (Pacific Credit Rating),A-,8.0
2023 - MARZO,Empresa de Créditos,EMP.CRED.ALTERNATIVA,PCR (Pacific Credit Rating),B,6.0
2023 - MARZO,Empresa de Créditos,EMP.CRED.SANTANDER,Moodys Local PE Clasificadora de Riesgo,A-,8.0
2023 - MARZO,Empresa de Créditos,EMP.CRED.VIVELA,PCR (Pacific Credit Rating),B+,7.0
2023 - MARZO,Financiera,FINANC. CREDINKA,Moodys Local PE Clasificadora de Riesgo,C,3.0
2023 - MARZO,Financiera,FINANC. CREDINKA,PCR (Pacific Credit Rating),C+,4.0
2023 - MARZO,Financiera,FINANC. PROEMPRESA,Apoyo y Asociados Internacionales,C+,4.0
2023 - MARZO,Financiera,FINANC. PROEMPRESA,Moodys Local PE Clasificadora de Riesgo,B-,5.0
2023 - MARZO,Financiera,FINANCIERA CONFIANZA,Apoyo y Asociados Internacionales,A-,8.0
2023 - MARZO,Financiera,FINANCIERA CONFIANZA,Moodys Local PE Clasificadora de Riesgo,A-,8.0
2023 - MARZO,Financiera,FINANCIERA QAPAQ,Moodys Local PE Clasificadora de Riesgo,C+,4.0
2023 - MARZO,Financiera,FINANCIERA QAPAQ,PCR (Pacific Credit Rating),C+,4.0
2023 - MARZO,Afianzadora y de Garantías,FOGAPI,PCR (Pacific Credit Rating),A,9.0
2023 - MARZO,Fondo,FONDO MIVIVIENDA,Apoyo y Asociados Internacionales,A,9.0
2023 - MARZO,Fondo,FONDO MIVIVIENDA,Moodys Local PE Clasificadora de Riesgo,A,9.0
2023 - MARZO,Banco,ICBC PERU BANK S.A.,Moodys Local PE Clasificadora de Riesgo,A,9.0
2023 - MARZO,Banco,ICBC PERU BANK S.A.,PCR (Pacific Credit Rating),A,9.0
2023 - MARZO,Financiera,INFINANCE XP S.A.,Apoyo y Asociados Internacionales,A-,8.0
2023 - MARZO,Financiera,INFINANCE XP S.A.,Moodys Local PE Clasificadora de Riesgo,A-,8.0
2023 - MARZO,Seguros,Insur,Moodys Local PE Clasificadora de Riesgo,A,9.0
2023 - MARZO,Seguros,Insur,PCR (Pacific Credit Rating),A,9.0
2023 - MARZO,Banco,INTERBANK,Apoyo y Asociados Internacionales,A,9.0
2023 - MARZO,Banco,INTERBANK,Moodys Local PE Clasificadora de Riesgo,A+,10.0
2023 - MARZO,Seguros,Interseguro,Moodys Local PE Clasificadora de Riesgo,A+,10.0
2023 - MARZO,Seguros,Interseguro,PCR (Pacific Credit Rating),A+,10.0
2023 - MARZO,Seguros,La Positiva,Moodys Local PE Clasificadora de Riesgo,A,9.0
2023 - MARZO,Seguros,La Positiva,PCR (Pacific Credit Rating),A,9.0
2023 - MARZO,Seguros,La Positiva Vida,Moodys Local PE Clasificadora de Riesgo,A,9.0
2023 - MARZO,Seguros,La Positiva Vida,PCR (Pacific Credit Rating),A,9.0
2023 - MARZO,Seguros,Liberty Seguros,JCR Latino America,A-,8.0
2023 - MARZO,Seguros,Liberty Seguros,Moodys Local PE Clasificadora de Riesgo,A-,8.0
2023 - MARZO,Seguros,Mapfre Perú,Moodys Local PE Clasificadora de Riesgo,A,9.0
2023 - MARZO,Seguros,Mapfre Perú,PCR (Pacific Credit Rating),A+,10.0
2023 - MARZO,Banco,MIBANCO,Apoyo y Asociados Internacionales,A,9.0
2023 - MARZO,Banco,MIBANCO,Moodys Local PE Clasificadora de Riesgo,A,9.0
2023 - MARZO,Banco,NACION,Apoyo y Asociados Internacionales,A,9.0
2023 - MARZO,Banco,NACION,Moodys Local PE Clasificadora de Riesgo,A,9.0
2023 - MARZO,Seguros,Pacífico Seguros,Apoyo y Asociados Internacionales,A+,10.0
2023 - MARZO,Seguros,Pacífico Seguros,Moodys Local PE Clasificadora de Riesgo,A+,10.0
2023 - MARZO,Seguros,Protecta,Moodys Local PE Clasificadora de Riesgo,A,9.0
2023 - MARZO,Seguros,Protecta,PCR (Pacific Credit Rating),A,9.0
2023 - MARZO,Seguros,Quálitas,Moodys Local PE Clasificadora de Riesgo,A-,8.0
2023 - MARZO,Seguros,Quálitas,PCR (Pacific Credit Rating),A-,8.0
2023 - MARZO,Seguros,Rímac Seguros,Apoyo y Asociados Internacionales,A+,10.0
2023 - MARZO,Seguros,Rímac Seguros,Moodys Local PE Clasificadora de Riesgo,A+,10.0
2023 - MARZO,Banco,SANTANDER PERU,Apoyo y Asociados Internacionales,A+,10.0
2023 - MARZO,Banco,SANTANDER PERU,Moodys Local PE Clasificadora de Riesgo,A+,10.0
2023 - MARZO,Banco,SANTANDER PERU,PCR (Pacific Credit Rating),A+,10.0
2023 - MARZO,Banco,SCOTIABANK PERU,Apoyo y Asociados Internacionales,A+,10.0
2023 - MARZO,Banco,SCOTIABANK PERU,Moodys Local PE Clasificadora de Riesgo,A+,10.0
2023 - MARZO,Seguros,Vivir Seguros,JCR Latino America,A-,8.0
2023 - MARZO,Seguros,Vivir Seguros,Moodys Local PE Clasificadora de Riesgo,A-,8.0
2023 - SEPTIEMBRE,Banco,AGROBANCO,Apoyo y Asociados Internacionales,B,6.0
2023 - SEPTIEMBRE,Banco,ALFIN BANCO,JCR Latino America,B+,7.0
2023 - SEPTIEMBRE,Banco,ALFIN BANCO,PCR (Pacific Credit Rating),B+,7.0
2023 - SEPTIEMBRE,Seguros,AuguStar Seguros,Apoyo y Asociados Internacionales,A-,8.0
2023 - SEPTIEMBRE,Seguros,AuguStar Seguros,PCR (Pacific Credit Rating),A-,8.0
2023 - SEPTIEMBRE,Seguros,AVLA Perú,JCR Latino America,A,9.0
2023 - SEPTIEMBRE,Seguros,AVLA Perú,PCR (Pacific Credit Rating),A-,8.0
2023 - SEPTIEMBRE,Banco,BANBIF,Moodys Local PE Clasificadora de Riesgo,A,9.0
2023 - SEPTIEMBRE,Banco,BANBIF,PCR (Pacific Credit Rating),A+,10.0
2023 - SEPTIEMBRE,Banco,BANCO BCI,Apoyo y Asociados Internacionales,A,9.0
2023 - SEPTIEMBRE,Banco,BANCO BCI,Moodys Local PE Clasificadora de Riesgo,A,9.0
2023 - SEPTIEMBRE,Banco,BANCO DE CREDITO,Apoyo y Asociados Internacionales,A+,10.0
2023 - SEPTIEMBRE,Banco,BANCO DE CREDITO,Moodys Local PE Clasificadora de Riesgo,A+,10.0
2023 - SEPTIEMBRE,Banco,BANCO EFECTIVA,JCR Latino America,A,9.0
2023 - SEPTIEMBRE,Banco,BANCO EFECTIVA,Moodys Local PE Clasificadora de Riesgo,A-,8.0
2023 - SEPTIEMBRE,Banco,BANCO EFECTIVA,PCR (Pacific Credit Rating),A-,8.0
2023 - SEPTIEMBRE,Banco,BANCO FALABELLA,Apoyo y Asociados Internacionales,A-,8.0
2023 - SEPTIEMBRE,Banco,BANCO FALABELLA,Moodys Local PE Clasificadora de Riesgo,A-,8.0
2023 - SEPTIEMBRE,Banco,BANCO GNB,Moodys Local PE Clasificadora de Riesgo,A,9.0
2023 - SEPTIEMBRE,Banco,BANCO GNB,PCR (Pacific Credit Rating),A,9.0
2023 - SEPTIEMBRE,Banco,BANCO PICHINCHA,Moodys Local PE Clasificadora de Riesgo,A-,8.0
2023 - SEPTIEMBRE,Banco,BANCO PICHINCHA,PCR (Pacific Credit Rating),A-,8.0
2023 - SEPTIEMBRE,Banco,BANCO RIPLEY,Moodys Local PE Clasificadora de Riesgo,B+,7.0
2023 - SEPTIEMBRE,Banco,BANCO RIPLEY,PCR (Pacific Credit Rating),B+,7.0
2023 - SEPTIEMBRE,Banco,BANCOM,Moodys Local PE Clasificadora de Riesgo,B+,7.0
2023 - SEPTIEMBRE,Banco,BANCOM,PCR (Pacific Credit Rating),B+,7.0
2023 - SEPTIEMBRE,Banco,BANK OF CHINA (PERU),Moodys Local PE Clasificadora de Riesgo,A,9.0
2023 - SEPTIEMBRE,Banco,BANK OF CHINA (PERU),PCR (Pacific Credit Rating),A,9.0
2023 - SEPTIEMBRE,Banco,BBVA,Apoyo y Asociados Internacionales,A+,10.0
2023 - SEPTIEMBRE,Banco,BBVA,Moodys Local PE Clasificadora de Riesgo,A+,10.0
2023 - SEPTIEMBRE,Banco,BN. SANTANDER CONS.,Apoyo y Asociados Internacionales,A,9.0
2023 - SEPTIEMBRE,Banco,BN. SANTANDER CONS.,Moodys Local PE Clasificadora de Riesgo,A,9.0
2023 - SEPTIEMBRE,Seguros,BNP Paribas Cardif,Moodys Local PE Clasificadora de Riesgo,A,9.0
2023 - SEPTIEMBRE,Seguros,BNP Paribas Cardif,PCR (Pacific Credit Rating),A,9.0
2023 - SEPTIEMBRE,Seguros,Cesce,Moodys Local PE Clasificadora de Riesgo,A,9.0
2023 - SEPTIEMBRE,Seguros,Cesce,PCR (Pacific Credit Rating),A,9.0
2023 - SEPTIEMBRE,Seguros,Chubb Perú,Moodys Local PE Clasificadora de Riesgo,A,9.0
2023 - SEPTIEMBRE,Seguros,Chubb Perú,PCR (Pacific Credit Rating),A,9.0
2023 - SEPTIEMBRE,Banco,CITIBANK DEL PERU,Apoyo y Asociados Internacionales,A+,10.0
2023 - SEPTIEMBRE,Banco,CITIBANK DEL PERU,PCR (Pacific Credit Rating),A+,10.0
2023 - SEPTIEMBRE,Caja Municipal de Ahorro y Crédito,CMAC AREQUIPA,Apoyo y Asociados Internacionales,B+,7.0
2023 - SEPTIEMBRE,Caja Municipal de Ahorro y Crédito,CMAC AREQUIPA,PCR (Pacific Credit Rating),A-,8.0
2023 - SEPTIEMBRE,Caja Municipal de Ahorro y Crédito,CMAC CUSCO,Apoyo y Asociados Internacionales,B+,7.0
2023 - SEPTIEMBRE,Caja Municipal de Ahorro y Crédito,CMAC CUSCO,Moodys Local PE Clasificadora de Riesgo,B+,7.0
2023 - SEPTIEMBRE,Caja Municipal de Ahorro y Crédito,CMAC DEL SANTA,Apoyo y Asociados Internacionales,C-,2.0
2023 - SEPTIEMBRE,Caja Municipal de Ahorro y Crédito,CMAC DEL SANTA,Microrate,D+,1.0
2023 - SEPTIEMBRE,Caja Municipal de Ahorro y Crédito,CMAC HUANCAYO,JCR Latino America,B+,7.0
2023 - SEPTIEMBRE,Caja Municipal de Ahorro y Crédito,CMAC HUANCAYO,Moodys Local PE Clasificadora de Riesgo,B+,7.0
2023 - SEPTIEMBRE,Caja Municipal de Ahorro y Crédito,CMAC ICA,Apoyo y Asociados Internacionales,B-,5.0
2023 - SEPTIEMBRE,Caja Municipal de Ahorro y Crédito,CMAC ICA,JCR Latino America,B,6.0
2023 - SEPTIEMBRE,Caja Municipal de Ahorro y Crédito,CMAC MAYNAS,Apoyo y Asociados Internacionales,B-,5.0
2023 - SEPTIEMBRE,Caja Municipal de Ahorro y Crédito,CMAC MAYNAS,Moodys Local PE Clasificadora de Riesgo,B-,5.0
2023 - SEPTIEMBRE,Caja Municipal de Ahorro y Crédito,CMAC PAITA,Apoyo y Asociados Internacionales,C,3.0
2023 - SEPTIEMBRE,Caja Municipal de Ahorro y Crédito,CMAC PAITA,Microrate,C,3.0
2023 - SEPTIEMBRE,Caja Municipal de Ahorro y Crédito,CMAC PIURA,Microrate,B+,7.0
2023 - SEPTIEMBRE,Caja Municipal de Ahorro y Crédito,CMAC PIURA,Moodys Local PE Clasificadora de Riesgo,B,6.0
2023 - SEPTIEMBRE,Caja Municipal de Ahorro y Crédito,CMAC SULLANA,Microrate,C-,2.0
2023 - SEPTIEMBRE,Caja Municipal de Ahorro y Crédito,CMAC SULLANA,Moodys Local PE Clasificadora de Riesgo,C,3.0
2023 - SEPTIEMBRE,Caja Municipal de Ahorro y Crédito,CMAC TACNA,Microrate,C-,2.0
2023 - SEPTIEMBRE,Caja Municipal de Ahorro y Crédito,CMAC TACNA,Moodys Local PE Clasificadora de Riesgo,C,3.0
2023 - SEPTIEMBRE,Caja Municipal de Ahorro y Crédito,CMAC TRUJILLO,Apoyo y Asociados Internacionales,B+,7.0
2023 - SEPTIEMBRE,Caja Municipal de Ahorro y Crédito,CMAC TRUJILLO,Moodys Local PE Clasificadora de Riesgo,B+,7.0
2023 - SEPTIEMBRE,Caja Municipal de Ahorro y Crédito,CMCP LIMA,Microrate,C,3.0
2023 - SEPTIEMBRE,Caja Municipal de Ahorro y Crédito,CMCP LIMA,PCR (Pacific Credit Rating),C,3.0
2023 - SEPTIEMBRE,Banco,COFIDE,Apoyo y Asociados Internacionales,A,9.0
2023 - SEPTIEMBRE,Banco,COFIDE,Moodys Local PE Clasificadora de Riesgo,A,9.0
2023 - SEPTIEMBRE,Banco,COMPARTAMOS BANCO,Apoyo y Asociados Internacionales,A-,8.0
2023 - SEPTIEMBRE,Banco,COMPARTAMOS BANCO,JCR Latino America,A,9.0
2023 - SEPTIEMBRE,Banco,COMPARTAMOS BANCO,Moodys Local PE Clasificadora de Riesgo,A-,8.0
2023 - SEPTIEMBRE,Caja Rural de Ahorro y Crédito,CRAC CENCOSUD SCOTIA,Apoyo y Asociados Internacionales,A-,8.0
2023 - SEPTIEMBRE,Caja Rural de Ahorro y Crédito,CRAC CENCOSUD SCOTIA,Moodys Local PE Clasificadora de Riesgo,A-,8.0
2023 - SEPTIEMBRE,Caja Rural de Ahorro y Crédito,CRAC DEL CENTRO,Microrate,C,3.0
2023 - SEPTIEMBRE,Caja Rural de Ahorro y Crédito,CRAC DEL CENTRO,PCR (Pacific Credit Rating),C,3.0
2023 - SEPTIEMBRE,Caja Rural de Ahorro y Crédito,CRAC INCASUR,Apoyo y Asociados Internacionales,C-,2.0
2023 - SEPTIEMBRE,Caja Rural de Ahorro y Crédito,CRAC INCASUR,Moodys Local PE Clasificadora de Riesgo,C-,2.0
2023 - SEPTIEMBRE,Caja Rural de Ahorro y Crédito,CRAC LOS ANDES,JCR Latino America,B-,5.0
2023 - SEPTIEMBRE,Caja Rural de Ahorro y Crédito,CRAC LOS ANDES,PCR (Pacific Credit Rating),B-,5.0
2023 - SEPTIEMBRE,Caja Rural de Ahorro y Crédito,CRAC PRYMERA,Apoyo y Asociados Internacionales,C-,2.0
2023 - SEPTIEMBRE,Caja Rural de Ahorro y Crédito,CRAC PRYMERA,Moodys Local PE Clasificadora de Riesgo,C-,2.0
2023 - SEPTIEMBRE,Seguros,Crecer Seguros,Moodys Local PE Clasificadora de Riesgo,A-,8.0
2023 - SEPTIEMBRE,Seguros,Crecer Seguros,PCR (Pacific Credit Rating),A-,8.0
2023 - SEPTIEMBRE,Empresa de Créditos,EMP.CRED.ALTERNATIVA,PCR (Pacific Credit Rating),B,6.0
2023 - SEPTIEMBRE,Empresa de Créditos,EMP.CRED.SANTANDER,Moodys Local PE Clasificadora de Riesgo,A-,8.0
2023 - SEPTIEMBRE,Empresa de Créditos,EMP.CRED.VIVELA,PCR (Pacific Credit Rating),B+,7.0
2023 - SEPTIEMBRE,Financiera,FINANC. CREDINKA,Moodys Local PE Clasificadora de Riesgo,C-,2.0
2023 - SEPTIEMBRE,Financiera,FINANC. CREDINKA,PCR (Pacific Credit Rating),C,3.0
2023 - SEPTIEMBRE,Financiera,FINANC. PROEMPRESA,Apoyo y Asociados Internacionales,C+,4.0
2023 - SEPTIEMBRE,Financiera,FINANC. PROEMPRESA,Moodys Local PE Clasificadora de Riesgo,C+,4.0
2023 - SEPTIEMBRE,Financiera,FINANCIERA CONFIANZA,Apoyo y Asociados Internacionales,A-,8.0
2023 - SEPTIEMBRE,Financiera,FINANCIERA CONFIANZA,Moodys Local PE Clasificadora de Riesgo,A-,8.0
2023 - SEPTIEMBRE,Financiera,FINANCIERA QAPAQ,Moodys Local PE Clasificadora de Riesgo,C+,4.0
2023 - SEPTIEMBRE,Financiera,FINANCIERA QAPAQ,PCR (Pacific Credit Rating),C+,4.0
2023 - SEPTIEMBRE,Afianzadora y de Garantías,FOGAPI,PCR (Pacific Credit Rating),A,9.0
2023 - SEPTIEMBRE,Fondo,FONDO MIVIVIENDA,Apoyo y Asociados Internacionales,A,9.0
2023 - SEPTIEMBRE,Fondo,FONDO MIVIVIENDA,Moodys Local PE Clasificadora de Riesgo,A,9.0
2023 - SEPTIEMBRE,Banco,ICBC PERU BANK S.A.,Moodys Local PE Clasificadora de Riesgo,A,9.0
2023 - SEPTIEMBRE,Banco,ICBC PERU BANK S.A.,PCR (Pacific Credit Rating),A,9.0
2023 - SEPTIEMBRE,Financiera,INFINANCE XP S.A.,Apoyo y Asociados Internacionales,A-,8.0
2023 - SEPTIEMBRE,Financiera,INFINANCE XP S.A.,Moodys Local PE Clasificadora de Riesgo,A-,8.0
2023 - SEPTIEMBRE,Seguros,Insur,Moodys Local PE Clasificadora de Riesgo,A,9.0
2023 - SEPTIEMBRE,Seguros,Insur,PCR (Pacific Credit Rating),A,9.0
2023 - SEPTIEMBRE,Banco,INTERBANK,Apoyo y Asociados Internacionales,A,9.0
2023 - SEPTIEMBRE,Banco,INTERBANK,Moodys Local PE Clasificadora de Riesgo,A+,10.0
2023 - SEPTIEMBRE,Seguros,Interseguro,Moodys Local PE Clasificadora de Riesgo,A+,10.0
2023 - SEPTIEMBRE,Seguros,Interseguro,PCR (Pacific Credit Rating),A+,10.0
2023 - SEPTIEMBRE,Seguros,La Positiva,Moodys Local PE Clasificadora de Riesgo,A,9.0
2023 - SEPTIEMBRE,Seguros,La Positiva,PCR (Pacific Credit Rating),A,9.0
2023 - SEPTIEMBRE,Seguros,La Positiva Vida,Moodys Local PE Clasificadora de Riesgo,A,9.0
2023 - SEPTIEMBRE,Seguros,La Positiva Vida,PCR (Pacific Credit Rating),A,9.0
2023 - SEPTIEMBRE,Seguros,Liberty Seguros,JCR Latino America,A-,8.0
2023 - SEPTIEMBRE,Seguros,Liberty Seguros,Moodys Local PE Clasificadora de Riesgo,A-,8.0
2023 - SEPTIEMBRE,Seguros,Mapfre Perú,Moodys Local PE Clasificadora de Riesgo,A,9.0
2023 - SEPTIEMBRE,Seguros,Mapfre Perú,PCR (Pacific Credit Rating),A+,10.0
2023 - SEPTIEMBRE,Banco,MIBANCO,Apoyo y Asociados Internacionales,A,9.0
2023 - SEPTIEMBRE,Banco,MIBANCO,Moodys Local PE Clasificadora de Riesgo,A,9.0
2023 - SEPTIEMBRE,Banco,NACION,Apoyo y Asociados Internacionales,A,9.0
2023 - SEPTIEMBRE,Banco,NACION,Moodys Local PE Clasificadora de Riesgo,A,9.0
2023 - SEPTIEMBRE,Seguros,Pacífico Seguros,Apoyo y Asociados Internacionales,A+,10.0
2023 - SEPTIEMBRE,Seguros,Pacífico Seguros,Moodys Local PE Clasificadora de Riesgo,A+,10.0
2023 - SEPTIEMBRE,Seguros,Protecta,Moodys Local PE Clasificadora de Riesgo,A,9.0
2023 - SEPTIEMBRE,Seguros,Protecta,PCR (Pacific Credit Rating),A,9.0
2023 - SEPTIEMBRE,Seguros,Quálitas,Moodys Local PE Clasificadora de Riesgo,A-,8.0
2023 - SEPTIEMBRE,Seguros,Quálitas,PCR (Pacific Credit Rating),A-,8.0
2023 - SEPTIEMBRE,Seguros,Rímac Seguros,Apoyo y Asociados Internacionales,A+,10.0
2023 - SEPTIEMBRE,Seguros,Rímac Seguros,Moodys Local PE Clasificadora de Riesgo,A+,10.0
2023 - SEPTIEMBRE,Banco,SANTANDER PERU,Apoyo y Asociados Internacionales,A+,10.0
2023 - SEPTIEMBRE,Banco,SANTANDER PERU,Moodys Local PE Clasificadora de Riesgo,A+,10.0
2023 - SEPTIEMBRE,Banco,SANTANDER PERU,PCR (Pacific Credit Rating),A+,10.0
2023 - SEPTIEMBRE,Banco,SCOTIABANK PERU,Apoyo y Asociados Internacionales,A+,10.0
2023 - SEPTIEMBRE,Banco,SCOTIABANK PERU,Moodys Local PE Clasificadora de Riesgo,A+,10.0
2023 - SEPTIEMBRE,Seguros,Vivir Seguros,JCR Latino America,A-,8.0
2023 - SEPTIEMBRE,Seguros,Vivir Seguros,Moodys Local PE Clasificadora de Riesgo,A-,8.0
2024 - MARZO,Banco,AGROBANCO,Apoyo y Asociados Internacionales,B,6.0
2024 - MARZO,Banco,ALFIN BANCO,JCR Latino America,B+,7.0
2024 - MARZO,Banco,ALFIN BANCO,PCR (Pacific Credit Rating),B+,7.0
2024 - MARZO,Seguros,AuguStar Seguros,Apoyo y Asociados Internacionales,A-,8.0
2024 - MARZO,Seguros,AuguStar Seguros,PCR (Pacific Credit Rating),A-,8.0
2024 - MARZO,Seguros,AVLA Perú,JCR Latino America,A,9.0
2024 - MARZO,Seguros,AVLA Perú,PCR (Pacific Credit Rating),A,9.0
2024 - MARZO,Banco,BANBIF,Moodys Local PE Clasificadora de Riesgo,A,9.0
2024 - MARZO,Banco,BANBIF,PCR (Pacific Credit Rating),A+,10.0
2024 - MARZO,Banco,BANCO BCI,Apoyo y Asociados Internacionales,A,9.0
2024 - MARZO,Banco,BANCO BCI,Moodys Local PE Clasificadora de Riesgo,A,9.0
2024 - MARZO,Banco,BANCO DE CREDITO,Apoyo y Asociados Internacionales,A+,10.0
2024 - MARZO,Banco,BANCO DE CREDITO,Moodys Local PE Clasificadora de Riesgo,A+,10.0
2024 - MARZO,Banco,BANCO EFECTIVA,JCR Latino America,A,9.0
2024 - MARZO,Banco,BANCO EFECTIVA,Moodys Local PE Clasificadora de Riesgo,A-,8.0
2024 - MARZO,Banco,BANCO EFECTIVA,PCR (Pacific Credit Rating),A-,8.0
2024 - MARZO,Banco,BANCO FALABELLA,Apoyo y Asociados Internacionales,A-,8.0
2024 - MARZO,Banco,BANCO FALABELLA,Moodys Local PE Clasificadora de Riesgo,A-,8.0
2024 - MARZO,Banco,BANCO GNB,Moodys Local PE Clasificadora de Riesgo,A,9.0
2024 - MARZO,Banco,BANCO GNB,PCR (Pacific Credit Rating),A,9.0
2024 - MARZO,Banco,BANCO PICHINCHA,Moodys Local PE Clasificadora de Riesgo,A-,8.0
2024 - MARZO,Banco,BANCO PICHINCHA,PCR (Pacific Credit Rating),A-,8.0
2024 - MARZO,Banco,BANCO RIPLEY,Moodys Local PE Clasificadora de Riesgo,B+,7.0
2024 - MARZO,Banco,BANCO RIPLEY,PCR (Pacific Credit Rating),B+,7.0
2024 - MARZO,Banco,BANCOM,Moodys Local PE Clasificadora de Riesgo,B+,7.0
2024 - MARZO,Banco,BANCOM,PCR (Pacific Credit Rating),B+,7.0
2024 - MARZO,Banco,BANK OF CHINA (PERU),Moodys Local PE Clasificadora de Riesgo,A,9.0
2024 - MARZO,Banco,BANK OF CHINA (PERU),PCR (Pacific Credit Rating),A,9.0
2024 - MARZO,Banco,BBVA,Apoyo y Asociados Internacionales,A+,10.0
2024 - MARZO,Banco,BBVA,Moodys Local PE Clasificadora de Riesgo,A+,10.0
2024 - MARZO,Banco,BN. SANTANDER CONS.,Apoyo y Asociados Internacionales,A,9.0
2024 - MARZO,Banco,BN. SANTANDER CONS.,Moodys Local PE Clasificadora de Riesgo,A,9.0
2024 - MARZO,Seguros,BNP Paribas Cardif,Moodys Local PE Clasificadora de Riesgo,A,9.0
2024 - MARZO,Seguros,BNP Paribas Cardif,PCR (Pacific Credit Rating),A,9.0
2024 - MARZO,Seguros,Cesce,Moodys Local PE Clasificadora de Riesgo,A,9.0
2024 - MARZO,Seguros,Cesce,PCR (Pacific Credit Rating),A,9.0
2024 - MARZO,Seguros,Chubb Perú,Moodys Local PE Clasificadora de Riesgo,A,9.0
2024 - MARZO,Seguros,Chubb Perú,PCR (Pacific Credit Rating),A,9.0
2024 - MARZO,Banco,CITIBANK DEL PERU,Apoyo y Asociados Internacionales,A+,10.0
2024 - MARZO,Banco,CITIBANK DEL PERU,PCR (Pacific Credit Rating),A+,10.0
2024 - MARZO,Caja Municipal de Ahorro y Crédito,CMAC AREQUIPA,Apoyo y Asociados Internacionales,B+,7.0
2024 - MARZO,Caja Municipal de Ahorro y Crédito,CMAC AREQUIPA,PCR (Pacific Credit Rating),A-,8.0
2024 - MARZO,Caja Municipal de Ahorro y Crédito,CMAC CUSCO,Apoyo y Asociados Internacionales,B+,7.0
2024 - MARZO,Caja Municipal de Ahorro y Crédito,CMAC CUSCO,Moodys Local PE Clasificadora de Riesgo,B+,7.0
2024 - MARZO,Caja Municipal de Ahorro y Crédito,CMAC CUSCO,PCR (Pacific Credit Rating),B+,7.0
2024 - MARZO,Caja Municipal de Ahorro y Crédito,CMAC DEL SANTA,Apoyo y Asociados Internacionales,C-,2.0
2024 - MARZO,Caja Municipal de Ahorro y Crédito,CMAC DEL SANTA,Microrate,D+,1.0
2024 - MARZO,Caja Municipal de Ahorro y Crédito,CMAC HUANCAYO,JCR Latino America,B+,7.0
2024 - MARZO,Caja Municipal de Ahorro y Crédito,CMAC HUANCAYO,Moodys Local PE Clasificadora de Riesgo,B+,7.0
2024 - MARZO,Caja Municipal de Ahorro y Crédito,CMAC ICA,Apoyo y Asociados Internacionales,B-,5.0
2024 - MARZO,Caja Municipal de Ahorro y Crédito,CMAC ICA,JCR Latino America,B,6.0
2024 - MARZO,Caja Municipal de Ahorro y Crédito,CMAC ICA,PCR (Pacific Credit Rating),B,6.0
2024 - MARZO,Caja Municipal de Ahorro y Crédito,CMAC MAYNAS,Apoyo y Asociados Internacionales,B-,5.0
2024 - MARZO,Caja Municipal de Ahorro y Crédito,CMAC MAYNAS,Moodys Local PE Clasificadora de Riesgo,B-,5.0
2024 - MARZO,Caja Municipal de Ahorro y Crédito,CMAC PAITA,Apoyo y Asociados Internacionales,C,3.0
2024 - MARZO,Caja Municipal de Ahorro y Crédito,CMAC PAITA,Microrate,C,3.0
2024 - MARZO,Caja Municipal de Ahorro y Crédito,CMAC PIURA,Microrate,B+,7.0
2024 - MARZO,Caja Municipal de Ahorro y Crédito,CMAC PIURA,Moodys Local PE Clasificadora de Riesgo,B,6.0
2024 - MARZO,Caja Municipal de Ahorro y Crédito,CMAC SULLANA,Microrate,D+,1.0
2024 - MARZO,Caja Municipal de Ahorro y Crédito,CMAC TACNA,Microrate,C-,2.0
2024 - MARZO,Caja Municipal de Ahorro y Crédito,CMAC TACNA,Moodys Local PE Clasificadora de Riesgo,C,3.0
2024 - MARZO,Caja Municipal de Ahorro y Crédito,CMAC TRUJILLO,Apoyo y Asociados Internacionales,B+,7.0
2024 - MARZO,Caja Municipal de Ahorro y Crédito,CMAC TRUJILLO,Moodys Local PE Clasificadora de Riesgo,B+,7.0
2024 - MARZO,Caja Municipal de Ahorro y Crédito,CMCP LIMA,Microrate,C,3.0
2024 - MARZO,Caja Municipal de Ahorro y Crédito,CMCP LIMA,PCR (Pacific Credit Rating),C,3.0
2024 - MARZO,Banco,COFIDE,Apoyo y Asociados Internacionales,A,9.0
2024 - MARZO,Banco,COFIDE,Moodys Local PE Clasificadora de Riesgo,A,9.0
2024 - MARZO,Banco,COMPARTAMOS BANCO,Apoyo y Asociados Internacionales,A-,8.0
2024 - MARZO,Banco,COMPARTAMOS BANCO,JCR Latino America,A,9.0
2024 - MARZO,Banco,COMPARTAMOS BANCO,Moodys Local PE Clasificadora de Riesgo,A-,8.0
2024 - MARZO,Caja Rural de Ahorro y Crédito,CRAC CENCOSUD SCOTIA,Apoyo y Asociados Internacionales,A-,8.0
2024 - MARZO,Caja Rural de Ahorro y Crédito,CRAC CENCOSUD SCOTIA,Moodys Local PE Clasificadora de Riesgo,A-,8.0
2024 - MARZO,Caja Rural de Ahorro y Crédito,CRAC DEL CENTRO,Microrate,C,3.0
2024 - MARZO,Caja Rural de Ahorro y Crédito,CRAC DEL CENTRO,PCR (Pacific Credit Rating),C,3.0
2024 - MARZO,Caja Rural de Ahorro y Crédito,CRAC INCASUR,Apoyo y Asociados Internacionales,C-,2.0
2024 - MARZO,Caja Rural de Ahorro y Crédito,CRAC INCASUR,Moodys Local PE Clasificadora de Riesgo,C-,2.0
2024 - MARZO,Caja Rural de Ahorro y Crédito,CRAC LOS ANDES,JCR Latino America,B-,5.0
2024 - MARZO,Caja Rural de Ahorro y Crédito,CRAC LOS ANDES,PCR (Pacific Credit Rating),B-,5.0
2024 - MARZO,Caja Rural de Ahorro y Crédito,CRAC PRYMERA,Apoyo y Asociados Internacionales,C-,2.0
2024 - MARZO,Caja Rural de Ahorro y Crédito,CRAC PRYMERA,Moodys Local PE Clasificadora de Riesgo,C-,2.0
2024 - MARZO,Seguros,Crecer Seguros,Moodys Local PE Clasificadora de Riesgo,A-,8.0
2024 - MARZO,Seguros,Crecer Seguros,PCR (Pacific Credit Rating),A-,8.0
2024 - MARZO,Empresa de Créditos,EMP.CRED.SANTANDER,Moodys Local PE Clasificadora de Riesgo,A-,8.0
2024 - MARZO,Empresa de Créditos,EMP.CRED.VIVELA,PCR (Pacific Credit Rating),B+,7.0
2024 - MARZO,Financiera,FINANC. CREDINKA,Moodys Local PE Clasificadora de Riesgo,C-,2.0
2024 - MARZO,Financiera,FINANC. CREDINKA,PCR (Pacific Credit Rating),C,3.0
2024 - MARZO,Financiera,FINANC. PROEMPRESA,Apoyo y Asociados Internacionales,C+,4.0
2024 - MARZO,Financiera,FINANC. PROEMPRESA,Moodys Local PE Clasificadora de Riesgo,C+,4.0
2024 - MARZO,Financiera,FINANCIERA CONFIANZA,Apoyo y Asociados Internacionales,A-,8.0
2024 - MARZO,Financiera,FINANCIERA CONFIANZA,Moodys Local PE Clasificadora de Riesgo,A-,8.0
2024 - MARZO,Financiera,FINANCIERA QAPAQ,Moodys Local PE Clasificadora de Riesgo,C+,4.0
2024 - MARZO,Financiera,FINANCIERA QAPAQ,PCR (Pacific Credit Rating),C+,4.0
2024 - MARZO,Financiera,FINANCIERA SURGIR,Apoyo y Asociados Internacionales,A-,8.0
2024 - MARZO,Financiera,FINANCIERA SURGIR,PCR (Pacific Credit Rating),A-,8.0
2024 - MARZO,Afianzadora y de Garantías,FOGAPI,PCR (Pacific Credit Rating),A,9.0
2024 - MARZO,Fondo,FONDO MIVIVIENDA,Apoyo y Asociados Internacionales,A,9.0
2024 - MARZO,Fondo,FONDO MIVIVIENDA,Moodys Local PE Clasificadora de Riesgo,A,9.0
2024 - MARZO,Banco,ICBC PERU BANK S.A.,Moodys Local PE Clasificadora de Riesgo,A,9.0
2024 - MARZO,Banco,ICBC PERU BANK S.A.,PCR (Pacific Credit Rating),A,9.0
2024 - MARZO,Financiera,INFINANCE XP S.A.,Apoyo y Asociados Internacionales,A-,8.0
2024 - MARZO,Financiera,INFINANCE XP S.A.,Moodys Local PE Clasificadora de Riesgo,A-,8.0
2024 - MARZO,Seguros,Insur,Moodys Local PE Clasificadora de Riesgo,A,9.0
2024 - MARZO,Seguros,Insur,PCR (Pacific Credit Rating),A,9.0
2024 - MARZO,Banco,INTERBANK,Apoyo y Asociados Internacionales,A,9.0
2024 - MARZO,Banco,INTERBANK,Moodys Local PE Clasificadora de Riesgo,A+,10.0
2024 - MARZO,Seguros,Interseguro,Moodys Local PE Clasificadora de Riesgo,A+,10.0
2024 - MARZO,Seguros,Interseguro,PCR (Pacific Credit Rating),A+,10.0
2024 - MARZO,Seguros,La Positiva,Moodys Local PE Clasificadora de Riesgo,A,9.0
2024 - MARZO,Seguros,La Positiva,PCR (Pacific Credit Rating),A,9.0
2024 - MARZO,Seguros,La Positiva Vida,Moodys Local PE Clasificadora de Riesgo,A,9.0
2024 - MARZO,Seguros,La Positiva Vida,PCR (Pacific Credit Rating),A,9.0
2024 - MARZO,Seguros,Liberty Seguros,JCR Latino America,A-,8.0
2024 - MARZO,Seguros,Liberty Seguros,Moodys Local PE Clasificadora de Riesgo,A-,8.0
2024 - MARZO,Seguros,Mapfre Perú,Moodys Local PE Clasificadora de Riesgo,A+,10.0
2024 - MARZO,Seguros,Mapfre Perú,PCR (Pacific Credit Rating),A+,10.0
2024 - MARZO,Banco,MIBANCO,Apoyo y Asociados Internacionales,A,9.0
2024 - MARZO,Banco,MIBANCO,Moodys Local PE Clasificadora de Riesgo,A,9.0
2024 - MARZO,Financiera,MITSUI AUTO FINANCE,Moodys Local PE Clasificadora de Riesgo,A-,8.0
2024 - MARZO,Banco,NACION,Apoyo y Asociados Internacionales,A,9.0
2024 - MARZO,Banco,NACION,Moodys Local PE Clasificadora de Riesgo,A,9.0
2024 - MARZO,Seguros,Pacífico Seguros,Apoyo y Asociados Internacionales,A+,10.0
2024 - MARZO,Seguros,Pacífico Seguros,Moodys Local PE Clasificadora de Riesgo,A+,10.0
2024 - MARZO,Seguros,Protecta,Moodys Local PE Clasificadora de Riesgo,A,9.0
2024 - MARZO,Seguros,Protecta,PCR (Pacific Credit Rating),A,9.0
2024 - MARZO,Seguros,Quálitas,Moodys Local PE Clasificadora de Riesgo,A-,8.0
2024 - MARZO,Seguros,Quálitas,PCR (Pacific Credit Rating),A-,8.0
2024 - MARZO,Seguros,Rímac Seguros,Apoyo y Asociados Internacionales,A+,10.0
2024 - MARZO,Seguros,Rímac Seguros,Moodys Local PE Clasificadora de Riesgo,A+,10.0
2024 - MARZO,Banco,SANTANDER PERU,Apoyo y Asociados Internacionales,A+,10.0
2024 - MARZO,Banco,SANTANDER PERU,Moodys Local PE Clasificadora de Riesgo,A+,10.0
2024 - MARZO,Banco,SANTANDER PERU,PCR (Pacific Credit Rating),A+,10.0
2024 - MARZO,Banco,SCOTIABANK PERU,Apoyo y Asociados Internacionales,A+,10.0
2024 - MARZO,Banco,SCOTIABANK PERU,Moodys Local PE Clasificadora de Riesgo,A+,10.0
2024 - MARZO,Seguros,Vivir Seguros,JCR Latino America,A-,8.0
2024 - MARZO,Seguros,Vivir Seguros,Moodys Local PE Clasificadora de Riesgo,A-,8.0
2024 - SEPTIEMBRE,Banco,AGROBANCO,Apoyo y Asociados Internacionales,B+,7.0
2024 - SEPTIEMBRE,Banco,ALFIN BANCO,JCR Latino America,B+,7.0
2024 - SEPTIEMBRE,Banco,ALFIN BANCO,PCR (Pacific Credit Rating),B+,7.0
2024 - SEPTIEMBRE,Seguros,AuguStar Seguros,Apoyo y Asociados Internacionales,A-,8.0
2024 - SEPTIEMBRE,Seguros,AuguStar Seguros,PCR (Pacific Credit Rating),A-,8.0
2024 - SEPTIEMBRE,Seguros,AVLA Perú,JCR Latino America,A,9.0
2024 - SEPTIEMBRE,Seguros,AVLA Perú,PCR (Pacific Credit Rating),A,9.0
2024 - SEPTIEMBRE,Banco,BANBIF,Moodys Local PE Clasificadora de Riesgo,A,9.0
2024 - SEPTIEMBRE,Banco,BANBIF,PCR (Pacific Credit Rating),A+,10.0
2024 - SEPTIEMBRE,Banco,BANCO BCI,Apoyo y Asociados Internacionales,A,9.0
2024 - SEPTIEMBRE,Banco,BANCO BCI,Moodys Local PE Clasificadora de Riesgo,A,9.0
2024 - SEPTIEMBRE,Banco,BANCO DE CREDITO,Apoyo y Asociados Internacionales,A+,10.0
2024 - SEPTIEMBRE,Banco,BANCO DE CREDITO,Moodys Local PE Clasificadora de Riesgo,A+,10.0
2024 - SEPTIEMBRE,Banco,BANCO EFECTIVA,JCR Latino America,A,9.0
2024 - SEPTIEMBRE,Banco,BANCO EFECTIVA,Moodys Local PE Clasificadora de Riesgo,A-,8.0
2024 - SEPTIEMBRE,Banco,BANCO EFECTIVA,PCR (Pacific Credit Rating),A-,8.0
2024 - SEPTIEMBRE,Banco,BANCO FALABELLA,Apoyo y Asociados Internacionales,A-,8.0
2024 - SEPTIEMBRE,Banco,BANCO FALABELLA,Moodys Local PE Clasificadora de Riesgo,A-,8.0
2024 - SEPTIEMBRE,Banco,BANCO GNB,Moodys Local PE Clasificadora de Riesgo,A,9.0
2024 - SEPTIEMBRE,Banco,BANCO GNB,PCR (Pacific Credit Rating),A,9.0
2024 - SEPTIEMBRE,Banco,BANCO PICHINCHA,Moodys Local PE Clasificadora de Riesgo,A-,8.0
2024 - SEPTIEMBRE,Banco,BANCO PICHINCHA,PCR (Pacific Credit Rating),A-,8.0
2024 - SEPTIEMBRE,Banco,BANCO RIPLEY,Moodys Local PE Clasificadora de Riesgo,B+,7.0
2024 - SEPTIEMBRE,Banco,BANCO RIPLEY,PCR (Pacific Credit Rating),B+,7.0
2024 - SEPTIEMBRE,Banco,BANCOM,Moodys Local PE Clasificadora de Riesgo,B+,7.0
2024 - SEPTIEMBRE,Banco,BANCOM,PCR (Pacific Credit Rating),B+,7.0
2024 - SEPTIEMBRE,Banco,BANK OF CHINA (PERU),Moodys Local PE Clasificadora de Riesgo,A,9.0
2024 - SEPTIEMBRE,Banco,BANK OF CHINA (PERU),PCR (Pacific Credit Rating),A,9.0
2024 - SEPTIEMBRE,Banco,BBVA,Apoyo y Asociados Internacionales,A+,10.0
2024 - SEPTIEMBRE,Banco,BBVA,Moodys Local PE Clasificadora de Riesgo,A+,10.0
2024 - SEPTIEMBRE,Banco,BN. SANTANDER CONS.,Apoyo y Asociados Internacionales,A,9.0
2024 - SEPTIEMBRE,Banco,BN. SANTANDER CONS.,Moodys Local PE Clasificadora de Riesgo,A,9.0
2024 - SEPTIEMBRE,Seguros,BNP Paribas Cardif,Moodys Local PE Clasificadora de Riesgo,A,9.0
2024 - SEPTIEMBRE,Seguros,BNP Paribas Cardif,PCR (Pacific Credit Rating),A,9.0
2024 - SEPTIEMBRE,Seguros,Cesce,Moodys Local PE Clasificadora de Riesgo,A,9.0
2024 - SEPTIEMBRE,Seguros,Cesce,PCR (Pacific Credit Rating),A,9.0
2024 - SEPTIEMBRE,Seguros,Chubb Perú,Moodys Local PE Clasificadora de Riesgo,A,9.0
2024 - SEPTIEMBRE,Seguros,Chubb Perú,PCR (Pacific Credit Rating),A,9.0
2024 - SEPTIEMBRE,Banco,CITIBANK DEL PERU,Apoyo y Asociados Internacionales,A+,10.0
2024 - SEPTIEMBRE,Banco,CITIBANK DEL PERU,PCR (Pacific Credit Rating),A+,10.0
2024 - SEPTIEMBRE,Caja Municipal de Ahorro y Crédito,CMAC AREQUIPA,Apoyo y Asociados Internacionales,B+,7.0
2024 - SEPTIEMBRE,Caja Municipal de Ahorro y Crédito,CMAC AREQUIPA,PCR (Pacific Credit Rating),A-,8.0
2024 - SEPTIEMBRE,Caja Municipal de Ahorro y Crédito,CMAC CUSCO,Apoyo y Asociados Internacionales,B+,7.0
2024 - SEPTIEMBRE,Caja Municipal de Ahorro y Crédito,CMAC CUSCO,Moodys Local PE Clasificadora de Riesgo,B+,7.0
2024 - SEPTIEMBRE,Caja Municipal de Ahorro y Crédito,CMAC CUSCO,PCR (Pacific Credit Rating),B+,7.0
2024 - SEPTIEMBRE,Caja Municipal de Ahorro y Crédito,CMAC DEL SANTA,Apoyo y Asociados Internacionales,C-,2.0
2024 - SEPTIEMBRE,Caja Municipal de Ahorro y Crédito,CMAC DEL SANTA,Microrate,D+,1.0
2024 - SEPTIEMBRE,Caja Municipal de Ahorro y Crédito,CMAC HUANCAYO,JCR Latino America,A-,8.0
2024 - SEPTIEMBRE,Caja Municipal de Ahorro y Crédito,CMAC HUANCAYO,Moodys Local PE Clasificadora de Riesgo,B+,7.0
2024 - SEPTIEMBRE,Caja Municipal de Ahorro y Crédito,CMAC ICA,Apoyo y Asociados Internacionales,B,6.0
2024 - SEPTIEMBRE,Caja Municipal de Ahorro y Crédito,CMAC ICA,JCR Latino America,B,6.0
2024 - SEPTIEMBRE,Caja Municipal de Ahorro y Crédito,CMAC ICA,PCR (Pacific Credit Rating),B,6.0
2024 - SEPTIEMBRE,Caja Municipal de Ahorro y Crédito,CMAC MAYNAS,Apoyo y Asociados Internacionales,B-,5.0
2024 - SEPTIEMBRE,Caja Municipal de Ahorro y Crédito,CMAC MAYNAS,Moodys Local PE Clasificadora de Riesgo,B-,5.0
2024 - SEPTIEMBRE,Caja Municipal de Ahorro y Crédito,CMAC PAITA,Apoyo y Asociados Internacionales,C,3.0
2024 - SEPTIEMBRE,Caja Municipal de Ahorro y Crédito,CMAC PAITA,Microrate,C,3.0
2024 - SEPTIEMBRE,Caja Municipal de Ahorro y Crédito,CMAC PIURA,Microrate,B,6.0
2024 - SEPTIEMBRE,Caja Municipal de Ahorro y Crédito,CMAC PIURA,Moodys Local PE Clasificadora de Riesgo,B,6.0
2024 - SEPTIEMBRE,Caja Municipal de Ahorro y Crédito,CMAC TACNA,Microrate,C-,2.0
2024 - SEPTIEMBRE,Caja Municipal de Ahorro y Crédito,CMAC TACNA,Moodys Local PE Clasificadora de Riesgo,C,3.0
2024 - SEPTIEMBRE,Caja Municipal de Ahorro y Crédito,CMAC TRUJILLO,Apoyo y Asociados Internacionales,B+,7.0
2024 - SEPTIEMBRE,Caja Municipal de Ahorro y Crédito,CMAC TRUJILLO,Moodys Local PE Clasificadora de Riesgo,B+,7.0
2024 - SEPTIEMBRE,Caja Municipal de Ahorro y Crédito,CMCP LIMA,JCR Latino America,C,3.0
2024 - SEPTIEMBRE,Caja Municipal de Ahorro y Crédito,CMCP LIMA,Microrate,C,3.0
2024 - SEPTIEMBRE,Banco,COFIDE,Apoyo y Asociados Internacionales,A,9.0
2024 - SEPTIEMBRE,Banco,COFIDE,Moodys Local PE Clasificadora de Riesgo,A,9.0
2024 - SEPTIEMBRE,Banco,COMPARTAMOS BANCO,Apoyo y Asociados Internacionales,A-,8.0
2024 - SEPTIEMBRE,Banco,COMPARTAMOS BANCO,JCR Latino America,A,9.0
2024 - SEPTIEMBRE,Banco,COMPARTAMOS BANCO,Moodys Local PE Clasificadora de Riesgo,A-,8.0
2024 - SEPTIEMBRE,Caja Rural de Ahorro y Crédito,CRAC CENCOSUD SCOTIA,Apoyo y Asociados Internacionales,A-,8.0
2024 - SEPTIEMBRE,Caja Rural de Ahorro y Crédito,CRAC CENCOSUD SCOTIA,Moodys Local PE Clasificadora de Riesgo,A-,8.0
2024 - SEPTIEMBRE,Caja Rural de Ahorro y Crédito,CRAC DEL CENTRO,Microrate,C-,2.0
2024 - SEPTIEMBRE,Caja Rural de Ahorro y Crédito,CRAC DEL CENTRO,PCR (Pacific Credit Rating),C-,2.0
2024 - SEPTIEMBRE,Caja Rural de Ahorro y Crédito,CRAC INCASUR,Apoyo y Asociados Internacionales,C-,2.0
2024 - SEPTIEMBRE,Caja Rural de Ahorro y Crédito,CRAC INCASUR,Moodys Local PE Clasificadora de Riesgo,C-,2.0
2024 - SEPTIEMBRE,Caja Rural de Ahorro y Crédito,CRAC LOS ANDES,JCR Latino America,B-,5.0
2024 - SEPTIEMBRE,Caja Rural de Ahorro y Crédito,CRAC LOS ANDES,PCR (Pacific Credit Rating),B-,5.0
2024 - SEPTIEMBRE,Caja Rural de Ahorro y Crédito,CRAC PRYMERA,Apoyo y Asociados Internacionales,C-,2.0
2024 - SEPTIEMBRE,Caja Rural de Ahorro y Crédito,CRAC PRYMERA,Moodys Local PE Clasificadora de Riesgo,C-,2.0
2024 - SEPTIEMBRE,Seguros,Crecer Seguros,Moodys Local PE Clasificadora de Riesgo,A-,8.0
2024 - SEPTIEMBRE,Seguros,Crecer Seguros,PCR (Pacific Credit Rating),A-,8.0
2024 - SEPTIEMBRE,Empresa de Créditos,EMP.CRED.SANTANDER,Moodys Local PE Clasificadora de Riesgo,A-,8.0
2024 - SEPTIEMBRE,Empresa de Créditos,EMP.CRED.SANTANDER,PCR (Pacific Credit Rating),A,9.0
2024 - SEPTIEMBRE,Empresa de Créditos,EMP.CRED.VIVELA,PCR (Pacific Credit Rating),B+,7.0
2024 - SEPTIEMBRE,Financiera,FINANC. PROEMPRESA,Apoyo y Asociados Internacionales,C+,4.0
2024 - SEPTIEMBRE,Financiera,FINANC. PROEMPRESA,Moodys Local PE Clasificadora de Riesgo,C+,4.0
2024 - SEPTIEMBRE,Financiera,FINANCIERA CONFIANZA,Apoyo y Asociados Internacionales,A-,8.0
2024 - SEPTIEMBRE,Financiera,FINANCIERA CONFIANZA,Moodys Local PE Clasificadora de Riesgo,A-,8.0
2024 - SEPTIEMBRE,Financiera,FINANCIERA QAPAQ,Moodys Local PE Clasificadora de Riesgo,C,3.0
2024 - SEPTIEMBRE,Financiera,FINANCIERA QAPAQ,PCR (Pacific Credit Rating),C,3.0
2024 - SEPTIEMBRE,Financiera,FINANCIERA SURGIR,Apoyo y Asociados Internacionales,A-,8.0
2024 - SEPTIEMBRE,Financiera,FINANCIERA SURGIR,PCR (Pacific Credit Rating),A-,8.0
2024 - SEPTIEMBRE,Afianzadora y de Garantías,FOGAPI,PCR (Pacific Credit Rating),A,9.0
2024 - SEPTIEMBRE,Fondo,FONDO MIVIVIENDA,Apoyo y Asociados Internacionales,A,9.0
2024 - SEPTIEMBRE,Fondo,FONDO MIVIVIENDA,Moodys Local PE Clasificadora de Riesgo,A,9.0
2024 - SEPTIEMBRE,Banco,ICBC PERU BANK S.A.,Moodys Local PE Clasificadora de Riesgo,A,9.0
2024 - SEPTIEMBRE,Banco,ICBC PERU BANK S.A.,PCR (Pacific Credit Rating),A,9.0
2024 - SEPTIEMBRE,Financiera,INFINANCE XP S.A.,Apoyo y Asociados Internacionales,A-,8.0
2024 - SEPTIEMBRE,Financiera,INFINANCE XP S.A.,Moodys Local PE Clasificadora de Riesgo,A-,8.0
2024 - SEPTIEMBRE,Seguros,Insur,Moodys Local PE Clasificadora de Riesgo,A,9.0
2024 - SEPTIEMBRE,Seguros,Insur,PCR (Pacific Credit Rating),A,9.0
2024 - SEPTIEMBRE,Banco,INTERBANK,Apoyo y Asociados Internacionales,A,9.0
2024 - SEPTIEMBRE,Banco,INTERBANK,Moodys Local PE Clasificadora de Riesgo,A+,10.0
2024 - SEPTIEMBRE,Seguros,Interseguro,Moodys Local PE Clasificadora de Riesgo,A+,10.0
2024 - SEPTIEMBRE,Seguros,Interseguro,PCR (Pacific Credit Rating),A+,10.0
2024 - SEPTIEMBRE,Seguros,La Positiva,Moodys Local PE Clasificadora de Riesgo,A,9.0
2024 - SEPTIEMBRE,Seguros,La Positiva,PCR (Pacific Credit Rating),A,9.0
2024 - SEPTIEMBRE,Seguros,La Positiva Vida,Moodys Local PE Clasificadora de Riesgo,A,9.0
2024 - SEPTIEMBRE,Seguros,La Positiva Vida,PCR (Pacific Credit Rating),A,9.0
2024 - SEPTIEMBRE,Seguros,Liberty Seguros,Apoyo y Asociados Internacionales,A,9.0
2024 - SEPTIEMBRE,Seguros,Liberty Seguros,Moodys Local PE Clasificadora de Riesgo,A-,8.0
2024 - SEPTIEMBRE,Seguros,Mapfre Perú,Moodys Local PE Clasificadora de Riesgo,A+,10.0
2024 - SEPTIEMBRE,Seguros,Mapfre Perú,PCR (Pacific Credit Rating),A+,10.0
2024 - SEPTIEMBRE,Banco,MIBANCO,Apoyo y Asociados Internacionales,A,9.0
2024 - SEPTIEMBRE,Banco,MIBANCO,Moodys Local PE Clasificadora de Riesgo,A,9.0
2024 - SEPTIEMBRE,Financiera,MITSUI AUTO FINANCE,Moodys Local PE Clasificadora de Riesgo,A-,8.0
2024 - SEPTIEMBRE,Banco,NACION,Apoyo y Asociados Internacionales,A,9.0
2024 - SEPTIEMBRE,Banco,NACION,Moodys Local PE Clasificadora de Riesgo,A,9.0
2024 - SEPTIEMBRE,Seguros,Pacífico Seguros,Apoyo y Asociados Internacionales,A+,10.0
2024 - SEPTIEMBRE,Seguros,Pacífico Seguros,Moodys Local PE Clasificadora de Riesgo,A+,10.0
2024 - SEPTIEMBRE,Seguros,Protecta,Moodys Local PE Clasificadora de Riesgo,A,9.0
2024 - SEPTIEMBRE,Seguros,Protecta,PCR (Pacific Credit Rating),A,9.0
2024 - SEPTIEMBRE,Seguros,Quálitas,Moodys Local PE Clasificadora de Riesgo,A-,8.0
2024 - SEPTIEMBRE,Seguros,Quálitas,PCR (Pacific Credit Rating),A-,8.0
2024 - SEPTIEMBRE,Seguros,Rímac Seguros,Apoyo y Asociados Internacionales,A+,10.0
2024 - SEPTIEMBRE,Seguros,Rímac Seguros,Moodys Local PE Clasificadora de Riesgo,A+,10.0
2024 - SEPTIEMBRE,Banco,SANTANDER PERU,Apoyo y Asociados Internacionales,A+,10.0
2024 - SEPTIEMBRE,Banco,SANTANDER PERU,Moodys Local PE Clasificadora de Riesgo,A+,10.0
2024 - SEPTIEMBRE,Banco,SANTANDER PERU,PCR (Pacific Credit Rating),A+,10.0
2024 - SEPTIEMBRE,Banco,SCOTIABANK PERU,Apoyo y Asociados Internacionales,A+,10.0
2024 - SEPTIEMBRE,Banco,SCOTIABANK PERU,Moodys Local PE Clasificadora de Riesgo,A+,10.0
2024 - SEPTIEMBRE,Empresa de Créditos,TOTAL SERVICIOS,PCR (Pacific Credit Rating),A-,8.0
2024 - SEPTIEMBRE,Seguros,Vivir Seguros,JCR Latino America,A-,8.0
2024 - SEPTIEMBRE,Seguros,Vivir Seguros,Moodys Local PE Clasificadora de Riesgo,A-,8.0
2025 - MARZO,Banco,AGROBANCO,Apoyo y Asociados Internacionales,B+,7.0
2025 - MARZO,Banco,ALFIN BANCO,JCR Latino America,B+,7.0
2025 - MARZO,Banco,ALFIN BANCO,PCR (Pacific Credit Rating),B+,7.0
2025 - MARZO,Seguros,AuguStar Seguros,Apoyo y Asociados Internacionales,A-,8.0
2025 - MARZO,Seguros,AuguStar Seguros,PCR (Pacific Credit Rating),A-,8.0
2025 - MARZO,Seguros,AVLA Perú,JCR Latino America,A,9.0
2025 - MARZO,Seguros,AVLA Perú,PCR (Pacific Credit Rating),A,9.0
2025 - MARZO,Banco,BANBIF,Moodys Local PE Clasificadora de Riesgo,A,9.0
2025 - MARZO,Banco,BANBIF,PCR (Pacific Credit Rating),A+,10.0
2025 - MARZO,Banco,BANCO BCI,Apoyo y Asociados Internacionales,A,9.0
2025 - MARZO,Banco,BANCO BCI,Moodys Local PE Clasificadora de Riesgo,A,9.0
2025 - MARZO,Banco,BANCO DE CREDITO,Apoyo y Asociados Internacionales,A+,10.0
2025 - MARZO,Banco,BANCO DE CREDITO,Moodys Local PE Clasificadora de Riesgo,A+,10.0
2025 - MARZO,Banco,BANCO EFECTIVA,JCR Latino America,A,9.0
2025 - MARZO,Banco,BANCO EFECTIVA,Moodys Local PE Clasificadora de Riesgo,A-,8.0
2025 - MARZO,Banco,BANCO EFECTIVA,PCR (Pacific Credit Rating),A-,8.0
2025 - MARZO,Banco,BANCO FALABELLA,Apoyo y Asociados Internacionales,A-,8.0
2025 - MARZO,Banco,BANCO FALABELLA,Moodys Local PE Clasificadora de Riesgo,A-,8.0
2025 - MARZO,Banco,BANCO GNB,Moodys Local PE Clasificadora de Riesgo,A,9.0
2025 - MARZO,Banco,BANCO GNB,PCR (Pacific Credit Rating),A,9.0
2025 - MARZO,Banco,BANCO PICHINCHA,Moodys Local PE Clasificadora de Riesgo,A-,8.0
2025 - MARZO,Banco,BANCO PICHINCHA,PCR (Pacific Credit Rating),A-,8.0
2025 - MARZO,Banco,BANCO RIPLEY,Moodys Local PE Clasificadora de Riesgo,B+,7.0
2025 - MARZO,Banco,BANCO RIPLEY,PCR (Pacific Credit Rating),B+,7.0
2025 - MARZO,Banco,BANCOM,Moodys Local PE Clasificadora de Riesgo,B+,7.0
2025 - MARZO,Banco,BANCOM,PCR (Pacific Credit Rating),B+,7.0
2025 - MARZO,Banco,BANK OF CHINA (PERU),Moodys Local PE Clasificadora de Riesgo,A,9.0
2025 - MARZO,Banco,BANK OF CHINA (PERU),PCR (Pacific Credit Rating),A,9.0
2025 - MARZO,Banco,BBVA,Apoyo y Asociados Internacionales,A+,10.0
2025 - MARZO,Banco,BBVA,Moodys Local PE Clasificadora de Riesgo,A+,10.0
2025 - MARZO,Banco,BN. SANTANDER CONS.,Apoyo y Asociados Internacionales,A,9.0
2025 - MARZO,Banco,BN. SANTANDER CONS.,Moodys Local PE Clasificadora de Riesgo,A,9.0
2025 - MARZO,Seguros,BNP Paribas Cardif,Moodys Local PE Clasificadora de Riesgo,A,9.0
2025 - MARZO,Seguros,BNP Paribas Cardif,PCR (Pacific Credit Rating),A+,10.0
2025 - MARZO,Seguros,Cesce,Moodys Local PE Clasificadora de Riesgo,A,9.0
2025 - MARZO,Seguros,Cesce,PCR (Pacific Credit Rating),A,9.0
2025 - MARZO,Seguros,Chubb Perú,Moodys Local PE Clasificadora de Riesgo,A,9.0
2025 - MARZO,Seguros,Chubb Perú,PCR (Pacific Credit Rating),A,9.0
2025 - MARZO,Banco,CITIBANK DEL PERU,Apoyo y Asociados Internacionales,A+,10.0
2025 - MARZO,Banco,CITIBANK DEL PERU,PCR (Pacific Credit Rating),A+,10.0
2025 - MARZO,Caja Municipal de Ahorro y Crédito,CMAC AREQUIPA,Apoyo y Asociados Internacionales,B+,7.0
2025 - MARZO,Caja Municipal de Ahorro y Crédito,CMAC AREQUIPA,JCR Latino America,A-,8.0
2025 - MARZO,Caja Municipal de Ahorro y Crédito,CMAC AREQUIPA,PCR (Pacific Credit Rating),A-,8.0
2025 - MARZO,Caja Municipal de Ahorro y Crédito,CMAC CUSCO,Apoyo y Asociados Internacionales,B+,7.0
2025 - MARZO,Caja Municipal de Ahorro y Crédito,CMAC CUSCO,Moodys Local PE Clasificadora de Riesgo,B+,7.0
2025 - MARZO,Caja Municipal de Ahorro y Crédito,CMAC CUSCO,PCR (Pacific Credit Rating),B+,7.0
2025 - MARZO,Caja Municipal de Ahorro y Crédito,CMAC DEL SANTA,Apoyo y Asociados Internacionales,C-,2.0
2025 - MARZO,Caja Municipal de Ahorro y Crédito,CMAC DEL SANTA,Microrate,D+,1.0
2025 - MARZO,Caja Municipal de Ahorro y Crédito,CMAC HUANCAYO,JCR Latino America,A-,8.0
2025 - MARZO,Caja Municipal de Ahorro y Crédito,CMAC HUANCAYO,Moodys Local PE Clasificadora de Riesgo,B+,7.0
2025 - MARZO,Caja Municipal de Ahorro y Crédito,CMAC ICA,Apoyo y Asociados Internacionales,B,6.0
2025 - MARZO,Caja Municipal de Ahorro y Crédito,CMAC ICA,JCR Latino America,B,6.0
2025 - MARZO,Caja Municipal de Ahorro y Crédito,CMAC ICA,PCR (Pacific Credit Rating),B,6.0
2025 - MARZO,Caja Municipal de Ahorro y Crédito,CMAC MAYNAS,Apoyo y Asociados Internacionales,B-,5.0
2025 - MARZO,Caja Municipal de Ahorro y Crédito,CMAC MAYNAS,Moodys Local PE Clasificadora de Riesgo,B-,5.0
2025 - MARZO,Caja Municipal de Ahorro y Crédito,CMAC PAITA,Apoyo y Asociados Internacionales,C,3.0
2025 - MARZO,Caja Municipal de Ahorro y Crédito,CMAC PAITA,Microrate,C,3.0
2025 - MARZO,Caja Municipal de Ahorro y Crédito,CMAC PIURA,Microrate,B,6.0
2025 - MARZO,Caja Municipal de Ahorro y Crédito,CMAC PIURA,Moodys Local PE Clasificadora de Riesgo,B,6.0
2025 - MARZO,Caja Municipal de Ahorro y Crédito,CMAC TACNA,Microrate,C-,2.0
2025 - MARZO,Caja Municipal de Ahorro y Crédito,CMAC TACNA,Moodys Local PE Clasificadora de Riesgo,C,3.0
2025 - MARZO,Caja Municipal de Ahorro y Crédito,CMAC TRUJILLO,Apoyo y Asociados Internacionales,B+,7.0
2025 - MARZO,Caja Municipal de Ahorro y Crédito,CMAC TRUJILLO,Moodys Local PE Clasificadora de Riesgo,B+,7.0
2025 - MARZO,Caja Municipal de Ahorro y Crédito,CMCP LIMA,JCR Latino America,C+,4.0
2025 - MARZO,Caja Municipal de Ahorro y Crédito,CMCP LIMA,Microrate,C+,4.0
2025 - MARZO,Banco,COFIDE,Apoyo y Asociados Internacionales,A,9.0
2025 - MARZO,Banco,COFIDE,Moodys Local PE Clasificadora de Riesgo,A,9.0
2025 - MARZO,Banco,COMPARTAMOS BANCO,Apoyo y Asociados Internacionales,A-,8.0
2025 - MARZO,Banco,COMPARTAMOS BANCO,JCR Latino America,A,9.0
2025 - MARZO,Banco,COMPARTAMOS BANCO,Moodys Local PE Clasificadora de Riesgo,A-,8.0
2025 - MARZO,Caja Rural de Ahorro y Crédito,CRAC CENCOSUD SCOTIA,Apoyo y Asociados Internacionales,A-,8.0
2025 - MARZO,Caja Rural de Ahorro y Crédito,CRAC CENCOSUD SCOTIA,Moodys Local PE Clasificadora de Riesgo,A-,8.0
2025 - MARZO,Caja Rural de Ahorro y Crédito,CRAC DEL CENTRO,Microrate,D+,1.0
2025 - MARZO,Caja Rural de Ahorro y Crédito,CRAC DEL CENTRO,PCR (Pacific Credit Rating),C-,2.0
2025 - MARZO,Caja Rural de Ahorro y Crédito,CRAC INCASUR,Apoyo y Asociados Internacionales,C-,2.0
2025 - MARZO,Caja Rural de Ahorro y Crédito,CRAC INCASUR,Moodys Local PE Clasificadora de Riesgo,C-,2.0
2025 - MARZO,Caja Rural de Ahorro y Crédito,CRAC LOS ANDES,JCR Latino America,B-,5.0
2025 - MARZO,Caja Rural de Ahorro y Crédito,CRAC LOS ANDES,PCR (Pacific Credit Rating),C+,4.0
2025 - MARZO,Caja Rural de Ahorro y Crédito,CRAC PRYMERA,Apoyo y Asociados Internacionales,C,3.0
2025 - MARZO,Caja Rural de Ahorro y Crédito,CRAC PRYMERA,JCR Latino America,C,3.0
2025 - MARZO,Seguros,Crecer Seguros,Moodys Local PE Clasificadora de Riesgo,A-,8.0
2025 - MARZO,Seguros,Crecer Seguros,PCR (Pacific Credit Rating),A-,8.0
2025 - MARZO,Empresa de Créditos,EMP.CRED.SANTANDER,Apoyo y Asociados Internacionales,A,9.0
2025 - MARZO,Empresa de Créditos,EMP.CRED.SANTANDER,Moodys Local PE Clasificadora de Riesgo,A-,8.0
2025 - MARZO,Empresa de Créditos,EMP.CRED.VIVELA,PCR (Pacific Credit Rating),B+,7.0
2025 - MARZO,Financiera,FINANC. PROEMPRESA,Apoyo y Asociados Internacionales,C+,4.0
2025 - MARZO,Financiera,FINANC. PROEMPRESA,Moodys Local PE Clasificadora de Riesgo,C+,4.0
2025 - MARZO,Financiera,FINANCIERA CONFIANZA,Apoyo y Asociados Internacionales,A-,8.0
2025 - MARZO,Financiera,FINANCIERA CONFIANZA,Moodys Local PE Clasificadora de Riesgo,A-,8.0
2025 - MARZO,Financiera,FINANCIERA QAPAQ,Moodys Local PE Clasificadora de Riesgo,C,3.0
2025 - MARZO,Financiera,FINANCIERA QAPAQ,PCR (Pacific Credit Rating),C,3.0
2025 - MARZO,Financiera,FINANCIERA SURGIR,Apoyo y Asociados Internacionales,A-,8.0
2025 - MARZO,Financiera,FINANCIERA SURGIR,Moodys Local PE Clasificadora de Riesgo,A-,8.0
2025 - MARZO,Afianzadora y de Garantías,FOGAPI,PCR (Pacific Credit Rating),A,9.0
2025 - MARZO,Fondo,FONDO MIVIVIENDA,Apoyo y Asociados Internacionales,A,9.0
2025 - MARZO,Fondo,FONDO MIVIVIENDA,Moodys Local PE Clasificadora de Riesgo,A,9.0
2025 - MARZO,Banco,ICBC PERU BANK S.A.,Moodys Local PE Clasificadora de Riesgo,A,9.0
2025 - MARZO,Banco,ICBC PERU BANK S.A.,PCR (Pacific Credit Rating),A,9.0
2025 - MARZO,Financiera,INFINANCE XP S.A.,Apoyo y Asociados Internacionales,A-,8.0
2025 - MARZO,Financiera,INFINANCE XP S.A.,Moodys Local PE Clasificadora de Riesgo,A-,8.0
2025 - MARZO,Seguros,Insur,Moodys Local PE Clasificadora de Riesgo,A,9.0
2025 - MARZO,Seguros,Insur,PCR (Pacific Credit Rating),A,9.0
2025 - MARZO,Banco,INTERBANK,Apoyo y Asociados Internacionales,A,9.0
2025 - MARZO,Banco,INTERBANK,Moodys Local PE Clasificadora de Riesgo,A+,10.0
2025 - MARZO,Seguros,Interseguro,Moodys Local PE Clasificadora de Riesgo,A+,10.0
2025 - MARZO,Seguros,Interseguro,PCR (Pacific Credit Rating),A+,10.0
2025 - MARZO,Seguros,La Positiva,Apoyo y Asociados Internacionales,A,9.0
2025 - MARZO,Seguros,La Positiva,Moodys Local PE Clasificadora de Riesgo,A,9.0
2025 - MARZO,Seguros,La Positiva Vida,Apoyo y Asociados Internacionales,A,9.0
2025 - MARZO,Seguros,La Positiva Vida,Moodys Local PE Clasificadora de Riesgo,A,9.0
2025 - MARZO,Seguros,Liberty Seguros,Apoyo y Asociados Internacionales,A,9.0
2025 - MARZO,Seguros,Liberty Seguros,Moodys Local PE Clasificadora de Riesgo,A,9.0
2025 - MARZO,Seguros,Mapfre Perú,Moodys Local PE Clasificadora de Riesgo,A+,10.0
2025 - MARZO,Seguros,Mapfre Perú,PCR (Pacific Credit Rating),A+,10.0
2025 - MARZO,Banco,MIBANCO,Apoyo y Asociados Internacionales,A,9.0
2025 - MARZO,Banco,MIBANCO,Moodys Local PE Clasificadora de Riesgo,A,9.0
2025 - MARZO,Financiera,MITSUI AUTO FINANCE,Moodys Local PE Clasificadora de Riesgo,A-,8.0
2025 - MARZO,Banco,NACION,Apoyo y Asociados Internacionales,A,9.0
2025 - MARZO,Banco,NACION,Moodys Local PE Clasificadora de Riesgo,A,9.0
2025 - MARZO,Seguros,Pacífico Seguros,Apoyo y Asociados Internacionales,A+,10.0
2025 - MARZO,Seguros,Pacífico Seguros,Moodys Local PE Clasificadora de Riesgo,A+,10.0
2025 - MARZO,Seguros,Protecta,Moodys Local PE Clasificadora de Riesgo,A,9.0
2025 - MARZO,Seguros,Protecta,PCR (Pacific Credit Rating),A,9.0
2025 - MARZO,Seguros,Quálitas,Moodys Local PE Clasificadora de Riesgo,A-,8.0
2025 - MARZO,Seguros,Quálitas,PCR (Pacific Credit Rating),A-,8.0
2025 - MARZO,Seguros,Rímac Seguros,Apoyo y Asociados Internacionales,A+,10.0
2025 - MARZO,Seguros,Rímac Seguros,Moodys Local PE Clasificadora de Riesgo,A+,10.0
2025 - MARZO,Banco,SANTANDER PERU,Apoyo y Asociados Internacionales,A+,10.0
2025 - MARZO,Banco,SANTANDER PERU,Moodys Local PE Clasificadora de Riesgo,A+,10.0
2025 - MARZO,Banco,SANTANDER PERU,PCR (Pacific Credit Rating),A+,10.0
2025 - MARZO,Banco,SCOTIABANK PERU,Apoyo y Asociados Internacionales,A+,10.0
2025 - MARZO,Banco,SCOTIABANK PERU,Moodys Local PE Clasificadora de Riesgo,A+,10.0
2025 - MARZO,Empresa de Créditos,TOTAL SERVICIOS,PCR (Pacific Credit Rating),A-,8.0
2025 - MARZO,Seguros,Vivir Seguros,JCR Latino America,A-,8.0
2025 - MARZO,Seguros,Vivir Seguros,Moodys Local PE Clasificadora de Riesgo,A-,8.0
2025 - SEPTIEMBRE,Banco,AGROBANCO,Apoyo y Asociados Internacionales,B+,7.0
2025 - SEPTIEMBRE,Banco,ALFIN BANCO,JCR Latino America,B+,7.0
2025 - SEPTIEMBRE,Banco,ALFIN BANCO,PCR (Pacific Credit Rating),B+,7.0
2025 - SEPTIEMBRE,Seguros,AuguStar Seguros,Apoyo y Asociados Internacionales,A-,8.0
2025 - SEPTIEMBRE,Seguros,AuguStar Seguros,PCR (Pacific Credit Rating),A-,8.0
2025 - SEPTIEMBRE,Seguros,AVLA Perú,JCR Latino America,A,9.0
2025 - SEPTIEMBRE,Seguros,AVLA Perú,PCR (Pacific Credit Rating),A,9.0
2025 - SEPTIEMBRE,Banco,BANBIF,Moodys Local PE Clasificadora de Riesgo,A,9.0
2025 - SEPTIEMBRE,Banco,BANBIF,PCR (Pacific Credit Rating),A+,10.0
2025 - SEPTIEMBRE,Banco,BANCO BCI,Apoyo y Asociados Internacionales,A,9.0
2025 - SEPTIEMBRE,Banco,BANCO BCI,Moodys Local PE Clasificadora de Riesgo,A,9.0
2025 - SEPTIEMBRE,Banco,BANCO DE CREDITO,Apoyo y Asociados Internacionales,A+,10.0
2025 - SEPTIEMBRE,Banco,BANCO DE CREDITO,Moodys Local PE Clasificadora de Riesgo,A+,10.0
2025 - SEPTIEMBRE,Banco,BANCO EFECTIVA,JCR Latino America,A,9.0
2025 - SEPTIEMBRE,Banco,BANCO EFECTIVA,Moodys Local PE Clasificadora de Riesgo,A-,8.0
2025 - SEPTIEMBRE,Banco,BANCO EFECTIVA,PCR (Pacific Credit Rating),A-,8.0
2025 - SEPTIEMBRE,Banco,BANCO FALABELLA,Apoyo y Asociados Internacionales,A-,8.0
2025 - SEPTIEMBRE,Banco,BANCO FALABELLA,Moodys Local PE Clasificadora de Riesgo,A-,8.0
2025 - SEPTIEMBRE,Banco,BANCO GNB,Moodys Local PE Clasificadora de Riesgo,A,9.0
2025 - SEPTIEMBRE,Banco,BANCO GNB,PCR (Pacific Credit Rating),A,9.0
2025 - SEPTIEMBRE,Banco,BANCO PICHINCHA,Apoyo y Asociados Internacionales,A-,8.0
2025 - SEPTIEMBRE,Banco,BANCO PICHINCHA,Moodys Local PE Clasificadora de Riesgo,A-,8.0
2025 - SEPTIEMBRE,Banco,BANCO RIPLEY,Moodys Local PE Clasificadora de Riesgo,B+,7.0
2025 - SEPTIEMBRE,Banco,BANCO RIPLEY,PCR (Pacific Credit Rating),B+,7.0
2025 - SEPTIEMBRE,Banco,BANCOM,Moodys Local PE Clasificadora de Riesgo,B+,7.0
2025 - SEPTIEMBRE,Banco,BANCOM,PCR (Pacific Credit Rating),B+,7.0
2025 - SEPTIEMBRE,Banco,BANK OF CHINA (PERU),Moodys Local PE Clasificadora de Riesgo,A,9.0
2025 - SEPTIEMBRE,Banco,BANK OF CHINA (PERU),PCR (Pacific Credit Rating),A,9.0
2025 - SEPTIEMBRE,Banco,BBVA,Apoyo y Asociados Internacionales,A+,10.0
2025 - SEPTIEMBRE,Banco,BBVA,Moodys Local PE Clasificadora de Riesgo,A+,10.0
2025 - SEPTIEMBRE,Banco,BN. SANTANDER CONS.,Apoyo y Asociados Internacionales,A,9.0
2025 - SEPTIEMBRE,Banco,BN. SANTANDER CONS.,Moodys Local PE Clasificadora de Riesgo,A,9.0
2025 - SEPTIEMBRE,Seguros,BNP Paribas Cardif,Moodys Local PE Clasificadora de Riesgo,A,9.0
2025 - SEPTIEMBRE,Seguros,BNP Paribas Cardif,PCR (Pacific Credit Rating),A+,10.0
2025 - SEPTIEMBRE,Seguros,Cesce,Moodys Local PE Clasificadora de Riesgo,A,9.0
2025 - SEPTIEMBRE,Seguros,Cesce,PCR (Pacific Credit Rating),A,9.0
2025 - SEPTIEMBRE,Seguros,Chubb Perú,Moodys Local PE Clasificadora de Riesgo,A,9.0
2025 - SEPTIEMBRE,Seguros,Chubb Perú,PCR (Pacific Credit Rating),A,9.0
2025 - SEPTIEMBRE,Banco,CITIBANK DEL PERU,Apoyo y Asociados Internacionales,A+,10.0
2025 - SEPTIEMBRE,Banco,CITIBANK DEL PERU,PCR (Pacific Credit Rating),A+,10.0
2025 - SEPTIEMBRE,Caja Municipal de Ahorro y Crédito,CMAC AREQUIPA,JCR Latino America,A-,8.0
2025 - SEPTIEMBRE,Caja Municipal de Ahorro y Crédito,CMAC AREQUIPA,PCR (Pacific Credit Rating),A-,8.0
2025 - SEPTIEMBRE,Caja Municipal de Ahorro y Crédito,CMAC CUSCO,Apoyo y Asociados Internacionales,B+,7.0
2025 - SEPTIEMBRE,Caja Municipal de Ahorro y Crédito,CMAC CUSCO,JCR Latino America,A-,8.0
2025 - SEPTIEMBRE,Caja Municipal de Ahorro y Crédito,CMAC CUSCO,Moodys Local PE Clasificadora de Riesgo,B+,7.0
2025 - SEPTIEMBRE,Caja Municipal de Ahorro y Crédito,CMAC DEL SANTA,Apoyo y Asociados Internacionales,C-,2.0
2025 - SEPTIEMBRE,Caja Municipal de Ahorro y Crédito,CMAC DEL SANTA,Microrate,D+,1.0
2025 - SEPTIEMBRE,Caja Municipal de Ahorro y Crédito,CMAC HUANCAYO,JCR Latino America,A-,8.0
2025 - SEPTIEMBRE,Caja Municipal de Ahorro y Crédito,CMAC HUANCAYO,Moodys Local PE Clasificadora de Riesgo,B+,7.0
2025 - SEPTIEMBRE,Caja Municipal de Ahorro y Crédito,CMAC HUANCAYO,PCR (Pacific Credit Rating),A-,8.0
2025 - SEPTIEMBRE,Caja Municipal de Ahorro y Crédito,CMAC ICA,Apoyo y Asociados Internacionales,B,6.0
2025 - SEPTIEMBRE,Caja Municipal de Ahorro y Crédito,CMAC ICA,JCR Latino America,B,6.0
2025 - SEPTIEMBRE,Caja Municipal de Ahorro y Crédito,CMAC ICA,PCR (Pacific Credit Rating),B,6.0
2025 - SEPTIEMBRE,Caja Municipal de Ahorro y Crédito,CMAC MAYNAS,Apoyo y Asociados Internacionales,B-,5.0
2025 - SEPTIEMBRE,Caja Municipal de Ahorro y Crédito,CMAC MAYNAS,Moodys Local PE Clasificadora de Riesgo,B-,5.0
2025 - SEPTIEMBRE,Caja Municipal de Ahorro y Crédito,CMAC PAITA,Apoyo y Asociados Internacionales,C,3.0
2025 - SEPTIEMBRE,Caja Municipal de Ahorro y Crédito,CMAC PAITA,Microrate,C,3.0
2025 - SEPTIEMBRE,Caja Municipal de Ahorro y Crédito,CMAC PIURA,Microrate,B,6.0
2025 - SEPTIEMBRE,Caja Municipal de Ahorro y Crédito,CMAC PIURA,Moodys Local PE Clasificadora de Riesgo,B,6.0
2025 - SEPTIEMBRE,Caja Municipal de Ahorro y Crédito,CMAC TACNA,JCR Latino America,C,3.0
2025 - SEPTIEMBRE,Caja Municipal de Ahorro y Crédito,CMAC TACNA,Moodys Local PE Clasificadora de Riesgo,C,3.0
2025 - SEPTIEMBRE,Caja Municipal de Ahorro y Crédito,CMAC TRUJILLO,Apoyo y Asociados Internacionales,B+,7.0
2025 - SEPTIEMBRE,Caja Municipal de Ahorro y Crédito,CMAC TRUJILLO,Moodys Local PE Clasificadora de Riesgo,B+,7.0
2025 - SEPTIEMBRE,Caja Municipal de Ahorro y Crédito,CMCP LIMA,JCR Latino America,C+,4.0
2025 - SEPTIEMBRE,Caja Municipal de Ahorro y Crédito,CMCP LIMA,Microrate,C+,4.0
2025 - SEPTIEMBRE,Banco,COFIDE,Apoyo y Asociados Internacionales,A,9.0
2025 - SEPTIEMBRE,Banco,COFIDE,Moodys Local PE Clasificadora de Riesgo,A,9.0
2025 - SEPTIEMBRE,Banco,COMPARTAMOS BANCO,Apoyo y Asociados Internacionales,A-,8.0
2025 - SEPTIEMBRE,Banco,COMPARTAMOS BANCO,JCR Latino America,A,9.0
2025 - SEPTIEMBRE,Banco,COMPARTAMOS BANCO,Moodys Local PE Clasificadora de Riesgo,A-,8.0
2025 - SEPTIEMBRE,Caja Rural de Ahorro y Crédito,CRAC CENCOSUD SCOTIA,Apoyo y Asociados Internacionales,A-,8.0
2025 - SEPTIEMBRE,Caja Rural de Ahorro y Crédito,CRAC CENCOSUD SCOTIA,Moodys Local PE Clasificadora de Riesgo,A-,8.0
2025 - SEPTIEMBRE,Caja Rural de Ahorro y Crédito,CRAC DEL CENTRO,JCR Latino America,D+,1.0
2025 - SEPTIEMBRE,Caja Rural de Ahorro y Crédito,CRAC DEL CENTRO,PCR (Pacific Credit Rating),C-,2.0
2025 - SEPTIEMBRE,Caja Rural de Ahorro y Crédito,CRAC INCASUR,Apoyo y Asociados Internacionales,C-,2.0
2025 - SEPTIEMBRE,Caja Rural de Ahorro y Crédito,CRAC INCASUR,Moodys Local PE Clasificadora de Riesgo,C-,2.0
2025 - SEPTIEMBRE,Caja Rural de Ahorro y Crédito,CRAC LOS ANDES,JCR Latino America,B-,5.0
2025 - SEPTIEMBRE,Caja Rural de Ahorro y Crédito,CRAC LOS ANDES,Microrate,C+,4.0
2025 - SEPTIEMBRE,Caja Rural de Ahorro y Crédito,CRAC PRYMERA,Apoyo y Asociados Internacionales,C,3.0
2025 - SEPTIEMBRE,Caja Rural de Ahorro y Crédito,CRAC PRYMERA,JCR Latino America,C,3.0
2025 - SEPTIEMBRE,Seguros,Crecer Seguros,Moodys Local PE Clasificadora de Riesgo,A-,8.0
2025 - SEPTIEMBRE,Seguros,Crecer Seguros,PCR (Pacific Credit Rating),A-,8.0
2025 - SEPTIEMBRE,Empresa de Créditos,EMP.CRED.SANTANDER,Apoyo y Asociados Internacionales,A,9.0
2025 - SEPTIEMBRE,Empresa de Créditos,EMP.CRED.SANTANDER,Moodys Local PE Clasificadora de Riesgo,A-,8.0
2025 - SEPTIEMBRE,Empresa de Créditos,EMP.CRED.VIVELA,PCR (Pacific Credit Rating),B+,7.0
2025 - SEPTIEMBRE,Financiera,FINANC. PROEMPRESA,Apoyo y Asociados Internacionales,C,3.0
2025 - SEPTIEMBRE,Financiera,FINANC. PROEMPRESA,Moodys Local PE Clasificadora de Riesgo,C,3.0
2025 - SEPTIEMBRE,Financiera,FINANCIERA CONFIANZA,Apoyo y Asociados Internacionales,A-,8.0
2025 - SEPTIEMBRE,Financiera,FINANCIERA CONFIANZA,Moodys Local PE Clasificadora de Riesgo,A-,8.0
2025 - SEPTIEMBRE,Financiera,FINANCIERA QAPAQ,Moodys Local PE Clasificadora de Riesgo,C,3.0
2025 - SEPTIEMBRE,Financiera,FINANCIERA QAPAQ,PCR (Pacific Credit Rating),C,3.0
2025 - SEPTIEMBRE,Financiera,FINANCIERA SURGIR,Apoyo y Asociados Internacionales,A-,8.0
2025 - SEPTIEMBRE,Financiera,FINANCIERA SURGIR,Moodys Local PE Clasificadora de Riesgo,A-,8.0
2025 - SEPTIEMBRE,Afianzadora y de Garantías,FOGAPI,PCR (Pacific Credit Rating),A,9.0
2025 - SEPTIEMBRE,Fondo,FONDO MIVIVIENDA,Apoyo y Asociados Internacionales,A,9.0
2025 - SEPTIEMBRE,Fondo,FONDO MIVIVIENDA,Moodys Local PE Clasificadora de Riesgo,A,9.0
2025 - SEPTIEMBRE,Banco,ICBC PERU BANK S.A.,Moodys Local PE Clasificadora de Riesgo,A,9.0
2025 - SEPTIEMBRE,Banco,ICBC PERU BANK S.A.,PCR (Pacific Credit Rating),A,9.0
2025 - SEPTIEMBRE,Financiera,INFINANCE XP S.A.,Apoyo y Asociados Internacionales,A-,8.0
2025 - SEPTIEMBRE,Financiera,INFINANCE XP S.A.,Moodys Local PE Clasificadora de Riesgo,A-,8.0
2025 - SEPTIEMBRE,Seguros,Insur,Moodys Local PE Clasificadora de Riesgo,A,9.0
2025 - SEPTIEMBRE,Seguros,Insur,PCR (Pacific Credit Rating),A,9.0
2025 - SEPTIEMBRE,Banco,INTERBANK,Apoyo y Asociados Internacionales,A,9.0
2025 - SEPTIEMBRE,Banco,INTERBANK,Moodys Local PE Clasificadora de Riesgo,A+,10.0
2025 - SEPTIEMBRE,Seguros,Interseguro,Moodys Local PE Clasificadora de Riesgo,A+,10.0
2025 - SEPTIEMBRE,Seguros,Interseguro,PCR (Pacific Credit Rating),A+,10.0
2025 - SEPTIEMBRE,Seguros,La Positiva,Apoyo y Asociados Internacionales,A,9.0
2025 - SEPTIEMBRE,Seguros,La Positiva,Moodys Local PE Clasificadora de Riesgo,A,9.0
2025 - SEPTIEMBRE,Seguros,La Positiva Vida,Apoyo y Asociados Internacionales,A,9.0
2025 - SEPTIEMBRE,Seguros,La Positiva Vida,Moodys Local PE Clasificadora de Riesgo,A,9.0
2025 - SEPTIEMBRE,Seguros,Liberty Seguros,Apoyo y Asociados Internacionales,A,9.0
2025 - SEPTIEMBRE,Seguros,Liberty Seguros,Moodys Local PE Clasificadora de Riesgo,A,9.0
2025 - SEPTIEMBRE,Seguros,Mapfre Perú,Moodys Local PE Clasificadora de Riesgo,A+,10.0
2025 - SEPTIEMBRE,Seguros,Mapfre Perú,PCR (Pacific Credit Rating),A+,10.0
2025 - SEPTIEMBRE,Banco,MIBANCO,Apoyo y Asociados Internacionales,A,9.0
2025 - SEPTIEMBRE,Banco,MIBANCO,Moodys Local PE Clasificadora de Riesgo,A,9.0
2025 - SEPTIEMBRE,Financiera,MITSUI AUTO FINANCE,Apoyo y Asociados Internacionales,A,9.0
2025 - SEPTIEMBRE,Financiera,MITSUI AUTO FINANCE,Moodys Local PE Clasificadora de Riesgo,A-,8.0
2025 - SEPTIEMBRE,Banco,NACION,Apoyo y Asociados Internacionales,A,9.0
2025 - SEPTIEMBRE,Banco,NACION,Moodys Local PE Clasificadora de Riesgo,A,9.0
2025 - SEPTIEMBRE,Seguros,Pacífico Seguros,Apoyo y Asociados Internacionales,A+,10.0
2025 - SEPTIEMBRE,Seguros,Pacífico Seguros,Moodys Local PE Clasificadora de Riesgo,A+,10.0
2025 - SEPTIEMBRE,Seguros,Protecta,Moodys Local PE Clasificadora de Riesgo,A,9.0
2025 - SEPTIEMBRE,Seguros,Protecta,PCR (Pacific Credit Rating),A,9.0
2025 - SEPTIEMBRE,Seguros,Quálitas,Moodys Local PE Clasificadora de Riesgo,A-,8.0
2025 - SEPTIEMBRE,Seguros,Quálitas,PCR (Pacific Credit Rating),A-,8.0
2025 - SEPTIEMBRE,Seguros,Rímac Seguros,Apoyo y Asociados Internacionales,A+,10.0
2025 - SEPTIEMBRE,Seguros,Rímac Seguros,Moodys Local PE Clasificadora de Riesgo,A+,10.0
2025 - SEPTIEMBRE,Banco,SANTANDER PERU,Apoyo y Asociados Internacionales,A+,10.0
2025 - SEPTIEMBRE,Banco,SANTANDER PERU,Moodys Local PE Clasificadora de Riesgo,A+,10.0
2025 - SEPTIEMBRE,Banco,SCOTIABANK PERU,Apoyo y Asociados Internacionales,A+,10.0
2025 - SEPTIEMBRE,Banco,SCOTIABANK PERU,Moodys Local PE Clasificadora de Riesgo,A+,10.0
2025 - SEPTIEMBRE,Empresa de Créditos,TOTAL SERVICIOS,PCR (Pacific Credit Rating),A-,8.0
2025 - SEPTIEMBRE,Seguros,Vivir Seguros,JCR Latino America,A-,8.0
2025 - SEPTIEMBRE,Seguros,Vivir Seguros,Moodys Local PE Clasificadora de Riesgo,A-,8.0
2026 - MARZO,Banco,AGROBANCO,Apoyo y Asociados Internacionales,B+,7.0
2026 - MARZO,Banco,ALFIN BANCO,JCR Latino America,A-,8.0
2026 - MARZO,Banco,ALFIN BANCO,PCR (Pacific Credit Rating),B+,7.0
2026 - MARZO,Seguros,AuguStar Seguros,Apoyo y Asociados Internacionales,A-,8.0
2026 - MARZO,Seguros,AuguStar Seguros,PCR (Pacific Credit Rating),A-,8.0
2026 - MARZO,Seguros,AVLA Perú,JCR Latino America,A,9.0
2026 - MARZO,Seguros,AVLA Perú,PCR (Pacific Credit Rating),A,9.0
2026 - MARZO,Banco,BANBIF,Moodys Local PE Clasificadora de Riesgo,A,9.0
2026 - MARZO,Banco,BANBIF,PCR (Pacific Credit Rating),A+,10.0
2026 - MARZO,Banco,BANCO BCI,Apoyo y Asociados Internacionales,A,9.0
2026 - MARZO,Banco,BANCO BCI,Moodys Local PE Clasificadora de Riesgo,A,9.0
2026 - MARZO,Banco,BANCO DE CREDITO,Apoyo y Asociados Internacionales,A+,10.0
2026 - MARZO,Banco,BANCO DE CREDITO,Moodys Local PE Clasificadora de Riesgo,A+,10.0
2026 - MARZO,Banco,BANCO DE CREDITO,PCR (Pacific Credit Rating),A+,10.0
2026 - MARZO,Banco,BANCO EFECTIVA,JCR Latino America,A,9.0
2026 - MARZO,Banco,BANCO EFECTIVA,Moodys Local PE Clasificadora de Riesgo,A-,8.0
2026 - MARZO,Banco,BANCO EFECTIVA,PCR (Pacific Credit Rating),A-,8.0
2026 - MARZO,Banco,BANCO FALABELLA,Apoyo y Asociados Internacionales,A,9.0
2026 - MARZO,Banco,BANCO FALABELLA,Moodys Local PE Clasificadora de Riesgo,A-,8.0
2026 - MARZO,Banco,BANCO GNB,Moodys Local PE Clasificadora de Riesgo,A,9.0
2026 - MARZO,Banco,BANCO GNB,PCR (Pacific Credit Rating),A,9.0
2026 - MARZO,Banco,BANCO PICHINCHA,Apoyo y Asociados Internacionales,A-,8.0
2026 - MARZO,Banco,BANCO PICHINCHA,Moodys Local PE Clasificadora de Riesgo,A-,8.0
2026 - MARZO,Banco,BANCO RIPLEY,Moodys Local PE Clasificadora de Riesgo,B+,7.0
2026 - MARZO,Banco,BANCO RIPLEY,PCR (Pacific Credit Rating),B+,7.0
2026 - MARZO,Banco,BANCOM,Moodys Local PE Clasificadora de Riesgo,B+,7.0
2026 - MARZO,Banco,BANCOM,PCR (Pacific Credit Rating),B+,7.0
2026 - MARZO,Banco,BANK OF CHINA (PERU),Apoyo y Asociados Internacionales,A+,10.0
2026 - MARZO,Banco,BANK OF CHINA (PERU),Moodys Local PE Clasificadora de Riesgo,A,9.0
2026 - MARZO,Banco,BANK OF CHINA (PERU),PCR (Pacific Credit Rating),A,9.0
2026 - MARZO,Banco,BBVA,Apoyo y Asociados Internacionales,A+,10.0
2026 - MARZO,Banco,BBVA,Moodys Local PE Clasificadora de Riesgo,A+,10.0
2026 - MARZO,Banco,BN. SANTANDER CONS.,Apoyo y Asociados Internacionales,A,9.0
2026 - MARZO,Banco,BN. SANTANDER CONS.,Moodys Local PE Clasificadora de Riesgo,A,9.0
2026 - MARZO,Seguros,BNP Paribas Cardif,Moodys Local PE Clasificadora de Riesgo,A,9.0
2026 - MARZO,Seguros,BNP Paribas Cardif,PCR (Pacific Credit Rating),A+,10.0
2026 - MARZO,Cooperativa de Ahorro y Crédito - Nivel 3,CENTRAL  SOLIDEZ,JCR Latino America,C-,2.0
2026 - MARZO,Cooperativa de Ahorro y Crédito - Nivel 3,CENTRAL CIDERURAL,JCR Latino America,C,3.0
2026 - MARZO,Seguros,Cesce,Moodys Local PE Clasificadora de Riesgo,A,9.0
2026 - MARZO,Seguros,Cesce,PCR (Pacific Credit Rating),A,9.0
2026 - MARZO,Seguros,Chubb Perú,Moodys Local PE Clasificadora de Riesgo,A,9.0
2026 - MARZO,Seguros,Chubb Perú,PCR (Pacific Credit Rating),A,9.0
2026 - MARZO,Banco,CITIBANK DEL PERU,Apoyo y Asociados Internacionales,A+,10.0
2026 - MARZO,Banco,CITIBANK DEL PERU,PCR (Pacific Credit Rating),A+,10.0
2026 - MARZO,Caja Municipal de Ahorro y Crédito,CMAC AREQUIPA,JCR Latino America,A-,8.0
2026 - MARZO,Caja Municipal de Ahorro y Crédito,CMAC AREQUIPA,PCR (Pacific Credit Rating),A-,8.0
2026 - MARZO,Caja Municipal de Ahorro y Crédito,CMAC CUSCO,Apoyo y Asociados Internacionales,A-,8.0
2026 - MARZO,Caja Municipal de Ahorro y Crédito,CMAC CUSCO,JCR Latino America,A-,8.0
2026 - MARZO,Caja Municipal de Ahorro y Crédito,CMAC CUSCO,PCR (Pacific Credit Rating),A-,8.0
2026 - MARZO,Caja Municipal de Ahorro y Crédito,CMAC DEL SANTA,Apoyo y Asociados Internacionales,C-,2.0
2026 - MARZO,Caja Municipal de Ahorro y Crédito,CMAC DEL SANTA,Microrate,D+,1.0
2026 - MARZO,Caja Municipal de Ahorro y Crédito,CMAC HUANCAYO,JCR Latino America,A-,8.0
2026 - MARZO,Caja Municipal de Ahorro y Crédito,CMAC HUANCAYO,Moodys Local PE Clasificadora de Riesgo,B+,7.0
2026 - MARZO,Caja Municipal de Ahorro y Crédito,CMAC HUANCAYO,PCR (Pacific Credit Rating),A-,8.0
2026 - MARZO,Caja Municipal de Ahorro y Crédito,CMAC ICA,JCR Latino America,B+,7.0
2026 - MARZO,Caja Municipal de Ahorro y Crédito,CMAC ICA,PCR (Pacific Credit Rating),B+,7.0
2026 - MARZO,Caja Municipal de Ahorro y Crédito,CMAC MAYNAS,Apoyo y Asociados Internacionales,B-,5.0
2026 - MARZO,Caja Municipal de Ahorro y Crédito,CMAC MAYNAS,Moodys Local PE Clasificadora de Riesgo,B-,5.0
2026 - MARZO,Caja Municipal de Ahorro y Crédito,CMAC PAITA,Apoyo y Asociados Internacionales,C,3.0
2026 - MARZO,Caja Municipal de Ahorro y Crédito,CMAC PAITA,Microrate,C,3.0
2026 - MARZO,Caja Municipal de Ahorro y Crédito,CMAC PIURA,Microrate,B,6.0
2026 - MARZO,Caja Municipal de Ahorro y Crédito,CMAC PIURA,Moodys Local PE Clasificadora de Riesgo,B,6.0
2026 - MARZO,Caja Municipal de Ahorro y Crédito,CMAC TACNA,JCR Latino America,C,3.0
2026 - MARZO,Caja Municipal de Ahorro y Crédito,CMAC TACNA,Moodys Local PE Clasificadora de Riesgo,C,3.0
2026 - MARZO,Caja Municipal de Ahorro y Crédito,CMAC TRUJILLO,Apoyo y Asociados Internacionales,B+,7.0
2026 - MARZO,Caja Municipal de Ahorro y Crédito,CMAC TRUJILLO,Moodys Local PE Clasificadora de Riesgo,B+,7.0
2026 - MARZO,Caja Municipal de Ahorro y Crédito,CMCP LIMA,JCR Latino America,C+,4.0
2026 - MARZO,Caja Municipal de Ahorro y Crédito,CMCP LIMA,Microrate,C+,4.0
2026 - MARZO,Banco,COFIDE,Apoyo y Asociados Internacionales,A,9.0
2026 - MARZO,Banco,COFIDE,Moodys Local PE Clasificadora de Riesgo,A,9.0
2026 - MARZO,Banco,COMPARTAMOS BANCO,Apoyo y Asociados Internacionales,A,9.0
2026 - MARZO,Banco,COMPARTAMOS BANCO,JCR Latino America,A,9.0
2026 - MARZO,Banco,COMPARTAMOS BANCO,Moodys Local PE Clasificadora de Riesgo,A-,8.0
2026 - MARZO,Caja Rural de Ahorro y Crédito,CRAC CENCOSUD SCOTIA,Apoyo y Asociados Internacionales,A-,8.0
2026 - MARZO,Caja Rural de Ahorro y Crédito,CRAC CENCOSUD SCOTIA,Moodys Local PE Clasificadora de Riesgo,A-,8.0
2026 - MARZO,Caja Rural de Ahorro y Crédito,CRAC DEL CENTRO,JCR Latino America,D+,1.0
2026 - MARZO,Caja Rural de Ahorro y Crédito,CRAC DEL CENTRO,PCR (Pacific Credit Rating),D,0.0
2026 - MARZO,Caja Rural de Ahorro y Crédito,CRAC INCASUR,Apoyo y Asociados Internacionales,C-,2.0
2026 - MARZO,Caja Rural de Ahorro y Crédito,CRAC INCASUR,Moodys Local PE Clasificadora de Riesgo,C-,2.0
2026 - MARZO,Caja Rural de Ahorro y Crédito,CRAC LOS ANDES,JCR Latino America,B-,5.0
2026 - MARZO,Caja Rural de Ahorro y Crédito,CRAC LOS ANDES,Microrate,C+,4.0
2026 - MARZO,Caja Rural de Ahorro y Crédito,CRAC PRYMERA,Apoyo y Asociados Internacionales,C,3.0
2026 - MARZO,Caja Rural de Ahorro y Crédito,CRAC PRYMERA,JCR Latino America,C,3.0
2026 - MARZO,Seguros,Crecer Seguros,Moodys Local PE Clasificadora de Riesgo,A-,8.0
2026 - MARZO,Seguros,Crecer Seguros,PCR (Pacific Credit Rating),A,9.0
2026 - MARZO,Cooperativa de Ahorro y Crédito - Nivel 2 B,EFIDE,JCR Latino America,B,6.0
2026 - MARZO,Empresa de Créditos,EMP.CRED.SANTANDER,Apoyo y Asociados Internacionales,A,9.0
2026 - MARZO,Empresa de Créditos,EMP.CRED.SANTANDER,Moodys Local PE Clasificadora de Riesgo,A-,8.0
2026 - MARZO,Empresa de Créditos,EMP.CRED.VIVELA,PCR (Pacific Credit Rating),B+,7.0
2026 - MARZO,Financiera,FINANC. PROEMPRESA,Apoyo y Asociados Internacionales,C,3.0
2026 - MARZO,Financiera,FINANC. PROEMPRESA,Moodys Local PE Clasificadora de Riesgo,C,3.0
2026 - MARZO,Financiera,FINANCIERA CONFIANZA,Apoyo y Asociados Internacionales,A-,8.0
2026 - MARZO,Financiera,FINANCIERA CONFIANZA,Moodys Local PE Clasificadora de Riesgo,A-,8.0
2026 - MARZO,Financiera,FINANCIERA QAPAQ,Apoyo y Asociados Internacionales,C+,4.0
2026 - MARZO,Financiera,FINANCIERA QAPAQ,Moodys Local PE Clasificadora de Riesgo,C,3.0
2026 - MARZO,Financiera,FINANCIERA QAPAQ,PCR (Pacific Credit Rating),C,3.0
2026 - MARZO,Financiera,FINANCIERA SURGIR,Apoyo y Asociados Internacionales,A-,8.0
2026 - MARZO,Financiera,FINANCIERA SURGIR,Moodys Local PE Clasificadora de Riesgo,A-,8.0
2026 - MARZO,Afianzadora y de Garantías,FOGAPI,PCR (Pacific Credit Rating),A,9.0
2026 - MARZO,Fondo,FONDO MIVIVIENDA,Apoyo y Asociados Internacionales,A,9.0
2026 - MARZO,Fondo,FONDO MIVIVIENDA,Moodys Local PE Clasificadora de Riesgo,A,9.0
2026 - MARZO,Banco,ICBC PERU BANK S.A.,Apoyo y Asociados Internacionales,A+,10.0
2026 - MARZO,Banco,ICBC PERU BANK S.A.,Moodys Local PE Clasificadora de Riesgo,A,9.0
2026 - MARZO,Banco,ICBC PERU BANK S.A.,PCR (Pacific Credit Rating),A,9.0
2026 - MARZO,Financiera,INFINANCE XP S.A.,Apoyo y Asociados Internacionales,A-,8.0
2026 - MARZO,Financiera,INFINANCE XP S.A.,Moodys Local PE Clasificadora de Riesgo,A-,8.0
2026 - MARZO,Seguros,Insur,Moodys Local PE Clasificadora de Riesgo,A,9.0
2026 - MARZO,Seguros,Insur,PCR (Pacific Credit Rating),A,9.0
2026 - MARZO,Banco,INTERBANK,Apoyo y Asociados Internacionales,A+,10.0
2026 - MARZO,Banco,INTERBANK,Moodys Local PE Clasificadora de Riesgo,A+,10.0
2026 - MARZO,Seguros,Interseguro,Moodys Local PE Clasificadora de Riesgo,A+,10.0
2026 - MARZO,Seguros,Interseguro,PCR (Pacific Credit Rating),A+,10.0
2026 - MARZO,Cooperativa de Ahorro y Crédito - Nivel 2 B,KORI,Microrate,C+,4.0
2026 - MARZO,Seguros,La Positiva,Apoyo y Asociados Internacionales,A,9.0
2026 - MARZO,Seguros,La Positiva,Moodys Local PE Clasificadora de Riesgo,A,9.0
2026 - MARZO,Seguros,La Positiva Vida,Apoyo y Asociados Internacionales,A,9.0
2026 - MARZO,Seguros,La Positiva Vida,Moodys Local PE Clasificadora de Riesgo,A,9.0
2026 - MARZO,Seguros,Liberty Seguros,Apoyo y Asociados Internacionales,A,9.0
2026 - MARZO,Seguros,Liberty Seguros,Moodys Local PE Clasificadora de Riesgo,A,9.0
2026 - MARZO,Cooperativa de Ahorro y Crédito - Nivel 3,LOS ANDES COTARUSI,JCR Latino America,B-,5.0
2026 - MARZO,Seguros,Mapfre Perú,Moodys Local PE Clasificadora de Riesgo,A+,10.0
2026 - MARZO,Seguros,Mapfre Perú,PCR (Pacific Credit Rating),A+,10.0
2026 - MARZO,Banco,MIBANCO,Apoyo y Asociados Internacionales,A,9.0
2026 - MARZO,Banco,MIBANCO,Moodys Local PE Clasificadora de Riesgo,A,9.0
2026 - MARZO,Financiera,MITSUI AUTO FINANCE,Apoyo y Asociados Internacionales,A,9.0
2026 - MARZO,Financiera,MITSUI AUTO FINANCE,Moodys Local PE Clasificadora de Riesgo,A-,8.0
2026 - MARZO,Banco,NACION,Apoyo y Asociados Internacionales,A,9.0
2026 - MARZO,Banco,NACION,Moodys Local PE Clasificadora de Riesgo,A,9.0
2026 - MARZO,Seguros,Pacífico Seguros,Apoyo y Asociados Internacionales,A+,10.0
2026 - MARZO,Seguros,Pacífico Seguros,Moodys Local PE Clasificadora de Riesgo,A+,10.0
2026 - MARZO,Seguros,Protecta,Moodys Local PE Clasificadora de Riesgo,A,9.0
2026 - MARZO,Seguros,Protecta,PCR (Pacific Credit Rating),A,9.0
2026 - MARZO,Seguros,Quálitas,Moodys Local PE Clasificadora de Riesgo,A-,8.0
2026 - MARZO,Seguros,Quálitas,PCR (Pacific Credit Rating),A-,8.0
2026 - MARZO,Seguros,Rímac Seguros,Apoyo y Asociados Internacionales,A+,10.0
2026 - MARZO,Seguros,Rímac Seguros,Moodys Local PE Clasificadora de Riesgo,A+,10.0
2026 - MARZO,Cooperativa de Ahorro y Crédito - Nivel 3,SAN CRISTOBAL HUAM,PCR (Pacific Credit Rating),C+,4.0
2026 - MARZO,Cooperativa de Ahorro y Crédito - Nivel 2 B,SAN ISIDRO,JCR Latino America,C+,4.0
2026 - MARZO,Cooperativa de Ahorro y Crédito - Nivel 3,SAN MARTIN DE PORRES,JCR Latino America,B,6.0
2026 - MARZO,Cooperativa de Ahorro y Crédito - Nivel 2 A,SAN MIGUEL LTDA,JCR Latino America,C,3.0
2026 - MARZO,Banco,SANTANDER PERU,Apoyo y Asociados Internacionales,A+,10.0
2026 - MARZO,Banco,SANTANDER PERU,Moodys Local PE Clasificadora de Riesgo,A+,10.0
2026 - MARZO,Banco,SCOTIABANK PERU,Apoyo y Asociados Internacionales,A+,10.0
2026 - MARZO,Banco,SCOTIABANK PERU,Moodys Local PE Clasificadora de Riesgo,A+,10.0
2026 - MARZO,Cooperativa de Ahorro y Crédito - Nivel 3,SN CRISTO DE BAGAZÁN,JCR Latino America,B,6.0
2026 - MARZO,Cooperativa de Ahorro y Crédito - Nivel 2 A,STA ISABEL PERUNORTE,Microrate,C,3.0
2026 - MARZO,Cooperativa de Ahorro y Crédito - Nivel 3,STA MA MAGDALENA,JCR Latino America,C+,4.0
2026 - MARZO,Empresa de Créditos,TOTAL SERVICIOS,PCR (Pacific Credit Rating),A-,8.0
2026 - MARZO,Seguros,Vivir Seguros,JCR Latino America,A-,8.0
2026 - MARZO,Seguros,Vivir Seguros,Moodys Local PE Clasificadora de Riesgo,A-,8.0
